version 1
nodes
0 "Root" -1
1 "Trans_Root" 0
2 "Skl_Root" 1
3 "Spine_1" 2
4 "Spine_2" 3
5 "Spine_3" 4
6 "Clavicle_L" 5
7 "Arm_1_L" 6
8 "Arm_1_L_Sub" 7
9 "Arm_2_L" 8
10 "Wrist_L" 9
11 "Hand_L" 10
12 "Clavicle_R" 5
13 "Arm_1_R" 12
14 "Arm_1_R_Sub" 13
15 "Arm_2_R" 14
16 "Wrist_R" 15
17 "Hand_R" 16
18 "Neck" 5
19 "Head" 18
20 "Ear_1_L" 19
21 "Ear_1_R" 19
22 "FaceRoot" 19
23 "Nose" 22
24 "Feel" 19
25 "Waist" 2
26 "Leg_1_L" 25
27 "Leg_1_L_Sub" 26
28 "Leg_2_L" 27
29 "Leg_2_L_Sub" 28
30 "Ankle_L" 29
31 "Toe_L" 30
32 "Leg_1_R" 25
33 "Leg_1_R_Sub" 32
34 "Leg_2_R" 33
35 "Leg_2_R_Sub" 34
36 "Ankle_R" 35
37 "Toe_R" 36
38 "TailRoot" 25
39 "Tail_1" 38
40 "Tail_2" 39
41 "Z_Tail" 40
end
skeleton
time 0
0 0 0 0 0 0 0
1 0 0 0 0 0 0
2 -0.1248781 4.612393 0 0 0 0
3 0 0 0 1.570796 0.01346426 1.568252
4 2.169108 0 0 0.0002670929 -0.01499326 -0.07827158
5 1.57372 0 0 -0.0008902015 -0.01338307 -0.06363054
6 0.908364 0 0.7 3.141135 -1.228216 -3.112252
7 0.989264 0 0.219672 -0.04760307 -0.09975237 1.155051
8 0.697546 0 0 0.05246391 0 0
9 0.87866 0 0 2.969263E-07 1.127091E-06 0.5151804
10 1.61306 0 0 0 0 0
11 0.6820556 0.003584498 -0.009836515 0 0 0
12 0.908364 0 -0.7 -3.141151 -1.215247 0.02859061
13 -0.988649 0 -0.21967 -0.1067633 -0.164804 1.19309
14 -0.69816 0 0 0.01582216 0 0
15 -0.878661 0 0 2.012787E-07 7.406355E-07 0.5306388
16 -1.613063 0 0 0 0 0
17 -0.6831227 -0.008066349 0.001687018 0 0 0
18 1.327899 0 0 0.0001535386 0.006483707 0.02910002
19 0.03170101 0 0 0.000646054 -0.0500749 0.02663244
20 5.399332 -0.580462 2.17593 0 0 0
21 5.399315 -0.5804622 -2.175933 0 0 3.141593
22 0 0 0 0 0 0
23 1.426178 3.512926 0 0 0 1.570796
24 3.057939 0.0778584 0 -1.570796 -1.570796 0
25 0 0 0 1.570796 -5.960464E-08 -1.570796
26 -0.063815 0 -1.133617 -0.001460736 0.0180641 0.1281686
27 0.856682 -0.00300495 0 -0.001270649 0.01761424 0.1492136
28 1.94 0 0 0 0 -0.3800361
29 0.182077 4.48999E-06 0 0 0 -0.3894463
30 0.565037 0 0 0.009624352 -0.03379291 0.4904381
31 0.17727 0.3363641 0 0 0 1.570796
32 -0.063815 0 1.133617 0.001460375 -0.01806542 -3.01343
33 -0.856682 0.00299782 0 0.001270539 -0.01761229 0.1492218
34 -1.94 0 0 0 0 -0.3799793
35 -0.182077 0 0 0 0 -0.3893841
36 -0.565037 0 0 -0.009622237 0.03379268 0.490338
37 -0.17727 -0.3363641 0 4.547474E-13 -8.697612E-06 1.570796
39 -0.831173 -1.731595 0 0 0 -1.574889
40 2.130095 0 0 0 0 0
time 1
0 0 0 0 0 0 0
1 0 0 0 0 0 0
2 -0.129996 4.686614 0 0 0 0
3 0 0 0 1.570796 0.01490776 1.568549
4 2.169108 0 0 0.0002670675 -0.01310723 -0.08687573
5 1.57372 0 0 -0.0008693573 -0.01166234 -0.07019687
6 0.908364 0 0.7 3.141135 -1.227398 -3.109335
7 0.989264 0 0.219672 -0.07168113 -0.135603 1.177224
8 0.697546 0 0 0.05420307 0 0
9 0.87866 0 0 2.969265E-07 1.127091E-06 0.4394957
10 1.61306 0 0 0 0 0
11 0.6796505 0.003476435 -0.009365029 0 0 0
12 0.908364 0 -0.7 -3.141151 -1.216064 0.03162884
13 -0.988649 0 -0.21967 -0.1316212 -0.1989439 1.2175
14 -0.69816 0 0 0.01860608 0 0
15 -0.878661 0 0 2.012784E-07 7.406351E-07 0.4610386
16 -1.613063 0 0 0 0 0
17 -0.6805687 -0.007721392 0.0020192 0 0 0
18 1.327899 0 0 0.0001534454 0.005663946 0.03206924
19 0.03170101 0 0 0.0006460627 -0.04373191 0.01368599
20 5.399332 -0.580462 2.17593 0 0 0
21 5.399315 -0.5804622 -2.175933 0 0 3.141593
22 0 0 0 0 0 0
23 1.426178 3.512926 0 0 0 1.570796
24 3.057939 0.0778584 0 -1.570796 -1.570796 0
25 0 0 0 1.570796 -5.960464E-08 -1.570796
26 -0.063815 0 -1.133617 -0.001996584 0.01788016 0.1060093
27 0.856682 -0.00300495 0 -0.001855622 0.01749406 0.1232771
28 1.94 0 0 0 0 -0.3112429
29 0.182077 4.48999E-06 0 0 0 -0.3208895
30 0.565037 0 0 0.009609685 -0.03373341 0.4013756
31 0.17727 0.3363641 0 0 0 1.570796
32 -0.063815 0 1.133617 0.001996189 -0.01788221 -3.035583
33 -0.856682 0.00299782 0 0.001855274 -0.01749188 0.1232793
34 -1.94 0 0 0 0 -0.3111868
35 -0.182077 0 0 0 0 -0.3208298
36 -0.565037 0 0 -0.009607573 0.03373311 0.4012764
37 -0.17727 -0.3363641 0 4.547474E-13 -8.697612E-06 1.570796
39 -0.831173 -1.731595 0 0 0 -1.597009
40 2.130095 0 0 0 0 0
time 2
0 0 0 0 0 0 0
1 0 0 0 0 0 0
2 -0.1273569 4.74029 0 0 0 0
3 0 0 0 1.570796 0.01605684 1.56886
4 2.169108 0 0 0.0002671056 -0.01082735 -0.09389799
5 1.57372 0 0 -0.000849912 -0.009605061 -0.07553153
6 0.908364 0 0.7 3.141135 -1.226449 -3.107031
7 0.989264 0 0.219672 -0.09266414 -0.1644829 1.200939
8 0.697546 0 0 0.05447514 0 0
9 0.87866 0 0 2.96925E-07 1.127088E-06 0.3681893
10 1.61306 0 0 0 0 0
11 0.6776541 0.003377858 -0.008796106 0 0 0
12 0.908364 0 -0.7 -3.141152 -1.217013 0.03406692
13 -0.988649 0 -0.21967 -0.1504079 -0.2206945 1.239523
14 -0.69816 0 0 0.02174919 0 0
15 -0.878661 0 0 2.012778E-07 7.406337E-07 0.3970604
16 -1.613063 0 0 0 0 0
17 -0.6783897 -0.007334974 0.002488664 0 0 0
18 1.327899 0 0 0.000153394 0.004714677 0.03443304
19 0.03170101 0 0 0.0006457089 -0.03615484 0.003217157
20 5.399332 -0.580462 2.17593 0 0 0
21 5.399315 -0.5804622 -2.175933 0 0 3.141593
22 0 0 0 0 0 0
23 1.426178 3.512926 0 0 0 1.570796
24 3.057939 0.0778584 0 -1.570796 -1.570796 0
25 0 0 0 1.570796 -5.960464E-08 -1.570796
26 -0.063815 0 -1.133617 -0.002311933 0.01689847 0.08592319
27 0.856682 -0.00300495 0 -0.002219857 0.01657871 0.09977826
28 1.94 0 0 0 0 -0.2488006
29 0.182077 4.48999E-06 0 0 0 -0.2586586
30 0.565037 0 0 0.009184424 -0.03220101 0.3223198
31 0.17727 0.3363641 0 0 0 1.570796
32 -0.063815 0 1.133617 0.002311551 -0.01690081 -3.055667
33 -0.856682 0.00299782 0 0.002219401 -0.01657756 0.09978325
34 -1.94 0 0 0 0 -0.2487448
35 -0.182077 0 0 0 0 -0.2586023
36 -0.565037 0 0 -0.00918242 0.03220084 0.3222234
37 -0.17727 -0.3363641 0 4.547474E-13 -8.697612E-06 1.570796
39 -0.831173 -1.731595 0 0 0 -1.633876
40 2.130095 0 0 0 0 0
time 3
0 0 0 0 0 0 0
1 0 0 0 0 0 0
2 -0.1183188 4.776104 0 0 0 0
3 0 0 0 1.570796 0.01692605 1.569179
4 2.169108 0 0 0.0002671242 -0.008238994 -0.09938746
5 1.57372 0 0 -0.0008318388 -0.007284762 -0.07967546
6 0.908364 0 0.7 3.141135 -1.2254 -3.105309
7 0.989264 0 0.219672 -0.1102884 -0.184093 1.224065
8 0.697546 0 0 0.05346783 0 0
9 0.87866 0 0 2.969266E-07 1.127091E-06 0.3061414
10 1.61306 0 0 0 0 0
11 0.6760692 0.003312217 -0.008149624 0 0 0
12 0.908364 0 -0.7 -3.141152 -1.218062 0.03593283
13 -0.988649 0 -0.21967 -0.1611073 -0.2324372 1.25764
14 -0.69816 0 0 0.02515494 0 0
15 -0.878661 0 0 2.012787E-07 7.406355E-07 0.344329
16 -1.613063 0 0 0 0 0
17 -0.6765941 -0.006919236 0.003070347 0 0 0
18 1.327899 0 0 0.0001535407 0.003668604 0.03625039
19 0.03170101 0 0 0.0006454486 -0.02774122 -0.004854553
20 5.399332 -0.580462 2.17593 0 0 0
21 5.399315 -0.5804622 -2.175933 0 0 3.141593
22 0 0 0 0 0 0
23 1.426178 3.512926 0 0 0 1.570796
24 3.057939 0.0778584 0 -1.570796 -1.570796 0
25 0 0 0 1.570796 -5.960464E-08 -1.570796
26 -0.063815 0 -1.133617 -0.002434031 0.01522907 0.06899165
27 0.856682 -0.00300495 0 -0.002390355 0.01497806 0.07998789
28 1.94 0 0 0 0 -0.1976709
29 0.182077 4.48999E-06 0 0 0 -0.2077007
30 0.565037 0 0 0.008403549 -0.02938485 0.2586696
31 0.17727 0.3363641 0 0 0 1.570796
32 -0.063815 0 1.133617 0.002433615 -0.01523084 -3.072601
33 -0.856682 0.00299782 0 0.002389823 -0.01497725 0.07999106
34 -1.94 0 0 0 0 -0.1976129
35 -0.182077 0 0 0 0 -0.2076444
36 -0.565037 0 0 -0.008401695 0.02938451 0.2585727
37 -0.17727 -0.3363641 0 4.547474E-13 -8.697612E-06 1.570796
39 -0.831173 -1.731595 0 0 0 -1.660461
40 2.130095 0 0 0 0 0
time 4
0 0 0 0 0 0 0
1 0 0 0 0 0 0
2 -0.1039052 4.797502 0 0 0 0
3 0 0 0 1.570796 0.01753047 1.569503
4 2.169108 0 0 0.0002671246 -0.005429174 -0.1034014
5 1.57372 0 0 -0.0008151421 -0.004776164 -0.0826687
6 0.908364 0 0.7 3.141135 -1.22428 -3.104136
7 0.989264 0 0.219672 -0.12429 -0.1973205 1.244469
8 0.697546 0 0 0.05141259 0 0
9 0.87866 0 0 2.969236E-07 1.127084E-06 0.2582238
10 1.61306 0 0 0 0 0
11 0.6748983 0.003302961 -0.007445458 0 0 0
12 0.908364 0 -0.7 -3.141151 -1.219181 0.03725542
13 -0.988649 0 -0.21967 -0.1659334 -0.2365868 1.270335
14 -0.69816 0 0 0.02879643 0 0
15 -0.878661 0 0 2.012785E-07 7.406351E-07 0.3073797
16 -1.613063 0 0 0 0 0
17 -0.6751899 -0.006486321 0.003739188 0 0 0
18 1.327899 0 0 0.0001535215 0.002548962 0.0374957
19 0.03170101 0 0 0.0006460712 -0.01884718 -0.01064118
20 5.399332 -0.580462 2.17593 0 0 0
21 5.399315 -0.5804622 -2.175933 0 0 3.141593
22 0 0 0 0 0 0
23 1.426178 3.512926 0 0 0 1.570796
24 3.057939 0.0778584 0 -1.570796 -1.570796 0
25 0 0 0 1.570796 -5.960464E-08 -1.570796
26 -0.063815 0 -1.133617 -0.002390051 0.01298109 0.05629252
27 0.856682 -0.00300495 0 -0.002393865 0.01279927 0.06516027
28 1.94 0 0 0 0 -0.161055
29 0.182077 4.48999E-06 0 0 0 -0.1712114
30 0.565037 0 0 0.007322036 -0.02547393 0.2116224
31 0.17727 0.3363641 0 0 0 1.570796
32 -0.063815 0 1.133617 0.002389539 -0.01298192 -3.085303
33 -0.856682 0.00299782 0 0.002393369 -0.0127992 0.06516397
34 -1.94 0 0 0 0 -0.1610001
35 -0.182077 0 0 0 0 -0.1711598
36 -0.565037 0 0 -0.007320475 0.02547392 0.2115288
37 -0.17727 -0.3363641 0 4.547474E-13 -8.697612E-06 1.570796
39 -0.831173 -1.731595 0 0 0 -1.678772
40 2.130095 0 0 0 0 0
time 5
0 0 0 0 0 0 0
1 0 0 0 0 0 0
2 -0.08513954 4.807925 0 0 0 0
3 0 0 0 1.570796 0.01788437 1.569826
4 2.169108 0 0 0.0002671061 -0.00248489 -0.1059955
5 1.57372 0 0 -0.0007998616 -0.00215553 -0.08456392
6 0.908364 0 0.7 3.141135 -1.223121 -3.103482
7 0.989264 0 0.219672 -0.1344055 -0.205868 1.259167
8 0.697546 0 0 0.04848139 0 0
9 0.87866 0 0 2.969234E-07 1.127083E-06 0.2293173
10 1.61306 0 0 0 0 0
11 0.6741443 0.003373538 -0.006703487 0 0 0
12 0.908364 0 -0.7 -3.141152 -1.220341 0.03806363
13 -0.988649 0 -0.21967 -0.1658664 -0.2355585 1.276091
14 -0.69816 0 0 0.03253616 0 0
15 -0.878661 0 0 2.012786E-07 7.406355E-07 0.2848202
16 -1.613063 0 0 0 0 0
17 -0.6741854 -0.006048372 0.004470128 0 0 0
18 1.327899 0 0 0.0001535625 0.001389698 0.03823595
19 0.03170101 0 0 0.0006460187 -0.009771448 -0.01422034
20 5.399332 -0.580462 2.17593 0 0 0
21 5.399315 -0.5804622 -2.175933 0 0 3.141593
22 0 0 0 0 0 0
23 1.426178 3.512926 0 0 0 1.570796
24 3.057939 0.0778584 0 -1.570796 -1.570796 0
25 0 0 0 1.570796 -5.960464E-08 -1.570796
26 -0.063815 0 -1.133617 -0.002206536 0.01026077 0.04889153
27 0.856682 -0.00300495 0 -0.002257605 0.01015321 0.05656878
28 1.94 0 0 0 0 -0.1398185
29 0.182077 4.48999E-06 0 0 0 -0.1500496
30 0.565037 0 0 0.005995 -0.0206581 0.1835557
31 0.17727 0.3363641 0 0 0 1.570796
32 -0.063815 0 1.133617 0.002206477 -0.01026365 -3.092694
33 -0.856682 0.00299782 0 0.00225691 -0.01015227 0.05656476
34 -1.94 0 0 0 0 -0.139769
35 -0.182077 0 0 0 0 -0.1500035
36 -0.565037 0 0 -0.00599368 0.02065791 0.1834609
37 -0.17727 -0.3363641 0 4.547474E-13 -8.697612E-06 1.570796
39 -0.831173 -1.731595 0 0 0 -1.690282
40 2.130095 0 0 0 0 0
time 6
0 0 0 0 0 0 0
1 0 0 0 0 0 0
2 -0.06304535 4.810818 0 0 0 0
3 0 0 0 1.570796 0.01800241 1.570143
4 2.169108 0 0 0.0002671138 0.0005066869 -0.1072376
5 1.57372 0 0 -0.0007862383 0.0005014584 -0.08543269
6 0.908364 0 0.7 3.141135 -1.221951 -3.103315
7 0.989264 0 0.219672 -0.1416349 -0.2114381 1.267047
8 0.697546 0 0 0.04491751 0 0
9 0.87866 0 0 2.969229E-07 1.127082E-06 0.2224902
10 1.61306 0 0 0 0 0
11 0.6738098 0.003547398 -0.005943586 0 0 0
12 0.908364 0 -0.7 -3.141152 -1.221511 0.03838562
13 -0.988649 0 -0.21967 -0.161886 -0.2317672 1.275304
14 -0.69816 0 0 0.03631103 0 0
15 -0.878661 0 0 2.012771E-07 7.406317E-07 0.2752135
16 -1.613063 0 0 0 0 0
17 -0.6735889 -0.00561753 0.005238102 0 0 0
18 1.327899 0 0 0.0001535465 0.0002196994 0.03847798
19 0.03170101 0 0 0.0006448361 -0.0008886625 -0.015663
20 5.399332 -0.580462 2.17593 0 0 0
21 5.399315 -0.5804622 -2.175933 0 0 3.141593
22 0 0 0 0 0 0
23 1.426178 3.512926 0 0 0 1.570796
24 3.057939 0.0778584 0 -1.570796 -1.570796 0
25 0 0 0 1.570796 -5.960464E-08 -1.570796
26 -0.063815 0 -1.133617 -0.001911608 0.00718344 0.04624525
27 0.856682 -0.00300495 0 -0.002008416 0.00714792 0.05335992
28 1.94 0 0 0 0 -0.1334712
29 0.182077 4.48999E-06 0 0 0 -0.1437217
30 0.565037 0 0 0.004477226 -0.01512547 0.1762152
31 0.17727 0.3363641 0 0 0 1.570796
32 -0.063815 0 1.133617 0.001911588 -0.007185645 -3.095339
33 -0.856682 0.00299782 0 0.002008257 -0.007149455 0.05336865
34 -1.94 0 0 0 0 -0.1334194
35 -0.182077 0 0 0 0 -0.1436736
36 -0.565037 0 0 -0.004476296 0.01512555 0.1761231
37 -0.17727 -0.3363641 0 4.547474E-13 -8.697612E-06 1.570796
39 -0.831173 -1.731595 0 0 0 -1.696468
40 2.130095 0 0 0 0 0
time 7
0 0 0 0 0 0 0
1 0 0 0 0 0 0
2 -0.03864613 4.809625 0 0 0 0
3 0 0 0 1.570796 0.01789972 1.570449
4 2.169108 0 0 0.0002671182 0.003459013 -0.1071805
5 1.57372 0 0 -0.0007741146 0.003120173 -0.08530007
6 0.908364 0 0.7 3.141135 -1.2208 -3.103602
7 0.989264 0 0.219672 -0.1469448 -0.2157335 1.26878
8 0.697546 0 0 0.04089991 0 0
9 0.87866 0 0 2.969259E-07 1.127089E-06 0.230994
10 1.61306 0 0 0 0 0
11 0.6738974 0.003847989 -0.005185632 0 0 0
12 0.908364 0 -0.7 -3.141152 -1.222661 0.03824988
13 -0.988649 0 -0.21967 -0.1549723 -0.2271247 1.269356
14 -0.69816 0 0 0.04003378 0 0
15 -0.878661 0 0 2.012783E-07 7.406346E-07 0.2771283
16 -1.613063 0 0 0 0 0
17 -0.6734085 -0.005205938 0.006018052 0 0 0
18 1.327899 0 0 0.0001535745 -0.0009304272 0.03827463
19 0.03170101 0 0 0.0006459805 0.007447117 -0.01548195
20 5.399332 -0.580462 2.17593 0 0 0
21 5.399315 -0.5804622 -2.175933 0 0 3.141593
22 0 0 0 0 0 0
23 1.426178 3.512926 0 0 0 1.570796
24 3.057939 0.0778584 0 -1.570796 -1.570796 0
25 0 0 0 1.570796 -5.960464E-08 -1.570796
26 -0.063815 0 -1.133617 -0.001532385 0.003857214 0.04710593
27 0.856682 -0.00300495 0 -0.001673688 0.003893343 0.05408245
28 1.94 0 0 0 0 -0.1362524
29 0.182077 4.48999E-06 0 0 0 -0.1464927
30 0.565037 0 0 0.002823852 -0.009065862 0.180884
31 0.17727 0.3363641 0 0 0 1.570796
32 -0.063815 0 1.133617 0.001532026 -0.003857522 -3.094489
33 -0.856682 0.00299782 0 0.001673363 -0.003894231 0.0540824
34 -1.94 0 0 0 0 -0.1361946
35 -0.182077 0 0 0 0 -0.1464389
36 -0.565037 0 0 -0.002823224 0.009065702 0.1807876
37 -0.17727 -0.3363641 0 4.547474E-13 -8.697612E-06 1.570796
39 -0.831173 -1.731595 0 0 0 -1.698802
40 2.130095 0 0 0 0 0
time 8
0 0 0 0 0 0 0
1 0 0 0 0 0 0
2 -0.01296537 4.805609 0 0 0 0
3 0 0 0 1.570796 0.01759045 1.570738
4 2.169108 0 0 0.0002671192 0.006285156 -0.1058799
5 1.57372 0 0 -0.0007635056 0.005624587 -0.08421528
6 0.908364 0 0.7 3.141135 -1.2197 -3.104313
7 0.989264 0 0.219672 -0.1500213 -0.2197648 1.265036
8 0.697546 0 0 0.03663137 0 0
9 0.87866 0 0 2.96926E-07 1.127089E-06 0.2495766
10 1.61306 0 0 0 0 0
11 0.6744099 0.004298761 -0.004449502 0 0 0
12 0.908364 0 -0.7 -3.141152 -1.22376 0.03768552
13 -0.988649 0 -0.21967 -0.1461056 -0.2207798 1.258799
14 -0.69816 0 0 0.04361944 0 0
15 -0.878661 0 0 2.012769E-07 7.406314E-07 0.2891244
16 -1.613063 0 0 0 0 0
17 -0.6736526 -0.004825736 0.006784916 0 0 0
18 1.327899 0 0 0.0001535264 -0.002029752 0.03762222
19 0.03170101 0 0 0.0006459112 0.01576388 -0.01409602
20 5.399332 -0.580462 2.17593 0 0 0
21 5.399315 -0.5804622 -2.175933 0 0 3.141593
22 0 0 0 0 0 0
23 1.426178 3.512926 0 0 0 1.570796
24 3.057939 0.0778584 0 -1.570796 -1.570796 0
25 0 0 0 1.570796 -5.960464E-08 -1.570796
26 -0.063815 0 -1.133617 -0.001095044 0.0003887765 0.0515012
27 0.856682 -0.00300495 0 -0.001279256 0.0004954053 0.05893256
28 1.94 0 0 0 0 -0.1462351
29 0.182077 4.48999E-06 0 0 0 -0.1564424
30 0.565037 0 0 0.001089847 -0.002668374 0.193239
31 0.17727 0.3363641 0 0 0 1.570796
32 -0.063815 0 1.133617 0.001094948 -0.0003888849 -3.090084
33 -0.856682 0.00299782 0 0.00127926 -0.000496868 0.05894062
34 -1.94 0 0 0 0 -0.146178
35 -0.182077 0 0 0 0 -0.156389
36 -0.565037 0 0 -0.001089618 0.002668348 0.1931438
37 -0.17727 -0.3363641 0 4.547474E-13 -8.697612E-06 1.570796
39 -0.831173 -1.731595 0 0 0 -1.698762
40 2.130095 0 0 0 0 0
time 9
0 0 0 0 0 0 0
1 0 0 0 0 0 0
2 0.01297342 4.795151 0 0 0 0
3 0 0 0 1.570796 0.01708966 1.571006
4 2.169108 0 0 0.0002671205 0.008898409 -0.1033969
5 1.57372 0 0 -0.0007546252 0.007940102 -0.08224238
6 0.908364 0 0.7 3.141135 -1.218681 -3.105416
7 0.989264 0 0.219672 -0.1505503 -0.2217858 1.256486
8 0.697546 0 0 0.0323377 0 0
9 0.87866 0 0 2.969267E-07 1.127091E-06 0.2803788
10 1.61306 0 0 0 0 0
11 0.6753501 0.004923162 -0.003755073 0 0 0
12 0.908364 0 -0.7 -3.141151 -1.22478 0.03672015
13 -0.988649 0 -0.21967 -0.1350912 -0.2110076 1.244178
14 -0.69816 0 0 0.0469777 0 0
15 -0.878661 0 0 2.012787E-07 7.406355E-07 0.3126304
16 -1.613063 0 0 0 0 0
17 -0.6743293 -0.00448907 0.007513632 0 0 0
18 1.327899 0 0 0.0001535312 -0.003049311 0.0365885
19 0.03170101 0 0 0.0006457184 0.0242473 -0.01106614
20 5.399332 -0.580462 2.17593 0 0 0
21 5.399315 -0.5804622 -2.175933 0 0 3.141593
22 0 0 0 0 0 0
23 1.426178 3.512926 0 0 0 1.570796
24 3.057939 0.0778584 0 -1.570796 -1.570796 0
25 0 0 0 1.570796 -5.960464E-08 -1.570796
26 -0.063815 0 -1.133617 -0.0006277448 -0.003110426 0.05952902
27 0.856682 -0.00300495 0 -0.0008532762 -0.002934932 0.06819079
28 1.94 0 0 0 0 -0.1674218
29 0.182077 4.48999E-06 0 0 0 -0.1775551
30 0.565037 0 0 -0.0006698321 0.003878035 0.2198269
31 0.17727 0.3363641 0 0 0 1.570796
32 -0.063815 0 1.133617 0.0006275109 0.003110643 -3.082067
33 -0.856682 0.00299782 0 0.0008533225 0.002933236 0.06819436
34 -1.94 0 0 0 0 -0.1673648
35 -0.182077 0 0 0 0 -0.1775026
36 -0.565037 0 0 0.000669671 -0.003878004 0.2197313
37 -0.17727 -0.3363641 0 4.547474E-13 -8.697612E-06 1.570796
39 -0.831173 -1.731595 0 0 0 -1.696685
40 2.130095 0 0 0 0 0
time 10
0 0 0 0 0 0 0
1 0 0 0 0 0 0
2 0.03835839 4.774375 0 0 0 0
3 0 0 0 1.570796 0.01641201 1.571248
4 2.169108 0 0 0.0002671233 0.01121152 -0.09978461
5 1.57372 0 0 -0.0007474074 0.009990967 -0.07942234
6 0.908364 0 0.7 3.141135 -1.217771 -3.106878
7 0.989264 0 0.219672 -0.1477279 -0.2193637 1.243802
8 0.697546 0 0 0.02822779 0 0
9 0.87866 0 0 2.969246E-07 1.127087E-06 0.3246087
10 1.61306 0 0 0 0 0
11 0.6767205 0.00574464 -0.003122221 0 0 0
12 0.908364 0 -0.7 -3.141151 -1.22569 0.03538334
13 -0.988649 0 -0.21967 -0.1206399 -0.1960832 1.226045
14 -0.69816 0 0 0.05004478 0 0
15 -0.878661 0 0 2.012777E-07 7.406332E-07 0.3489281
16 -1.613063 0 0 0 0 0
17 -0.6754467 -0.004208079 0.008179139 0 0 0
18 1.327899 0 0 0.000153557 -0.003959648 0.03519757
19 0.03170101 0 0 0.0006460206 0.03241089 -0.005937595
20 5.399332 -0.580462 2.17593 0 0 0
21 5.399315 -0.5804622 -2.175933 0 0 3.141593
22 0 0 0 0 0 0
23 1.426178 3.512926 0 0 0 1.570796
24 3.057939 0.0778584 0 -1.570796 -1.570796 0
25 0 0 0 1.570796 -5.960464E-08 -1.570796
26 -0.063815 0 -1.133617 -0.0001570306 -0.006530943 0.07121823
27 0.856682 -0.00300495 0 -0.0004220011 -0.006289488 0.08206082
28 1.94 0 0 0 0 -0.2022523
29 0.182077 4.48999E-06 0 0 0 -0.2122667
30 0.565037 0 0 -0.002400196 0.01038424 0.2636122
31 0.17727 0.3363641 0 0 0 1.570796
32 -0.063815 0 1.133617 0.0001568703 0.006531465 -3.070378
33 -0.856682 0.00299782 0 0.0004222392 0.006287918 0.08206967
34 -1.94 0 0 0 0 -0.2021944
35 -0.182077 0 0 0 0 -0.2122126
36 -0.565037 0 0 0.00239965 -0.01038417 0.263516
37 -0.17727 -0.3363641 0 4.547474E-13 -8.697612E-06 1.570796
39 -0.831173 -1.731595 0 0 0 -1.690645
40 2.130095 0 0 0 0 0
time 11
0 0 0 0 0 0 0
1 0 0 0 0 0 0
2 0.06242613 4.739407 0 0 0 0
3 0 0 0 1.570796 0.01557213 1.571458
4 2.169108 0 0 0.0002671264 0.013138 -0.093877
5 1.57372 0 0 -0.0007420154 0.01170272 -0.07502894
6 0.908364 0 0.7 3.141135 -1.217001 -3.108669
7 0.989264 0 0.219672 -0.1399107 -0.2100661 1.227656
8 0.697546 0 0 0.02448248 0 0
9 0.87866 0 0 2.969264E-07 1.127091E-06 0.3823737
10 1.61306 0 0 0 0 0
11 0.6785239 0.006526155 -0.002570824 0 0 0
12 0.908364 0 -0.7 -3.141152 -1.226459 0.03370331
13 -0.988649 0 -0.21967 -0.1020899 -0.1742813 1.204947
14 -0.69816 0 0 0.0518651 0 0
15 -0.878661 0 0 2.012785E-07 7.40635E-07 0.3967284
16 -1.613063 0 0 0 0 0
17 -0.6770134 -0.003994906 0.008756377 0 0 0
18 1.327899 0 0 0.0001535581 -0.004728835 0.03346109
19 0.03170101 0 0 0.0006459152 0.03969064 0.001772338
20 5.399332 -0.580462 2.17593 0 0 0
21 5.399315 -0.5804622 -2.175933 0 0 3.141593
22 0 0 0 0 0 0
23 1.426178 3.512926 0 0 0 1.570796
24 3.057939 0.0778584 0 -1.570796 -1.570796 0
25 0 0 0 1.570796 -5.960464E-08 -1.570796
26 -0.063815 0 -1.133617 0.0002897112 -0.009763585 0.08664218
27 0.856682 -0.00300495 0 -1.25749E-05 -0.009459633 0.1007875
28 1.94 0 0 0 0 -0.251211
29 0.182077 4.48999E-06 0 0 0 -0.261061
30 0.565037 0 0 -0.004046232 0.01666096 0.3256553
31 0.17727 0.3363641 0 0 0 1.570796
32 -0.063815 0 1.133617 -0.0002898154 0.009763962 -3.054958
33 -0.856682 0.00299782 0 1.292006E-05 0.009457528 0.1007924
34 -1.94 0 0 0 0 -0.251153
35 -0.182077 0 0 0 0 -0.2610023
36 -0.565037 0 0 0.004045328 -0.01666089 0.3255589
37 -0.17727 -0.3363641 0 4.547474E-13 -8.697612E-06 1.570796
39 -0.831173 -1.731595 0 0 0 -1.679154
40 2.130095 0 0 0 0 0
time 12
0 0 0 0 0 0 0
1 0 0 0 0 0 0
2 0.08423349 4.686368 0 0 0 0
3 0 0 0 1.570796 0.01458455 1.571632
4 2.169108 0 0 0.0002671285 0.01459097 -0.08599152
5 1.57372 0 0 -0.0007382525 0.01299794 -0.06925393
6 0.908364 0 0.7 3.141135 -1.216403 -3.110757
7 0.989264 0 0.219672 -0.1255258 -0.1914603 1.208716
8 0.697546 0 0 0.0211602 0 0
9 0.87866 0 0 2.969264E-07 1.12709E-06 0.4505128
10 1.61306 0 0 0 0 0
11 0.6807631 0.007036156 -0.002120757 0 0 0
12 0.908364 0 -0.7 -3.141152 -1.227058 0.03170879
13 -0.988649 0 -0.21967 -0.07877965 -0.1438769 1.180867
14 -0.69816 0 0 0.05211277 0 0
15 -0.878661 0 0 2.012787E-07 7.406355E-07 0.4547348
16 -1.613063 0 0 0 0 0
17 -0.6790375 -0.003861694 0.009220283 0 0 0
18 1.327899 0 0 0.0001535147 -0.005324131 0.03139842
19 0.03170101 0 0 0.000645889 0.04559235 0.01252331
20 5.399332 -0.580462 2.17593 0 0 0
21 5.399315 -0.5804622 -2.175933 0 0 3.141593
22 0 0 0 0 0 0
23 1.426178 3.512926 0 0 0 1.570796
24 3.057939 0.0778584 0 -1.570796 -1.570796 0
25 0 0 0 1.570796 -5.960464E-08 -1.570796
26 -0.063815 0 -1.133617 0.0006853557 -0.01269772 0.1058499
27 0.856682 -0.00300495 0 0.0003480764 -0.0123364 0.1239492
28 1.94 0 0 0 0 -0.3112699
29 0.182077 4.48999E-06 0 0 0 -0.3209163
30 0.565037 0 0 -0.00555297 0.02251913 0.4023761
31 0.17727 0.3363641 0 0 0 1.570796
32 -0.063815 0 1.133617 -0.0006853942 0.01269852 -3.035751
33 -0.856682 0.00299782 0 -0.000347601 0.0123342 0.1239552
34 -1.94 0 0 0 0 -0.311213
35 -0.182077 0 0 0 0 -0.3208566
36 -0.565037 0 0 0.005551731 -0.022519 0.4022777
37 -0.17727 -0.3363641 0 4.547474E-13 -8.697612E-06 1.570796
39 -0.831173 -1.731595 0 0 0 -1.660727
40 2.130095 0 0 0 0 0
time 13
0 0 0 0 0 0 0
1 0 0 0 0 0 0
2 0.1028373 4.612393 0 0 0 0
3 0 0 0 1.570796 0.0134642 1.571764
4 2.169108 0 0 0.0002671109 0.01548445 -0.07827553
5 1.57372 0 0 -0.0007364007 0.01380346 -0.06363621
6 0.908364 0 0.7 3.141135 -1.216004 -3.11311
7 0.989264 0 0.219672 -0.1032175 -0.1606602 1.189638
8 0.697546 0 0 0.0185419 0 0
9 0.87866 0 0 2.969262E-07 1.12709E-06 0.5265244
10 1.61306 0 0 0 0 0
11 0.6830334 0.007306334 -0.001791897 0 0 0
12 0.908364 0 -0.7 -3.141151 -1.227456 0.0294276
13 -0.988649 0 -0.21967 -0.05009774 -0.1027367 1.159641
14 -0.69816 0 0 0.05172238 0 0
15 -0.878661 0 0 2.012785E-07 7.406352E-07 0.5214381
16 -1.613063 0 0 0 0 0
17 -0.6811363 -0.003750537 0.009545797 0 0 0
18 1.327899 0 0 0.0001535547 -0.005726125 0.02910233
19 0.03170101 0 0 0.000646146 0.04960066 0.02613231
20 5.399332 -0.580462 2.17593 0 0 0
21 5.399315 -0.5804622 -2.175933 0 0 3.141593
22 0 0 0 0 0 0
23 1.426178 3.512926 0 0 0 1.570796
24 3.057939 0.0778584 0 -1.570796 -1.570796 0
25 0 0 0 1.570796 -5.960464E-08 -1.570796
26 -0.063815 0 -1.133617 0.001002714 -0.01522438 0.1282471
27 0.856682 -0.00300495 0 0.0006329956 -0.0148108 0.1501363
28 1.94 0 0 0 0 -0.3804581
29 0.182077 4.48999E-06 0 0 0 -0.3898687
30 0.565037 0 0 -0.00686541 0.02776967 0.4914401
31 0.17727 0.3363641 0 0 0 1.570796
32 -0.063815 0 1.133617 -0.001002705 0.01522553 -3.013354
33 -0.856682 0.00299782 0 -0.0006324148 0.01480872 0.1501444
34 -1.94 0 0 0 0 -0.3804115
35 -0.182077 0 0 0 0 -0.3898158
36 -0.565037 0 0 0.006863879 -0.02776942 0.4913392
37 -0.17727 -0.3363641 0 4.547474E-13 -8.697612E-06 1.570796
39 -0.831173 -1.731595 0 0 0 -1.633876
40 2.130095 0 0 0 0 0
time 14
0 0 0 0 0 0 0
1 0 0 0 0 0 0
2 0.1172945 4.567675 0 0 0 0
3 0 0 0 1.570796 0.01275192 1.571849
4 2.169108 0 0 0.0002671361 0.01572897 -0.07474717
5 1.57372 0 0 -0.0007363775 0.01404284 -0.0614166
6 0.908364 0 0.7 3.141135 -1.215837 -3.114259
7 0.989264 0 0.219672 -0.09093504 -0.1428842 1.181866
8 0.697546 0 0 0.01691461 0 0
9 0.87866 0 0 2.969265E-07 1.127091E-06 0.561011
10 1.61306 0 0 0 0 0
11 0.6842909 0.007368377 -0.001604122 0 0 0
12 0.908364 0 -0.7 -3.141152 -1.227624 0.02829432
13 -0.988649 0 -0.21967 -0.03362857 -0.07830159 1.149614
14 -0.69816 0 0 0.05162549 0 0
15 -0.878661 0 0 2.01278E-07 7.406343E-07 0.5490388
16 -1.613063 0 0 0 0 0
17 -0.6823018 -0.003608566 0.009707858 0 0 0
18 1.327899 0 0 0.0001535616 -0.005894242 0.02795658
19 0.03170101 0 0 0.0006459105 0.05116529 0.03334963
20 5.399332 -0.580462 2.17593 0 0 0
21 5.399315 -0.5804622 -2.175933 0 0 3.141593
22 0 0 0 0 0 0
23 1.426178 3.512926 0 0 0 1.570796
24 3.057939 0.0778584 0 -1.570796 -1.570796 0
25 0 0 0 1.570796 -5.960464E-08 -1.570796
26 -0.063815 0 -1.133617 0.001214638 -0.01723413 0.1400375
27 0.856682 -0.00300495 0 0.0008152291 -0.01677408 0.1639526
28 1.94 0 0 0 0 -0.4171633
29 0.182077 4.48999E-06 0 0 0 -0.4264475
30 0.565037 0 0 -0.007928558 0.03171944 0.5384743
31 0.17727 0.3363641 0 0 0 1.570796
32 -0.063815 0 1.133617 -0.001214595 0.01723537 -3.001565
33 -0.856682 0.00299782 0 -0.0008145785 0.01677245 0.1639644
34 -1.94 0 0 0 0 -0.4171149
35 -0.182077 0 0 0 0 -0.4263929
36 -0.565037 0 0 0.007926789 -0.03171913 0.5383722
37 -0.17727 -0.3363641 0 4.547474E-13 -8.697612E-06 1.570796
39 -0.831173 -1.731595 0 0 0 -1.596641
40 2.130095 0 0 0 0 0
time 15
0 0 0 0 0 0 0
1 0 0 0 0 0 0
2 0.1266617 4.612393 0 0 0 0
3 0 0 0 1.570796 0.01284003 1.571883
4 2.169108 0 0 0.0002671177 0.01521212 -0.07827409
5 1.57372 0 0 -0.0007382864 0.01358748 -0.06406341
6 0.908364 0 0.7 3.141135 -1.21593 -3.113348
7 0.989264 0 0.219672 -0.1069894 -0.1645871 1.193605
8 0.697546 0 0 0.01664464 0 0
9 0.87866 0 0 2.969256E-07 1.127089E-06 0.5307125
10 1.61306 0 0 0 0 0
11 0.6835793 0.007253977 -0.001577307 0 0 0
12 0.908364 0 -0.7 -3.141152 -1.22753 0.02914893
13 -0.988649 0 -0.21967 -0.04709314 -0.09903884 1.156567
14 -0.69816 0 0 0.0527585 0 0
15 -0.878661 0 0 2.012787E-07 7.406356E-07 0.514538
16 -1.613063 0 0 0 0 0
17 -0.6816031 -0.003455547 0.009681403 0 0 0
18 1.327899 0 0 0.0001535265 -0.005798147 0.02880802
19 0.03170101 0 0 0.0006459606 0.04979583 0.02712996
20 5.399332 -0.580462 2.17593 0 0 0
21 5.399315 -0.5804622 -2.175933 0 0 3.141593
22 0 0 0 0 0 0
23 1.426178 3.512926 0 0 0 1.570796
24 3.057939 0.0778584 0 -1.570796 -1.570796 0
25 0 0 0 1.570796 -5.960464E-08 -1.570796
26 -0.063815 0 -1.133617 0.001319301 -0.01841576 0.1280449
27 0.856682 -0.00300495 0 0.0009301363 -0.01792741 0.1498743
28 1.94 0 0 0 0 -0.3798277
29 0.182077 4.48999E-06 0 0 0 -0.3892399
30 0.565037 0 0 -0.008687422 0.03369901 0.4904385
31 0.17727 0.3363641 0 0 0 1.570796
32 -0.063815 0 1.133617 -0.001319245 0.01841731 -3.013556
33 -0.856682 0.00299782 0 -0.0009294484 0.01792537 0.1498825
34 -1.94 0 0 0 0 -0.3797741
35 -0.182077 0 0 0 0 -0.3891819
36 -0.565037 0 0 0.008685492 -0.03369879 0.4903389
37 -0.17727 -0.3363641 0 4.547474E-13 -8.697612E-06 1.570796
39 -0.831173 -1.731595 0 0 0 -1.574889
40 2.130095 0 0 0 0 0
time 16
0 0 0 0 0 0 0
1 0 0 0 0 0 0
2 0.129996 4.686614 0 0 0 0
3 0 0 0 1.570796 0.01351228 1.571859
4 2.169108 0 0 0.0002671345 0.01391981 -0.08607226
5 1.57372 0 0 -0.0007421877 0.01244728 -0.06946814
6 0.908364 0 0.7 3.141135 -1.216314 -3.111125
7 0.989264 0 0.219672 -0.1329477 -0.1989955 1.21668
8 0.697546 0 0 0.01805987 0 0
9 0.87866 0 0 2.969253E-07 1.127088E-06 0.4596105
10 1.61306 0 0 0 0 0
11 0.6815527 0.006994824 -0.001731331 0 0 0
12 0.908364 0 -0.7 -3.141151 -1.227147 0.0312585
13 -0.988649 0 -0.21967 -0.07301902 -0.1369786 1.175597
14 -0.69816 0 0 0.05397826 0 0
15 -0.878661 0 0 2.012779E-07 7.406339E-07 0.438633
16 -1.613063 0 0 0 0 0
17 -0.6797016 -0.003311246 0.009441374 0 0 0
18 1.327899 0 0 0.0001535407 -0.00541456 0.03094687
19 0.03170101 0 0 0.0006460306 0.04496466 0.01374451
20 5.399332 -0.580462 2.17593 0 0 0
21 5.399315 -0.5804622 -2.175933 0 0 3.141593
22 0 0 0 0 0 0
23 1.426178 3.512926 0 0 0 1.570796
24 3.057939 0.0778584 0 -1.570796 -1.570796 0
25 0 0 0 1.570796 -5.960464E-08 -1.570796
26 -0.063815 0 -1.133617 0.001357066 -0.01861074 0.1053412
27 0.856682 -0.00300495 0 0.001036706 -0.01811783 0.1228972
28 1.94 0 0 0 0 -0.3097202
29 0.182077 4.48999E-06 0 0 0 -0.3193704
30 0.565037 0 0 -0.009087015 0.03391058 0.3997088
31 0.17727 0.3363641 0 0 0 1.570796
32 -0.063815 0 1.133617 -0.001356999 0.01861193 -3.03626
33 -0.856682 0.00299782 0 -0.001035978 0.01811599 0.1229052
34 -1.94 0 0 0 0 -0.3096708
35 -0.182077 0 0 0 0 -0.3193187
36 -0.565037 0 0 0.009084983 -0.03391018 0.3996087
37 -0.17727 -0.3363641 0 4.547474E-13 -8.697612E-06 1.570796
39 -0.831173 -1.731595 0 0 0 -1.596456
40 2.130095 0 0 0 0 0
time 17
0 0 0 0 0 0 0
1 0 0 0 0 0 0
2 0.1266834 4.74029 0 0 0 0
3 0 0 0 1.570796 0.01455251 1.571774
4 2.169108 0 0 0.0002671132 0.01199717 -0.09421209
5 1.57372 0 0 -0.0007481051 0.01074812 -0.07552253
6 0.908364 0 0.7 3.141135 -1.217019 -3.108343
7 0.989264 0 0.219672 -0.1507553 -0.2206219 1.24035
8 0.697546 0 0 0.02097915 0 0
9 0.87866 0 0 2.969261E-07 1.12709E-06 0.3974585
10 1.61306 0 0 0 0 0
11 0.6795865 0.006622606 -0.002086069 0 0 0
12 0.908364 0 -0.7 -3.141152 -1.226442 0.03389183
13 -0.988649 0 -0.21967 -0.09418181 -0.1648231 1.199019
14 -0.69816 0 0 0.05382785 0 0
15 -0.878661 0 0 2.012785E-07 7.406351E-07 0.3681926
16 -1.613063 0 0 0 0 0
17 -0.6779417 -0.003195429 0.008962706 0 0 0
18 1.327899 0 0 0.0001535354 -0.004709622 0.03361309
19 0.03170101 0 0 0.000645733 0.03720377 0.001103428
20 5.399332 -0.580462 2.17593 0 0 0
21 5.399315 -0.5804622 -2.175933 0 0 3.141593
22 0 0 0 0 0 0
23 1.426178 3.512926 0 0 0 1.570796
24 3.057939 0.0778584 0 -1.570796 -1.570796 0
25 0 0 0 1.570796 -5.960464E-08 -1.570796
26 -0.063815 0 -1.133617 0.00133042 -0.01793238 0.08522309
27 0.856682 -0.00300495 0 0.001118975 -0.01745793 0.09930056
28 1.94 0 0 0 0 -0.2485843
29 0.182077 4.48999E-06 0 0 0 -0.2584432
30 0.565037 0 0 -0.00907231 0.03255526 0.3212747
31 0.17727 0.3363641 0 0 0 1.570796
32 -0.063815 0 1.133617 -0.001330441 0.01793605 -3.056364
33 -0.856682 0.00299782 0 -0.001118219 0.01745596 0.09930573
34 -1.94 0 0 0 0 -0.2485353
35 -0.182077 0 0 0 0 -0.2583932
36 -0.565037 0 0 0.009070309 -0.03255512 0.3211786
37 -0.17727 -0.3363641 0 4.547474E-13 -8.697612E-06 1.570796
39 -0.831173 -1.731595 0 0 0 -1.633876
40 2.130095 0 0 0 0 0
time 18
0 0 0 0 0 0 0
1 0 0 0 0 0 0
2 0.117362 4.776104 0 0 0 0
3 0 0 0 1.570796 0.01574504 1.571622
4 2.169108 0 0 0.0002671231 0.009582457 -0.1005253
5 1.57372 0 0 -0.0007559551 0.008614781 -0.08010843
6 0.908364 0 0.7 3.141135 -1.218076 -3.105751
7 0.989264 0 0.219672 -0.1615355 -0.2323211 1.257923
8 0.697546 0 0 0.02431636 0 0
9 0.87866 0 0 2.96926E-07 1.12709E-06 0.3463716
10 1.61306 0 0 0 0 0
11 0.6778042 0.006169015 -0.002661396 0 0 0
12 0.908364 0 -0.7 -3.141152 -1.225385 0.03631556
13 -0.988649 0 -0.21967 -0.1111137 -0.1844561 1.222177
14 -0.69816 0 0 0.05247754 0 0
15 -0.878661 0 0 2.012784E-07 7.406348E-07 0.3063767
16 -1.613063 0 0 0 0 0
17 -0.6764179 -0.003127861 0.008220337 0 0 0
18 1.327899 0 0 0.0001535573 -0.003654987 0.03607979
19 0.03170101 0 0 0.0006458068 0.02802503 -0.00696689
20 5.399332 -0.580462 2.17593 0 0 0
21 5.399315 -0.5804622 -2.175933 0 0 3.141593
22 0 0 0 0 0 0
23 1.426178 3.512926 0 0 0 1.570796
24 3.057939 0.0778584 0 -1.570796 -1.570796 0
25 0 0 0 1.570796 -5.960464E-08 -1.570796
26 -0.063815 0 -1.133617 0.001242206 -0.01650548 0.06854673
27 0.856682 -0.00300495 0 0.001161094 -0.01606595 0.07973485
28 1.94 0 0 0 0 -0.1983788
29 0.182077 4.48999E-06 0 0 0 -0.2084079
30 0.565037 0 0 -0.008588369 0.02983558 0.2572706
31 0.17727 0.3363641 0 0 0 1.570796
32 -0.063815 0 1.133617 -0.001242157 0.01650649 -3.073051
33 -0.856682 0.00299782 0 -0.001160338 0.0160646 0.07974113
34 -1.94 0 0 0 0 -0.1983294
35 -0.182077 0 0 0 0 -0.2083586
36 -0.565037 0 0 0.00858649 -0.0298355 0.257176
37 -0.17727 -0.3363641 0 4.547474E-13 -8.697612E-06 1.570796
39 -0.831173 -1.731595 0 0 0 -1.660461
40 2.130095 0 0 0 0 0
time 19
0 0 0 0 0 0 0
1 0 0 0 0 0 0
2 0.1029561 4.797502 0 0 0 0
3 0 0 0 1.570796 0.01687339 1.571398
4 2.169108 0 0 0.0002671228 0.006819875 -0.1041933
5 1.57372 0 0 -0.0007660175 0.006175316 -0.08292953
6 0.908364 0 0.7 3.141135 -1.219316 -3.104101
7 0.989264 0 0.219672 -0.1663176 -0.2364772 1.269708
8 0.697546 0 0 0.02797325 0 0
9 0.87866 0 0 2.969245E-07 1.127086E-06 0.3083275
10 1.61306 0 0 0 0 0
11 0.6763297 0.00566574 -0.003386118 0 0 0
12 0.908364 0 -0.7 -3.141152 -1.224145 0.03779769
13 -0.988649 0 -0.21967 -0.1243054 -0.1976244 1.242742
14 -0.69816 0 0 0.05008288 0 0
15 -0.878661 0 0 2.012784E-07 7.406351E-07 0.2583618
16 -1.613063 0 0 0 0 0
17 -0.6752245 -0.003128307 0.007359968 0 0 0
18 1.327899 0 0 0.0001535526 -0.002414656 0.03758043
19 0.03170101 0 0 0.0006454847 0.01820354 -0.01252337
20 5.399332 -0.580462 2.17593 0 0 0
21 5.399315 -0.5804622 -2.175933 0 0 3.141593
22 0 0 0 0 0 0
23 1.426178 3.512926 0 0 0 1.570796
24 3.057939 0.0778584 0 -1.570796 -1.570796 0
25 0 0 0 1.570796 -5.960464E-08 -1.570796
26 -0.063815 0 -1.133617 0.001094661 -0.01443719 0.05613799
27 0.856682 -0.00300495 0 0.001147079 -0.01405148 0.06516306
28 1.94 0 0 0 0 -0.1613688
29 0.182077 4.48999E-06 0 0 0 -0.1715248
30 0.565037 0 0 -0.007580192 0.02595311 0.2104458
31 0.17727 0.3363641 0 0 0 1.570796
32 -0.063815 0 1.133617 -0.001094728 0.01444004 -3.085451
33 -0.856682 0.00299782 0 -0.001146248 0.01404857 0.06516005
34 -1.94 0 0 0 0 -0.161317
35 -0.182077 0 0 0 0 -0.1714775
36 -0.565037 0 0 0.007578536 -0.02595303 0.2103516
37 -0.17727 -0.3363641 0 4.547474E-13 -8.697612E-06 1.570796
39 -0.831173 -1.731595 0 0 0 -1.678772
40 2.130095 0 0 0 0 0
time 20
0 0 0 0 0 0 0
1 0 0 0 0 0 0
2 0.08439025 4.807925 0 0 0 0
3 0 0 0 1.570796 0.01772169 1.571097
4 2.169108 0 0 0.0002671197 0.003851043 -0.1065442
5 1.57372 0 0 -0.0007781578 0.003554273 -0.08484305
6 0.908364 0 0.7 3.141135 -1.22052 -3.103349
7 0.989264 0 0.219672 -0.1661306 -0.2354745 1.275491
8 0.697546 0 0 0.0318174 0 0
9 0.87866 0 0 2.969267E-07 1.127091E-06 0.285307
10 1.61306 0 0 0 0 0
11 0.6752865 0.00514447 -0.004159959 0 0 0
12 0.908364 0 -0.7 -3.141152 -1.222941 0.0383869
13 -0.988649 0 -0.21967 -0.1342482 -0.2060747 1.25849
14 -0.69816 0 0 0.04678442 0 0
15 -0.878661 0 0 2.012781E-07 7.406343E-07 0.2293226
16 -1.613063 0 0 0 0 0
17 -0.6744562 -0.003216533 0.006548192 0 0 0
18 1.327899 0 0 0.0001535504 -0.001211097 0.03822935
19 0.03170101 0 0 0.0006446274 0.008567372 -0.0157923
20 5.399332 -0.580462 2.17593 0 0 0
21 5.399315 -0.5804622 -2.175933 0 0 3.141593
22 0 0 0 0 0 0
23 1.426178 3.512926 0 0 0 1.570796
24 3.057939 0.0778584 0 -1.570796 -1.570796 0
25 0 0 0 1.570796 -5.960464E-08 -1.570796
26 -0.063815 0 -1.133617 0.0008904337 -0.01184698 0.04887819
27 0.856682 -0.00300495 0 0.001060853 -0.01152652 0.05656532
28 1.94 0 0 0 0 -0.1398185
29 0.182077 4.48999E-06 0 0 0 -0.1500496
30 0.565037 0 0 -0.006189541 0.02110981 0.1835532
31 0.17727 0.3363641 0 0 0 1.570796
32 -0.063815 0 1.133617 -0.0008907384 0.01185352 -3.092694
33 -0.856682 0.00299782 0 -0.001060038 0.01152395 0.05656165
34 -1.94 0 0 0 0 -0.139769
35 -0.182077 0 0 0 0 -0.1500035
36 -0.565037 0 0 0.00618816 -0.02110961 0.1834583
37 -0.17727 -0.3363641 0 4.547474E-13 -8.697612E-06 1.570796
39 -0.831173 -1.731595 0 0 0 -1.690282
40 2.130095 0 0 0 0 0
time 21
0 0 0 0 0 0 0
1 0 0 0 0 0 0
2 0.06258892 4.810818 0 0 0 0
3 0 0 0 1.570796 0.01807383 1.570714
4 2.169108 0 0 0.0002671096 0.0008171327 -0.1076021
5 1.57372 0 0 -0.0007923841 0.0008779873 -0.08581968
6 0.908364 0 0.7 3.141135 -1.22167 -3.103078
7 0.989264 0 0.219672 -0.1620043 -0.2316973 1.275057
8 0.697546 0 0 0.03574186 0 0
9 0.87866 0 0 2.969238E-07 1.127085E-06 0.2761817
10 1.61306 0 0 0 0 0
11 0.6747981 0.004667361 -0.004959203 0 0 0
12 0.908364 0 -0.7 -3.141152 -1.221792 0.03850025
13 -0.988649 0 -0.21967 -0.1414328 -0.2115538 1.267197
14 -0.69816 0 0 0.04311361 0 0
15 -0.878661 0 0 2.012785E-07 7.406354E-07 0.2224226
16 -1.613063 0 0 0 0 0
17 -0.674207 -0.003412305 0.005791354 0 0 0
18 1.327899 0 0 0.0001535606 -6.110645E-05 0.03841031
19 0.03170101 0 0 0.0006458929 -5.537744E-05 -0.0170846
20 5.399332 -0.580462 2.17593 0 0 0
21 5.399315 -0.5804622 -2.175933 0 0 3.141593
22 0 0 0 0 0 0
23 1.426178 3.512926 0 0 0 1.570796
24 3.057939 0.0778584 0 -1.570796 -1.570796 0
25 0 0 0 1.570796 -5.960464E-08 -1.570796
26 -0.063815 0 -1.133617 0.0006326832 -0.008862173 0.04625111
27 0.856682 -0.00300495 0 0.0008866497 -0.008608659 0.0533479
28 1.94 0 0 0 0 -0.1334712
29 0.182077 4.48999E-06 0 0 0 -0.1437217
30 0.565037 0 0 -0.004612954 0.01550685 0.176212
31 0.17727 0.3363641 0 0 0 1.570796
32 -0.063815 0 1.133617 -0.0006327739 0.008863751 -3.095339
33 -0.856682 0.00299782 0 -0.0008861126 0.008609443 0.05336118
34 -1.94 0 0 0 0 -0.1334194
35 -0.182077 0 0 0 0 -0.1436736
36 -0.565037 0 0 0.004611969 -0.01550694 0.1761198
37 -0.17727 -0.3363641 0 4.547474E-13 -8.697612E-06 1.570796
39 -0.831173 -1.731595 0 0 0 -1.696468
40 2.130095 0 0 0 0 0
time 22
0 0 0 0 0 0 0
1 0 0 0 0 0 0
2 0.03847653 4.809625 0 0 0 0
3 0 0 0 1.570796 0.01798882 1.570339
4 2.169108 0 0 0.0002670934 -0.002139491 -0.1074157
5 1.57372 0 0 -0.0008089467 -0.00172712 -0.08585562
6 0.908364 0 0.7 3.141135 -1.222749 -3.103259
7 0.989264 0 0.219672 -0.1549676 -0.2270521 1.269053
8 0.697546 0 0 0.03964476 0 0
9 0.87866 0 0 2.969259E-07 1.127089E-06 0.2779264
10 1.61306 0 0 0 0 0
11 0.6747143 0.004269593 -0.005760135 0 0 0
12 0.908364 0 -0.7 -3.141152 -1.220712 0.03816971
13 -0.988649 0 -0.21967 -0.1463505 -0.2158083 1.268786
14 -0.69816 0 0 0.0392215 0 0
15 -0.878661 0 0 2.012787E-07 7.406356E-07 0.2316231
16 -1.613063 0 0 0 0 0
17 -0.6743477 -0.003735389 0.005095802 0 0 0
18 1.327899 0 0 0.0001535568 0.001018518 0.03814774
19 0.03170101 0 0 0.0006462734 -0.008313587 -0.01654939
20 5.399332 -0.580462 2.17593 0 0 0
21 5.399315 -0.5804622 -2.175933 0 0 3.141593
22 0 0 0 0 0 0
23 1.426178 3.512926 0 0 0 1.570796
24 3.057939 0.0778584 0 -1.570796 -1.570796 0
25 0 0 0 1.570796 -5.960464E-08 -1.570796
26 -0.063815 0 -1.133617 0.0003232994 -0.00558641 0.04710022
27 0.856682 -0.00300495 0 0.0006088924 -0.005414838 0.05407703
28 1.94 0 0 0 0 -0.1362524
29 0.182077 4.48999E-06 0 0 0 -0.1464927
30 0.565037 0 0 -0.002905875 0.009346851 0.1808835
31 0.17727 0.3363641 0 0 0 1.570796
32 -0.063815 0 1.133617 -0.000323417 0.005587525 -3.094489
33 -0.856682 0.00299782 0 -0.0006083016 0.005413981 0.05407713
34 -1.94 0 0 0 0 -0.1361946
35 -0.182077 0 0 0 0 -0.1464389
36 -0.565037 0 0 0.002905203 -0.009346684 0.1807871
37 -0.17727 -0.3363641 0 4.547474E-13 -8.697612E-06 1.570796
39 -0.831173 -1.731595 0 0 0 -1.698802
40 2.130095 0 0 0 0 0
time 23
0 0 0 0 0 0 0
1 0 0 0 0 0 0
2 0.01297759 4.805609 0 0 0 0
3 0 0 0 1.570796 0.0176751 1.570039
4 2.169108 0 0 0.0002671166 -0.00487748 -0.106032
5 1.57372 0 0 -0.0008277994 -0.004135724 -0.08491992
6 0.908364 0 0.7 3.141135 -1.223742 -3.103863
7 0.989264 0 0.219672 -0.1460501 -0.2207064 1.258573
8 0.697546 0 0 0.04340024 0 0
9 0.87866 0 0 2.969267E-07 1.127091E-06 0.2896585
10 1.61306 0 0 0 0 0
11 0.6748596 0.00394276 -0.006539039 0 0 0
12 0.908364 0 -0.7 -3.141152 -1.21972 0.03742588
13 -0.988649 0 -0.21967 -0.1494921 -0.2198385 1.265442
14 -0.69816 0 0 0.03519737 0 0
15 -0.878661 0 0 2.012782E-07 7.406342E-07 0.2504495
16 -1.613063 0 0 0 0 0
17 -0.674737 -0.004205549 0.004467879 0 0 0
18 1.327899 0 0 0.0001535551 0.002010815 0.03747751
19 0.03170101 0 0 0.0006461771 -0.01700582 -0.01443507
20 5.399332 -0.580462 2.17593 0 0 0
21 5.399315 -0.5804622 -2.175933 0 0 3.141593
22 0 0 0 0 0 0
23 1.426178 3.512926 0 0 0 1.570796
24 3.057939 0.0778584 0 -1.570796 -1.570796 0
25 0 0 0 1.570796 -5.960464E-08 -1.570796
26 -0.063815 0 -1.133617 -3.488043E-05 -0.002141157 0.05150245
27 0.856682 -0.00300495 0 0.0002110606 -0.002051547 0.05893682
28 1.94 0 0 0 0 -0.1462351
29 0.182077 4.48999E-06 0 0 0 -0.1564424
30 0.565037 0 0 -0.001123478 0.002831013 0.1932376
31 0.17727 0.3363641 0 0 0 1.570796
32 -0.063815 0 1.133617 3.474795E-05 0.002141659 -3.090084
33 -0.856682 0.00299782 0 -0.0002106472 0.002051486 0.0589449
34 -1.94 0 0 0 0 -0.146178
35 -0.182077 0 0 0 0 -0.156389
36 -0.565037 0 0 0.001123216 -0.002830988 0.1931424
37 -0.17727 -0.3363641 0 4.547474E-13 -8.697612E-06 1.570796
39 -0.831173 -1.731595 0 0 0 -1.698762
40 2.130095 0 0 0 0 0
time 24
0 0 0 0 0 0 0
1 0 0 0 0 0 0
2 -0.01298352 4.795151 0 0 0 0
3 0 0 0 1.570796 0.01715554 1.569811
4 2.169108 0 0 0.0002671019 -0.00742706 -0.1034713
5 1.57372 0 0 -0.0008488184 -0.006351174 -0.08296501
6 0.908364 0 0.7 3.141135 -1.22463 -3.104863
7 0.989264 0 0.219672 -0.1350382 -0.2109348 1.244064
8 0.697546 0 0 0.04692183 0 0
9 0.87866 0 0 2.969261E-07 1.12709E-06 0.3129695
10 1.61306 0 0 0 0 0
11 0.6753215 0.003678458 -0.007272199 0 0 0
12 0.908364 0 -0.7 -3.141152 -1.218832 0.03629938
13 -0.988649 0 -0.21967 -0.1505262 -0.221858 1.257451
14 -0.69816 0 0 0.03118158 0 0
15 -0.878661 0 0 2.012788E-07 7.406356E-07 0.2815443
16 -1.613063 0 0 0 0 0
17 -0.675452 -0.004842552 0.003913933 0 0 0
18 1.327899 0 0 0.000153485 0.002897954 0.0364184
19 0.03170101 0 0 0.0006460487 -0.0256549 -0.01098918
20 5.399332 -0.580462 2.17593 0 0 0
21 5.399315 -0.5804622 -2.175933 0 0 3.141593
22 0 0 0 0 0 0
23 1.426178 3.512926 0 0 0 1.570796
24 3.057939 0.0778584 0 -1.570796 -1.570796 0
25 0 0 0 1.570796 -5.960464E-08 -1.570796
26 -0.063815 0 -1.133617 -0.0004393329 0.001356888 0.05952711
27 0.856682 -0.00300495 0 -0.0003225258 0.001364287 0.06819443
28 1.94 0 0 0 0 -0.1674218
29 0.182077 4.48999E-06 0 0 0 -0.1775551
30 0.565037 0 0 0.0006789245 -0.003838802 0.2198287
31 0.17727 0.3363641 0 0 0 1.570796
32 -0.063815 0 1.133617 0.0004391372 -0.001357028 -3.082067
33 -0.856682 0.00299782 0 0.0003227611 -0.001364159 0.06819793
34 -1.94 0 0 0 0 -0.1673648
35 -0.182077 0 0 0 0 -0.1775026
36 -0.565037 0 0 -0.0006787868 0.003838767 0.219733
37 -0.17727 -0.3363641 0 4.547474E-13 -8.697612E-06 1.570796
39 -0.831173 -1.731595 0 0 0 -1.696685
40 2.130095 0 0 0 0 0
time 25
0 0 0 0 0 0 0
1 0 0 0 0 0 0
2 -0.03848226 4.774375 0 0 0 0
3 0 0 0 1.570796 0.01645216 1.56965
4 2.169108 0 0 0.0002671209 -0.009761153 -0.09978673
5 1.57372 0 0 -0.0008723414 -0.008400149 -0.08000696
6 0.908364 0 0.7 3.141135 -1.225397 -3.10623
7 0.989264 0 0.219672 -0.120589 -0.1960114 1.22597
8 0.697546 0 0 0.05007336 0 0
9 0.87866 0 0 2.969263E-07 1.12709E-06 0.3491526
10 1.61306 0 0 0 0 0
11 0.6761875 0.00346828 -0.007935897 0 0 0
12 0.908364 0 -0.7 -3.141152 -1.218065 0.03482186
13 -0.988649 0 -0.21967 -0.1478403 -0.2194343 1.245096
14 -0.69816 0 0 0.02722162 0 0
15 -0.878661 0 0 2.012788E-07 7.406356E-07 0.3259281
16 -1.613063 0 0 0 0 0
17 -0.6765696 -0.005666163 0.003440309 0 0 0
18 1.327899 0 0 0.0001534797 0.003664734 0.03502646
19 0.03170101 0 0 0.0006456234 -0.03377151 -0.00588487
20 5.399332 -0.580462 2.17593 0 0 0
21 5.399315 -0.5804622 -2.175933 0 0 3.141593
22 0 0 0 0 0 0
23 1.426178 3.512926 0 0 0 1.570796
24 3.057939 0.0778584 0 -1.570796 -1.570796 0
25 0 0 0 1.570796 -5.960464E-08 -1.570796
26 -0.063815 0 -1.133617 -0.0008873988 0.0047911 0.07121455
27 0.856682 -0.00300495 0 -0.0008964015 0.004718569 0.08205134
28 1.94 0 0 0 0 -0.2022523
29 0.182077 4.48999E-06 0 0 0 -0.2122667
30 0.565037 0 0 0.002446041 -0.0104607 0.2636102
31 0.17727 0.3363641 0 0 0 1.570796
32 -0.063815 0 1.133617 0.0008871666 -0.004791737 -3.070378
33 -0.856682 0.00299782 0 0.0008964673 -0.004718329 0.08206008
34 -1.94 0 0 0 0 -0.2021944
35 -0.182077 0 0 0 0 -0.2122126
36 -0.565037 0 0 -0.002445516 0.01046062 0.2635141
37 -0.17727 -0.3363641 0 4.547474E-13 -8.697612E-06 1.570796
39 -0.831173 -1.731595 0 0 0 -1.690645
40 2.130095 0 0 0 0 0
time 26
0 0 0 0 0 0 0
1 0 0 0 0 0 0
2 -0.06259421 4.739407 0 0 0 0
3 0 0 0 1.570796 0.01558763 1.569553
4 2.169108 0 0 0.0002670423 -0.0117732 -0.09387072
5 1.57372 0 0 -0.0008981646 -0.01018269 -0.07598704
6 0.908364 0 0.7 3.141135 -1.226026 -3.107936
7 0.989264 0 0.219672 -0.1020419 -0.1742109 1.204737
8 0.697546 0 0 0.05182371 0 0
9 0.87866 0 0 2.969265E-07 1.127091E-06 0.3968929
10 1.61306 0 0 0 0 0
11 0.6775451 0.003303822 -0.008506421 0 0 0
12 0.908364 0 -0.7 -3.141152 -1.217435 0.03302382
13 -0.988649 0 -0.21967 -0.1400012 -0.2101349 1.228662
14 -0.69816 0 0 0.02347829 0 0
15 -0.878661 0 0 2.012788E-07 7.406357E-07 0.3834312
16 -1.613063 0 0 0 0 0
17 -0.6781667 -0.006444009 0.003053353 0 0 0
18 1.327899 0 0 0.000153476 0.00429362 0.03332064
19 0.03170101 0 0 0.0006460393 -0.04093255 0.001750891
20 5.399332 -0.580462 2.17593 0 0 0
21 5.399315 -0.5804622 -2.175933 0 0 3.141593
22 0 0 0 0 0 0
23 1.426178 3.512926 0 0 0 1.570796
24 3.057939 0.0778584 0 -1.570796 -1.570796 0
25 0 0 0 1.570796 -5.960464E-08 -1.570796
26 -0.063815 0 -1.133617 -0.001297645 0.008044421 0.0866323
27 0.856682 -0.00300495 0 -0.001402628 0.007899748 0.1007904
28 1.94 0 0 0 0 -0.251211
29 0.182077 4.48999E-06 0 0 0 -0.261061
30 0.565037 0 0 0.004122586 -0.01683298 0.3256541
31 0.17727 0.3363641 0 0 0 1.570796
32 -0.063815 0 1.133617 0.001297387 -0.008045654 -3.054958
33 -0.856682 0.00299782 0 0.001402466 -0.007898849 0.1007952
34 -1.94 0 0 0 0 -0.251153
35 -0.182077 0 0 0 0 -0.2610023
36 -0.565037 0 0 -0.004121693 0.0168329 0.3255578
37 -0.17727 -0.3363641 0 4.547474E-13 -8.697612E-06 1.570796
39 -0.831173 -1.731595 0 0 0 -1.679154
40 2.130095 0 0 0 0 0
time 27
0 0 0 0 0 0 0
1 0 0 0 0 0 0
2 -0.0843949 4.686368 0 0 0 0
3 0 0 0 1.570796 0.01458404 1.569515
4 2.169108 0 0 0.0002671008 -0.01336162 -0.08599246
5 1.57372 0 0 -0.0009265239 -0.01160486 -0.07042916
6 0.908364 0 0.7 3.141135 -1.2265 -3.109952
7 0.989264 0 0.219672 -0.07873604 -0.1438075 1.180639
8 0.697546 0 0 0.05198909 0 0
9 0.87866 0 0 2.969265E-07 1.127091E-06 0.454876
10 1.61306 0 0 0 0 0
11 0.679482 0.00317668 -0.008960052 0 0 0
12 0.908364 0 -0.7 -3.141152 -1.216962 0.0309366
13 -0.988649 0 -0.21967 -0.1255757 -0.1915273 1.208057
14 -0.69816 0 0 0.01998982 0 0
15 -0.878661 0 0 2.012784E-07 7.40635E-07 0.4501342
16 -1.613063 0 0 0 0 0
17 -0.6803203 -0.006951711 0.00275941 0 0 0
18 1.327899 0 0 0.0001534508 0.004767261 0.03132913
19 0.03170101 0 0 0.000646068 -0.04660773 0.01252568
20 5.399332 -0.580462 2.17593 0 0 0
21 5.399315 -0.5804622 -2.175933 0 0 3.141593
22 0 0 0 0 0 0
23 1.426178 3.512926 0 0 0 1.570796
24 3.057939 0.0778584 0 -1.570796 -1.570796 0
25 0 0 0 1.570796 -5.960464E-08 -1.570796
26 -0.063815 0 -1.133617 -0.001580924 0.01100128 0.10585
27 0.856682 -0.00300495 0 -0.001837439 0.01079171 0.123951
28 1.94 0 0 0 0 -0.3112699
29 0.182077 4.48999E-06 0 0 0 -0.3209163
30 0.565037 0 0 0.005653267 -0.02275388 0.402376
31 0.17727 0.3363641 0 0 0 1.570796
32 -0.063815 0 1.133617 0.001580538 -0.01100197 -3.035751
33 -0.856682 0.00299782 0 0.001837117 -0.01079046 0.1239569
34 -1.94 0 0 0 0 -0.311213
35 -0.182077 0 0 0 0 -0.3208566
36 -0.565037 0 0 -0.005652031 0.02275371 0.4022776
37 -0.17727 -0.3363641 0 4.547474E-13 -8.697612E-06 1.570796
39 -0.831173 -1.731595 0 0 0 -1.660727
40 2.130095 0 0 0 0 0
time 28
0 0 0 0 0 0 0
1 0 0 0 0 0 0
2 -0.1029599 4.612393 0 0 0 0
3 0 0 0 1.570796 0.01346426 1.569532
4 2.169108 0 0 0.0002671047 -0.01441888 -0.07827274
5 1.57372 0 0 -0.0009499135 -0.01256672 -0.06475665
6 0.908364 0 0.7 3.141135 -1.226803 -3.112252
7 0.989264 0 0.219672 -0.05006021 -0.1026711 1.159281
8 0.697546 0 0 0.05150988 0 0
9 0.87866 0 0 2.969266E-07 1.127091E-06 0.5215217
10 1.61306 0 0 0 0 0
11 0.681581 0.003078447 -0.009273075 0 0 0
12 0.908364 0 -0.7 -3.141152 -1.216659 0.02859091
13 -0.988649 0 -0.21967 -0.1032646 -0.1607249 1.189211
14 -0.69816 0 0 0.0169287 0 0
15 -0.878661 0 0 2.012788E-07 7.406356E-07 0.5260386
16 -1.613063 0 0 0 0 0
17 -0.6825902 -0.007220768 0.002564827 0 0 0
18 1.327899 0 0 0.0001535525 0.005071769 0.02910165
19 0.03170101 0 0 0.0006460517 -0.05033779 0.02613231
20 5.399332 -0.580462 2.17593 0 0 0
21 5.399315 -0.5804622 -2.175933 0 0 3.141593
22 0 0 0 0 0 0
23 1.426178 3.512926 0 0 0 1.570796
24 3.057939 0.0778584 0 -1.570796 -1.570796 0
25 0 0 0 1.570796 -5.960464E-08 -1.570796
26 -0.063815 0 -1.133617 -0.001748748 0.0135424 0.1282429
27 0.856682 -0.00300495 0 -0.002197513 0.01328123 0.1501352
28 1.94 0 0 0 0 -0.3804581
29 0.182077 4.48999E-06 0 0 0 -0.3898687
30 0.565037 0 0 0.006982784 -0.02802148 0.4914396
31 0.17727 0.3363641 0 0 0 1.570796
32 -0.063815 0 1.133617 0.001748377 -0.01354387 -3.013354
33 -0.856682 0.00299782 0 0.002197067 -0.01327975 0.1501433
34 -1.94 0 0 0 0 -0.3804115
35 -0.182077 0 0 0 0 -0.3898158
36 -0.565037 0 0 -0.00698125 0.02802127 0.4913392
37 -0.17727 -0.3363641 0 4.547474E-13 -8.697612E-06 1.570796
39 -0.831173 -1.731595 0 0 0 -1.633876
40 2.130095 0 0 0 0 0
time 29
0 0 0 0 0 0 0
1 0 0 0 0 0 0
2 -0.1173647 4.567675 0 0 0 0
3 0 0 0 1.570796 0.01275181 1.5696
4 2.169108 0 0 0.0002670514 -0.01483994 -0.07474474
5 1.57372 0 0 -0.0009631428 -0.01297104 -0.06161018
6 0.908364 0 0.7 3.141135 -1.226917 -3.113433
7 0.989264 0 0.219672 -0.03359687 -0.07823709 1.149098
8 0.697546 0 0 0.05135226 0 0
9 0.87866 0 0 2.96926E-07 1.12709E-06 0.5490732
10 1.61306 0 0 0 0 0
11 0.6827471 0.00300072 -0.009421774 0 0 0
12 0.908364 0 -0.7 -3.141152 -1.216544 0.0274206
13 -0.988649 0 -0.21967 -0.09098183 -0.1429475 1.182221
14 -0.69816 0 0 0.01509733 0 0
15 -0.878661 0 0 2.012785E-07 7.406351E-07 0.5605401
16 -1.613063 0 0 0 0 0
17 -0.683847 -0.007282681 0.002475949 0 0 0
18 1.327899 0 0 0.0001535482 0.005185654 0.02795286
19 0.03170101 0 0 0.0006460823 -0.05163188 0.03334814
20 5.399332 -0.580462 2.17593 0 0 0
21 5.399315 -0.5804622 -2.175933 0 0 3.141593
22 0 0 0 0 0 0
23 1.426178 3.512926 0 0 0 1.570796
24 3.057939 0.0778584 0 -1.570796 -1.570796 0
25 0 0 0 1.570796 -5.960464E-08 -1.570796
26 -0.063815 0 -1.133617 -0.001813078 0.01555349 0.1400381
27 0.856682 -0.00300495 0 -0.002479482 0.0152551 0.1639525
28 1.94 0 0 0 0 -0.4171633
29 0.182077 4.48999E-06 0 0 0 -0.4264475
30 0.565037 0 0 0.008055847 -0.0319712 0.5384732
31 0.17727 0.3363641 0 0 0 1.570796
32 -0.063815 0 1.133617 0.001812658 -0.01555455 -3.001565
33 -0.856682 0.00299782 0 0.002478953 -0.01525366 0.1639643
34 -1.94 0 0 0 0 -0.4171149
35 -0.182077 0 0 0 0 -0.4263929
36 -0.565037 0 0 -0.008054073 0.03197094 0.5383716
37 -0.17727 -0.3363641 0 4.547474E-13 -8.697612E-06 1.570796
39 -0.831173 -1.731595 0 0 0 -1.596641
40 2.130095 0 0 0 0 0
time 30
0 0 0 0 0 0 0
1 0 0 0 0 0 0
2 -0.1266849 4.612393 0 0 0 0
3 0 0 0 1.570796 0.01284003 1.569716
4 2.169108 0 0 0.0002670955 -0.01452253 -0.07827186
5 1.57372 0 0 -0.000967247 -0.01272328 -0.06364085
6 0.908364 0 0.7 3.141135 -1.226826 -3.112601
7 0.989264 0 0.219672 -0.0470594 -0.09897281 1.156033
8 0.697546 0 0 0.05246391 0 0
9 0.87866 0 0 2.969264E-07 1.127091E-06 0.5149595
10 1.61306 0 0 0 0 0
11 0.6820489 0.002935092 -0.009382434 0 0 0
12 0.908364 0 -0.7 -3.141152 -1.216637 0.02829641
13 -0.988649 0 -0.21967 -0.1070405 -0.1646521 1.194042
14 -0.69816 0 0 0.01509733 0 0
15 -0.878661 0 0 2.012787E-07 7.406355E-07 0.5306388
16 -1.613063 0 0 0 0 0
17 -0.6831347 -0.007168949 0.002499122 0 0 0
18 1.327899 0 0 0.0001535432 0.005094063 0.02881781
19 0.03170101 0 0 0.000646078 -0.05004115 0.02712974
20 5.399332 -0.580462 2.17593 0 0 0
21 5.399315 -0.5804622 -2.175933 0 0 3.141593
22 0 0 0 0 0 0
23 1.426178 3.512926 0 0 0 1.570796
24 3.057939 0.0778584 0 -1.570796 -1.570796 0
25 0 0 0 1.570796 -5.960464E-08 -1.570796
26 -0.063815 0 -1.133617 -0.001785531 0.0169156 0.1280436
27 0.856682 -0.00300495 0 -0.002679931 0.01659956 0.1498742
28 1.94 0 0 0 0 -0.3798277
29 0.182077 4.48999E-06 0 0 0 -0.3892399
30 0.565037 0 0 0.008817157 -0.03395091 0.4904394
31 0.17727 0.3363641 0 0 0 1.570796
32 -0.063815 0 1.133617 0.001785135 -0.0169172 -3.013556
33 -0.856682 0.00299782 0 0.00267928 -0.01659736 0.1498793
34 -1.94 0 0 0 0 -0.3797741
35 -0.182077 0 0 0 0 -0.3891819
36 -0.565037 0 0 -0.008815219 0.03395068 0.4903394
37 -0.17727 -0.3363641 0 4.547474E-13 -8.697612E-06 1.570796
39 -0.831173 -1.731595 0 0 0 -1.574889
40 2.130095 0 0 0 0 0
time 31
0 0 0 0 0 0 0
1 0 0 0 0 0 0
2 -0.129996 4.686614 0 0 0 0
3 0 0 0 1.570796 0.01351237 1.569875
4 2.169108 0 0 0.000267059 -0.01335889 -0.08607052
5 1.57372 0 0 -0.0009630534 -0.01172415 -0.06925105
6 0.908364 0 0.7 3.141135 -1.226511 -3.110482
7 0.989264 0 0.219672 -0.07298294 -0.1369097 1.175288
8 0.697546 0 0 0.05367259 0 0
9 0.87866 0 0 2.969267E-07 1.127091E-06 0.4393201
10 1.61306 0 0 0 0 0
11 0.6801472 0.002873159 -0.009131337 0 0 0
12 0.908364 0 -0.7 -3.141152 -1.21695 0.03047414
13 -0.988649 0 -0.21967 -0.1330056 -0.199063 1.217061
14 -0.69816 0 0 0.01658724 0 0
15 -0.878661 0 0 2.012779E-07 7.40634E-07 0.4593341
16 -1.613063 0 0 0 0 0
17 -0.6811084 -0.006911073 0.002640691 0 0 0
18 1.327899 0 0 0.000153566 0.004780924 0.03095957
19 0.03170101 0 0 0.0006460757 -0.04507741 0.01374512
20 5.399332 -0.580462 2.17593 0 0 0
21 5.399315 -0.5804622 -2.175933 0 0 3.141593
22 0 0 0 0 0 0
23 1.426178 3.512926 0 0 0 1.570796
24 3.057939 0.0778584 0 -1.570796 -1.570796 0
25 0 0 0 1.570796 -5.960464E-08 -1.570796
26 -0.063815 0 -1.133617 -0.001677949 0.01751352 0.105339
27 0.856682 -0.00300495 0 -0.002795379 0.01720017 0.1228956
28 1.94 0 0 0 0 -0.3097202
29 0.182077 4.48999E-06 0 0 0 -0.3193704
30 0.565037 0 0 0.009211445 -0.0341624 0.3997086
31 0.17727 0.3363641 0 0 0 1.570796
32 -0.063815 0 1.133617 0.001677565 -0.017515 -3.03626
33 -0.856682 0.00299782 0 0.002794738 -0.01719846 0.1229036
34 -1.94 0 0 0 0 -0.3096708
35 -0.182077 0 0 0 0 -0.3193187
36 -0.565037 0 0 -0.00920941 0.03416201 0.3996085
37 -0.17727 -0.3363641 0 4.547474E-13 -8.697612E-06 1.570796
39 -0.831173 -1.731595 0 0 0 -1.596456
40 2.130095 0 0 0 0 0
time 32
0 0 0 0 0 0 0
1 0 0 0 0 0 0
2 -0.1266873 4.74029 0 0 0 0
3 0 0 0 1.570796 0.01455251 1.570073
4 2.169108 0 0 0.0002671203 -0.01124695 -0.09420894
5 1.57372 0 0 -0.0009514177 -0.009875779 -0.07487313
6 0.908364 0 0.7 3.141135 -1.225959 -3.107803
7 0.989264 0 0.219672 -0.09414348 -0.1647519 1.199193
8 0.697546 0 0 0.0535703 0 0
9 0.87866 0 0 2.969263E-07 1.12709E-06 0.3687951
10 1.61306 0 0 0 0 0
11 0.6783872 0.002806516 -0.008644769 0 0 0
12 0.908364 0 -0.7 -3.141152 -1.217503 0.03320979
13 -0.988649 0 -0.21967 -0.150817 -0.2206913 1.240519
14 -0.69816 0 0 0.01923613 0 0
15 -0.878661 0 0 2.012785E-07 7.406351E-07 0.3969799
16 -1.613063 0 0 0 0 0
17 -0.6791422 -0.006540555 0.002907004 0 0 0
18 1.327899 0 0 0.0001535265 0.004227074 0.03362117
19 0.03170101 0 0 0.000645923 -0.03732462 0.001103736
20 5.399332 -0.580462 2.17593 0 0 0
21 5.399315 -0.5804622 -2.175933 0 0 3.141593
22 0 0 0 0 0 0
23 1.426178 3.512926 0 0 0 1.570796
24 3.057939 0.0778584 0 -1.570796 -1.570796 0
25 0 0 0 1.570796 -5.960464E-08 -1.570796
26 -0.063815 0 -1.133617 -0.001501983 0.0172279 0.08522456
27 0.856682 -0.00300495 0 -0.002822356 0.01694279 0.09930098
28 1.94 0 0 0 0 -0.2485843
29 0.182077 4.48999E-06 0 0 0 -0.2584432
30 0.565037 0 0 0.009183398 -0.03280739 0.3212774
31 0.17727 0.3363641 0 0 0 1.570796
32 -0.063815 0 1.133617 0.001501705 -0.01723115 -3.056364
33 -0.856682 0.00299782 0 0.002821684 -0.0169409 0.09930613
34 -1.94 0 0 0 0 -0.2485353
35 -0.182077 0 0 0 0 -0.2583932
36 -0.565037 0 0 -0.009181397 0.03280726 0.3211814
37 -0.17727 -0.3363641 0 4.547474E-13 -8.697612E-06 1.570796
39 -0.831173 -1.731595 0 0 0 -1.633876
40 2.130095 0 0 0 0 0
time 33
0 0 0 0 0 0 0
1 0 0 0 0 0 0
2 -0.1173763 4.776104 0 0 0 0
3 0 0 0 1.570796 0.01574507 1.570306
4 2.169108 0 0 0.0002670979 -0.008504935 -0.100525
5 1.57372 0 0 -0.0009334707 -0.007434636 -0.07969597
6 0.908364 0 0.7 3.141135 -1.22515 -3.10529
7 0.989264 0 0.219672 -0.1110736 -0.1843828 1.222283
8 0.697546 0 0 0.05229092 0 0
9 0.87866 0 0 2.969262E-07 1.12709E-06 0.3067936
10 1.61306 0 0 0 0 0
11 0.6768631 0.002726758 -0.007899014 0 0 0
12 0.908364 0 -0.7 -3.141152 -1.218312 0.03575961
13 -0.988649 0 -0.21967 -0.1615991 -0.2323918 1.258151
14 -0.69816 0 0 0.02270389 0 0
15 -0.878661 0 0 2.012787E-07 7.406354E-07 0.3457665
16 -1.613063 0 0 0 0 0
17 -0.6773598 -0.006088892 0.003304405 0 0 0
18 1.327899 0 0 0.0001534941 0.003417479 0.03607057
19 0.03170101 0 0 0.0006458305 -0.02813966 -0.00696785
20 5.399332 -0.580462 2.17593 0 0 0
21 5.399315 -0.5804622 -2.175933 0 0 3.141593
22 0 0 0 0 0 0
23 1.426178 3.512926 0 0 0 1.570796
24 3.057939 0.0778584 0 -1.570796 -1.570796 0
25 0 0 0 1.570796 -5.960464E-08 -1.570796
26 -0.063815 0 -1.133617 -0.00126964 0.01594772 0.06854615
27 0.856682 -0.00300495 0 -0.002757858 0.01571719 0.07973481
28 1.94 0 0 0 0 -0.1983788
29 0.182077 4.48999E-06 0 0 0 -0.2084079
30 0.565037 0 0 0.008677715 -0.03008762 0.2572723
31 0.17727 0.3363641 0 0 0 1.570796
32 -0.063815 0 1.133617 0.001269306 -0.01594883 -3.073051
33 -0.856682 0.00299782 0 0.002757273 -0.01571591 0.07974108
34 -1.94 0 0 0 0 -0.1983294
35 -0.182077 0 0 0 0 -0.2083586
36 -0.565037 0 0 -0.008675843 0.03008755 0.2571777
37 -0.17727 -0.3363641 0 4.547474E-13 -8.697612E-06 1.570796
39 -0.831173 -1.731595 0 0 0 -1.660461
40 2.130095 0 0 0 0 0
time 34
0 0 0 0 0 0 0
1 0 0 0 0 0 0
2 -0.1029858 4.797502 0 0 0 0
3 0 0 0 1.570796 0.01687348 1.57057
4 2.169108 0 0 0.0002671162 -0.005579975 -0.1041977
5 1.57372 0 0 -0.0009098668 -0.004833679 -0.08285144
6 0.908364 0 0.7 3.141135 -1.224067 -3.103672
7 0.989264 0 0.219672 -0.124264 -0.1975495 1.242723
8 0.697546 0 0 0.05001618 0 0
9 0.87866 0 0 2.969262E-07 1.12709E-06 0.2585754
10 1.61306 0 0 0 0 0
11 0.6756694 0.00262548 -0.00703809 0 0 0
12 0.908364 0 -0.7 -3.141152 -1.219394 0.0373792
13 -0.988649 0 -0.21967 -0.1663811 -0.2365484 1.269915
14 -0.69816 0 0 0.02669985 0 0
15 -0.878661 0 0 2.012789E-07 7.406358E-07 0.307635
16 -1.613063 0 0 0 0 0
17 -0.6758851 -0.005587586 0.00383924 0 0 0
18 1.327899 0 0 0.0001535403 0.002336158 0.0375794
19 0.03170101 0 0 0.0006456656 -0.01832435 -0.0125303
20 5.399332 -0.580462 2.17593 0 0 0
21 5.399315 -0.5804622 -2.175933 0 0 3.141593
22 0 0 0 0 0 0
23 1.426178 3.512926 0 0 0 1.570796
24 3.057939 0.0778584 0 -1.570796 -1.570796 0
25 0 0 0 1.570796 -5.960464E-08 -1.570796
26 -0.063815 0 -1.133617 -0.0009924218 0.01384539 0.05614555
27 0.856682 -0.00300495 0 -0.002598093 0.01368637 0.06516372
28 1.94 0 0 0 0 -0.1613688
29 0.182077 4.48999E-06 0 0 0 -0.1715248
30 0.565037 0 0 0.00763917 -0.02620526 0.2104482
31 0.17727 0.3363641 0 0 0 1.570796
32 -0.063815 0 1.133617 0.0009921244 -0.01384627 -3.085451
33 -0.856682 0.00299782 0 0.002597072 -0.0136821 0.0651537
34 -1.94 0 0 0 0 -0.161317
35 -0.182077 0 0 0 0 -0.1714775
36 -0.565037 0 0 -0.007637496 0.02620505 0.210353
37 -0.17727 -0.3363641 0 4.547474E-13 -8.697612E-06 1.570796
39 -0.831173 -1.731595 0 0 0 -1.678772
40 2.130095 0 0 0 0 0
time 35
0 0 0 0 0 0 0
1 0 0 0 0 0 0
2 -0.08443867 4.807925 0 0 0 0
3 0 0 0 1.570796 0.01772178 1.570861
4 2.169108 0 0 0.0002671061 -0.002553251 -0.1065415
5 1.57372 0 0 -0.0008816631 -0.002146945 -0.08450965
6 0.908364 0 0.7 3.141135 -1.222834 -3.10311
7 0.989264 0 0.219672 -0.1342055 -0.2059989 1.258282
8 0.697546 0 0 0.04687099 0 0
9 0.87866 0 0 2.96923E-07 1.127082E-06 0.2293986
10 1.61306 0 0 0 0 0
11 0.6749005 0.002653658 -0.006226086 0 0 0
12 0.908364 0 -0.7 -3.141151 -1.220628 0.03810753
13 -0.988649 0 -0.21967 -0.1661931 -0.2355455 1.275627
14 -0.69816 0 0 0.03085103 0 0
15 -0.878661 0 0 2.012772E-07 7.406318E-07 0.2845244
16 -1.613063 0 0 0 0 0
17 -0.6748417 -0.005068137 0.004517855 0 0 0
18 1.327899 0 0 0.0001535059 0.001102506 0.03822035
19 0.03170101 0 0 0.0006444862 -0.008680272 -0.0157966
20 5.399332 -0.580462 2.17593 0 0 0
21 5.399315 -0.5804622 -2.175933 0 0 3.141593
22 0 0 0 0 0 0
23 1.426178 3.512926 0 0 0 1.570796
24 3.057939 0.0778584 0 -1.570796 -1.570796 0
25 0 0 0 1.570796 -5.960464E-08 -1.570796
26 -0.063815 0 -1.133617 -0.0006820392 0.01124961 0.04888749
27 0.856682 -0.00300495 0 -0.002360492 0.01116412 0.05656633
28 1.94 0 0 0 0 -0.1398185
29 0.182077 4.48999E-06 0 0 0 -0.1500496
30 0.565037 0 0 0.006251269 -0.02136195 0.1835557
31 0.17727 0.3363641 0 0 0 1.570796
32 -0.063815 0 1.133617 0.000681916 -0.01125368 -3.092694
33 -0.856682 0.00299782 0 0.002359764 -0.01116166 0.05656264
34 -1.94 0 0 0 0 -0.139769
35 -0.182077 0 0 0 0 -0.1500035
36 -0.565037 0 0 -0.0062499 0.02136175 0.1834608
37 -0.17727 -0.3363641 0 4.547474E-13 -8.697612E-06 1.570796
39 -0.831173 -1.731595 0 0 0 -1.690282
40 2.130095 0 0 0 0 0
time 36
0 0 0 0 0 0 0
1 0 0 0 0 0 0
2 -0.06265768 4.810818 0 0 0 0
3 0 0 0 1.570796 0.01807365 1.571175
4 2.169108 0 0 0.0002671084 0.0004928382 -0.1076019
5 1.57372 0 0 -0.000849936 0.0005538594 -0.08549319
6 0.908364 0 0.7 3.141135 -1.221663 -3.103026
7 0.989264 0 0.219672 -0.1413885 -0.211478 1.266726
8 0.697546 0 0 0.0431302 0 0
9 0.87866 0 0 2.969261E-07 1.127089E-06 0.222502
10 1.61306 0 0 0 0 0
11 0.674651 0.002932162 -0.005469285 0 0 0
12 0.908364 0 -0.7 -3.141151 -1.221798 0.03836072
13 -0.988649 0 -0.21967 -0.1620647 -0.2317673 1.275102
14 -0.69816 0 0 0.03484334 0 0
15 -0.878661 0 0 2.012784E-07 7.406348E-07 0.2756659
16 -1.613063 0 0 0 0 0
17 -0.6743535 -0.004592737 0.005284067 0 0 0
18 1.327899 0 0 0.0001535605 -6.760305E-05 0.0384103
19 0.03170101 0 0 0.0006458929 -5.537744E-05 -0.0170846
20 5.399332 -0.580462 2.17593 0 0 0
21 5.399315 -0.5804622 -2.175933 0 0 3.141593
22 0 0 0 0 0 0
23 1.426178 3.512926 0 0 0 1.570796
24 3.057939 0.0778584 0 -1.570796 -1.570796 0
25 0 0 0 1.570796 -5.960464E-08 -1.570796
26 -0.063815 0 -1.133617 -0.0003506336 0.008282389 0.04625464
27 0.856682 -0.00300495 0 -0.002042564 0.008266604 0.05336115
28 1.94 0 0 0 0 -0.1334712
29 0.182077 4.48999E-06 0 0 0 -0.1437217
30 0.565037 0 0 0.004682127 -0.01575898 0.1762152
31 0.17727 0.3363641 0 0 0 1.570796
32 -0.063815 0 1.133617 0.0003504381 -0.008283236 -3.095339
33 -0.856682 0.00299782 0 0.002042103 -0.008265364 0.05336136
34 -1.94 0 0 0 0 -0.1334194
35 -0.182077 0 0 0 0 -0.1436736
36 -0.565037 0 0 -0.004681151 0.01575908 0.176123
37 -0.17727 -0.3363641 0 4.547474E-13 -8.697612E-06 1.570796
39 -0.831173 -1.731595 0 0 0 -1.696468
40 2.130095 0 0 0 0 0
time 37
0 0 0 0 0 0 0
1 0 0 0 0 0 0
2 -0.03856567 4.809625 0 0 0 0
3 0 0 0 1.570796 0.0179887 1.571508
4 2.169108 0 0 0.0002671159 0.003476439 -0.1074178
5 1.57372 0 0 -0.0008153812 0.003197458 -0.0856652
6 0.908364 0 0.7 3.141135 -1.220572 -3.103386
7 0.989264 0 0.219672 -0.1463037 -0.2157336 1.268307
8 0.697546 0 0 0.03916066 0 0
9 0.87866 0 0 2.969259E-07 1.127089E-06 0.230994
10 1.61306 0 0 0 0 0
11 0.6747914 0.003407499 -0.004773971 0 0 0
12 0.908364 0 -0.7 -3.141151 -1.222889 0.03816959
13 -0.988649 0 -0.21967 -0.1550256 -0.2271218 1.269166
14 -0.69816 0 0 0.03875673 0 0
15 -0.878661 0 0 2.012771E-07 7.406319E-07 0.2775389
16 -1.613063 0 0 0 0 0
17 -0.6742696 -0.004196838 0.006060957 0 0 0
18 1.327899 0 0 0.0001535648 -0.001159026 0.03814982
19 0.03170101 0 0 0.0006460158 0.00819973 -0.01654324
20 5.399332 -0.580462 2.17593 0 0 0
21 5.399315 -0.5804622 -2.175933 0 0 3.141593
22 0 0 0 0 0 0
23 1.426178 3.512926 0 0 0 1.570796
24 3.057939 0.0778584 0 -1.570796 -1.570796 0
25 0 0 0 1.570796 -5.960464E-08 -1.570796
26 -0.063815 0 -1.133617 -9.60021E-06 0.005046302 0.04710242
27 0.856682 -0.00300495 0 -0.00166548 0.005101345 0.05407387
28 1.94 0 0 0 0 -0.1362524
29 0.182077 4.48999E-06 0 0 0 -0.1464927
30 0.565037 0 0 0.002985977 -0.009598721 0.1808841
31 0.17727 0.3363641 0 0 0 1.570796
32 -0.063815 0 1.133617 9.443032E-06 -0.005047079 -3.094489
33 -0.856682 0.00299782 0 0.001665163 -0.005100574 0.05407396
34 -1.94 0 0 0 0 -0.1361946
35 -0.182077 0 0 0 0 -0.1464389
36 -0.565037 0 0 -0.002985311 0.009598557 0.1807878
37 -0.17727 -0.3363641 0 4.547474E-13 -8.697612E-06 1.570796
39 -0.831173 -1.731595 0 0 0 -1.698802
40 2.130095 0 0 0 0 0
time 38
0 0 0 0 0 0 0
1 0 0 0 0 0 0
2 -0.01308541 4.805609 0 0 0 0
3 0 0 0 1.570796 0.01767522 1.571857
4 2.169108 0 0 0.0002671243 0.006315613 -0.1060267
5 1.57372 0 0 -0.0007789483 0.005711483 -0.08491728
6 0.908364 0 0.7 3.141135 -1.219576 -3.104159
7 0.989264 0 0.219672 -0.1494419 -0.2197648 1.264961
8 0.697546 0 0 0.03506843 0 0
9 0.87866 0 0 2.96926E-07 1.127089E-06 0.2495766
10 1.61306 0 0 0 0 0
11 0.6751804 0.004026176 -0.004146426 0 0 0
12 0.908364 0 -0.7 -3.141152 -1.223886 0.03756525
13 -0.988649 0 -0.21967 -0.1461055 -0.2207762 1.258755
14 -0.69816 0 0 0.04257938 0 0
15 -0.878661 0 0 2.012769E-07 7.406314E-07 0.2891244
16 -1.613063 0 0 0 0 0
17 -0.6744149 -0.003871905 0.006823737 0 0 0
18 1.327899 0 0 0.0001535325 -0.00215479 0.03746919
19 0.03170101 0 0 0.0006459357 0.01688862 -0.0144296
20 5.399332 -0.580462 2.17593 0 0 0
21 5.399315 -0.5804622 -2.175933 0 0 3.141593
22 0 0 0 0 0 0
23 1.426178 3.512926 0 0 0 1.570796
24 3.057939 0.0778584 0 -1.570796 -1.570796 0
25 0 0 0 1.570796 -5.960464E-08 -1.570796
26 -0.063815 0 -1.133617 0.0003292109 0.001657215 0.05151023
27 0.856682 -0.00300495 0 -0.001250606 0.001778522 0.05892786
28 1.94 0 0 0 0 -0.1462351
29 0.182077 4.48999E-06 0 0 0 -0.1564424
30 0.565037 0 0 0.001216917 -0.003082893 0.1932403
31 0.17727 0.3363641 0 0 0 1.570796
32 -0.063815 0 1.133617 -0.000329313 -0.001657363 -3.090084
33 -0.856682 0.00299782 0 0.001250615 -0.001778511 0.05893595
34 -1.94 0 0 0 0 -0.146178
35 -0.182077 0 0 0 0 -0.156389
36 -0.565037 0 0 -0.00121666 0.003082876 0.1931451
37 -0.17727 -0.3363641 0 4.547474E-13 -8.697612E-06 1.570796
39 -0.831173 -1.731595 0 0 0 -1.698762
40 2.130095 0 0 0 0 0
time 39
0 0 0 0 0 0 0
1 0 0 0 0 0 0
2 0.01286027 4.795151 0 0 0 0
3 0 0 0 1.570796 0.01715551 1.572216
4 2.169108 0 0 0.0002671176 0.008929019 -0.103475
5 1.57372 0 0 -0.0007415468 0.008023719 -0.08313718
6 0.908364 0 0.7 3.141135 -1.21869 -3.105314
7 0.989264 0 0.219672 -0.1504741 -0.2217858 1.256984
8 0.697546 0 0 0.03096673 0 0
9 0.87866 0 0 2.969267E-07 1.127091E-06 0.2803788
10 1.61306 0 0 0 0 0
11 0.675895 0.004734702 -0.003592935 0 0 0
12 0.908364 0 -0.7 -3.141152 -1.224771 0.03657829
13 -0.988649 0 -0.21967 -0.1350913 -0.2110047 1.244297
14 -0.69816 0 0 0.04605503 0 0
15 -0.878661 0 0 2.012787E-07 7.406355E-07 0.3126304
16 -1.613063 0 0 0 0 0
17 -0.6748769 -0.003609403 0.007547618 0 0 0
18 1.327899 0 0 0.0001535461 -0.003040176 0.03642599
19 0.03170101 0 0 0.0006459072 0.02553728 -0.01098624
20 5.399332 -0.580462 2.17593 0 0 0
21 5.399315 -0.5804622 -2.175933 0 0 3.141593
22 0 0 0 0 0 0
23 1.426178 3.512926 0 0 0 1.570796
24 3.057939 0.0778584 0 -1.570796 -1.570796 0
25 0 0 0 1.570796 -5.960464E-08 -1.570796
26 -0.063815 0 -1.133617 0.0006539557 -0.001773432 0.05952192
27 0.856682 -0.00300495 0 -0.0008202784 -0.001590436 0.06819323
28 1.94 0 0 0 0 -0.1674218
29 0.182077 4.48999E-06 0 0 0 -0.1775551
30 0.565037 0 0 -0.0005709865 0.003586951 0.219828
31 0.17727 0.3363641 0 0 0 1.570796
32 -0.063815 0 1.133617 -0.0006540751 0.001773769 -3.082067
33 -0.856682 0.00299782 0 0.0008203359 0.001590243 0.06819673
34 -1.94 0 0 0 0 -0.1673648
35 -0.182077 0 0 0 0 -0.1775026
36 -0.565037 0 0 0.0005708474 -0.003586909 0.2197324
37 -0.17727 -0.3363641 0 4.547474E-13 -8.697612E-06 1.570796
39 -0.831173 -1.731595 0 0 0 -1.696685
40 2.130095 0 0 0 0 0
time 40
0 0 0 0 0 0 0
1 0 0 0 0 0 0
2 0.03834857 4.774375 0 0 0 0
3 0 0 0 1.570796 0.01645225 1.572582
4 2.169108 0 0 0.0002671234 0.01123335 -0.09978455
5 1.57372 0 0 -0.000704214 0.01006295 -0.08022022
6 0.908364 0 0.7 3.141135 -1.217932 -3.106818
7 0.989264 0 0.219672 -0.1477875 -0.2193637 1.244671
8 0.697546 0 0 0.02696642 0 0
9 0.87866 0 0 2.969246E-07 1.127087E-06 0.3246087
10 1.61306 0 0 0 0 0
11 0.6770123 0.005479585 -0.003119781 0 0 0
12 0.908364 0 -0.7 -3.141152 -1.22553 0.03524033
13 -0.988649 0 -0.21967 -0.1206398 -0.1960814 1.226219
14 -0.69816 0 0 0.04896101 0 0
15 -0.878661 0 0 2.012777E-07 7.406332E-07 0.3489281
16 -1.613063 0 0 0 0 0
17 -0.675743 -0.003400796 0.008207811 0 0 0
18 1.327899 0 0 0.0001535279 -0.003797461 0.03502536
19 0.03170101 0 0 0.0006456471 0.03365475 -0.005883828
20 5.399332 -0.580462 2.17593 0 0 0
21 5.399315 -0.5804622 -2.175933 0 0 3.141593
22 0 0 0 0 0 0
23 1.426178 3.512926 0 0 0 1.570796
24 3.057939 0.0778584 0 -1.570796 -1.570796 0
25 0 0 0 1.570796 -5.960464E-08 -1.570796
26 -0.063815 0 -1.133617 0.0009530931 -0.005133855 0.07121963
27 0.856682 -0.00300495 0 -0.0003953009 -0.004895679 0.08205963
28 1.94 0 0 0 0 -0.2022523
29 0.182077 4.48999E-06 0 0 0 -0.2122667
30 0.565037 0 0 -0.002323597 0.01020887 0.2636103
31 0.17727 0.3363641 0 0 0 1.570796
32 -0.063815 0 1.133617 -0.0009530876 0.005134162 -3.070378
33 -0.856682 0.00299782 0 0.0003955427 0.004895384 0.08206836
34 -1.94 0 0 0 0 -0.2021944
35 -0.182077 0 0 0 0 -0.2122126
36 -0.565037 0 0 0.002323071 -0.01020877 0.2635142
37 -0.17727 -0.3363641 0 4.547474E-13 -8.697612E-06 1.570796
39 -0.831173 -1.731595 0 0 0 -1.690645
40 2.130095 0 0 0 0 0
time 41
0 0 0 0 0 0 0
1 0 0 0 0 0 0
2 0.06245668 4.739407 0 0 0 0
3 0 0 0 1.570796 0.01558763 1.572951
4 2.169108 0 0 0.0002671408 0.01314705 -0.0938732
5 1.57372 0 0 -0.0006677216 0.01175615 -0.0760439
6 0.908364 0 0.7 3.141135 -1.217316 -3.108639
7 0.989264 0 0.219672 -0.1399489 -0.2100661 1.228319
8 0.697546 0 0 0.02314075 0 0
9 0.87866 0 0 2.969264E-07 1.127091E-06 0.3823737
10 1.61306 0 0 0 0 0
11 0.6786094 0.006207334 -0.002733247 0 0 0
12 0.908364 0 -0.7 -3.141152 -1.226144 0.03358179
13 -0.988649 0 -0.21967 -0.1020899 -0.1742807 1.204947
14 -0.69816 0 0 0.05102619 0 0
15 -0.878661 0 0 2.012785E-07 7.40635E-07 0.3967284
16 -1.613063 0 0 0 0 0
17 -0.6771007 -0.003237551 0.008779528 0 0 0
18 1.327899 0 0 0.0001535639 -0.004414315 0.03333282
19 0.03170101 0 0 0.0006460574 0.04082285 0.001750938
20 5.399332 -0.580462 2.17593 0 0 0
21 5.399315 -0.5804622 -2.175933 0 0 3.141593
22 0 0 0 0 0 0
23 1.426178 3.512926 0 0 0 1.570796
24 3.057939 0.0778584 0 -1.570796 -1.570796 0
25 0 0 0 1.570796 -5.960464E-08 -1.570796
26 -0.063815 0 -1.133617 0.001214652 -0.008311294 0.08664154
27 0.856682 -0.00300495 0 2.301314E-06 -0.00802716 0.1007909
28 1.94 0 0 0 0 -0.251211
29 0.182077 4.48999E-06 0 0 0 -0.261061
30 0.565037 0 0 -0.003986809 0.01658115 0.3256541
31 0.17727 0.3363641 0 0 0 1.570796
32 -0.063815 0 1.133617 -0.001214595 0.00831167 -3.054958
33 -0.856682 0.00299782 0 -1.950543E-06 0.008026206 0.1007957
34 -1.94 0 0 0 0 -0.251153
35 -0.182077 0 0 0 0 -0.2610023
36 -0.565037 0 0 0.00398592 -0.01658105 0.3255578
37 -0.17727 -0.3363641 0 4.547474E-13 -8.697612E-06 1.570796
39 -0.831173 -1.731595 0 0 0 -1.679154
40 2.130095 0 0 0 0 0
time 42
0 0 0 0 0 0 0
1 0 0 0 0 0 0
2 0.08426179 4.686368 0 0 0 0
3 0 0 0 1.570796 0.01458419 1.57324
4 2.169108 0 0 0.0002671163 0.01459005 -0.08599444
5 1.57372 0 0 -0.0006330532 0.01303182 -0.07050053
6 0.908364 0 0.7 3.141135 -1.21686 -3.110747
7 0.989264 0 0.219672 -0.1255258 -0.1914603 1.207599
8 0.697546 0 0 0.01961659 0 0
9 0.87866 0 0 2.969264E-07 1.12709E-06 0.4505128
10 1.61306 0 0 0 0 0
11 0.6807631 0.006864455 -0.002439616 0 0 0
12 0.908364 0 -0.7 -3.141152 -1.226601 0.03163404
13 -0.988649 0 -0.21967 -0.07877965 -0.1438769 1.180867
14 -0.69816 0 0 0.05201202 0 0
15 -0.878661 0 0 2.012787E-07 7.406355E-07 0.4547348
16 -1.613063 0 0 0 0 0
17 -0.6790375 -0.003111131 0.009237979 0 0 0
18 1.327899 0 0 0.0001535639 -0.004870589 0.03134294
19 0.03170101 0 0 0.0006458951 0.04648839 0.01252337
20 5.399332 -0.580462 2.17593 0 0 0
21 5.399315 -0.5804622 -2.175933 0 0 3.141593
22 0 0 0 0 0 0
23 1.426178 3.512926 0 0 0 1.570796
24 3.057939 0.0778584 0 -1.570796 -1.570796 0
25 0 0 0 1.570796 -5.960464E-08 -1.570796
26 -0.063815 0 -1.133617 0.001427538 -0.01119353 0.1058507
27 0.856682 -0.00300495 0 0.0003510224 -0.01087336 0.1239515
28 1.94 0 0 0 0 -0.3112699
29 0.182077 4.48999E-06 0 0 0 -0.3209163
30 0.565037 0 0 -0.005506511 0.02250206 0.4023764
31 0.17727 0.3363641 0 0 0 1.570796
32 -0.063815 0 1.133617 -0.001427459 0.01119414 -3.035751
33 -0.856682 0.00299782 0 -0.0003505452 0.01087205 0.1239574
34 -1.94 0 0 0 0 -0.311213
35 -0.182077 0 0 0 0 -0.3208566
36 -0.565037 0 0 0.00550528 -0.02250189 0.4022781
37 -0.17727 -0.3363641 0 4.547474E-13 -8.697612E-06 1.570796
39 -0.831173 -1.731595 0 0 0 -1.660727
40 2.130095 0 0 0 0 0
time 43
0 0 0 0 0 0 0
1 0 0 0 0 0 0
2 0.102841 4.612393 0 0 0 0
3 0 0 0 1.570796 0.0134642 1.573386
4 2.169108 0 0 0.0002671185 0.01547787 -0.07827378
5 1.57372 0 0 -0.0006012165 0.01381903 -0.06475892
6 0.908364 0 0.7 3.141135 -1.216579 -3.11311
7 0.989264 0 0.219672 -0.1032175 -0.1606602 1.188739
8 0.697546 0 0 0.01648632 0 0
9 0.87866 0 0 2.969262E-07 1.12709E-06 0.5265244
10 1.61306 0 0 0 0 0
11 0.6830334 0.007397456 -0.002245173 0 0 0
12 0.908364 0 -0.7 -3.141152 -1.226883 0.02942773
13 -0.988649 0 -0.21967 -0.05009774 -0.1027367 1.159641
14 -0.69816 0 0 0.05167165 0 0
15 -0.878661 0 0 2.012785E-07 7.406352E-07 0.5214381
16 -1.613063 0 0 0 0 0
17 -0.6811363 -0.003013002 0.009558376 0 0 0
18 1.327899 0 0 0.0001535141 -0.005149322 0.02908725
19 0.03170101 0 0 0.0006461439 0.0502267 0.02613216
20 5.399332 -0.580462 2.17593 0 0 0
21 5.399315 -0.5804622 -2.175933 0 0 3.141593
22 0 0 0 0 0 0
23 1.426178 3.512926 0 0 0 1.570796
24 3.057939 0.0778584 0 -1.570796 -1.570796 0
25 0 0 0 1.570796 -5.960464E-08 -1.570796
26 -0.063815 0 -1.133617 0.001576214 -0.01366846 0.1282477
27 0.856682 -0.00300495 0 0.0006292042 -0.01332385 0.1501359
28 1.94 0 0 0 0 -0.3804581
29 0.182077 4.48999E-06 0 0 0 -0.3898687
30 0.565037 0 0 -0.006828573 0.02776965 0.4914397
31 0.17727 0.3363641 0 0 0 1.570796
32 -0.063815 0 1.133617 -0.001576123 0.01366943 -3.013354
33 -0.856682 0.00299782 0 -0.0006286243 0.01332232 0.150144
34 -1.94 0 0 0 0 -0.3804115
35 -0.182077 0 0 0 0 -0.3898158
36 -0.565037 0 0 0.006827053 -0.02776937 0.4913383
37 -0.17727 -0.3363641 0 4.547474E-13 -8.697612E-06 1.570796
39 -0.831173 -1.731595 0 0 0 -1.633876
40 2.130095 0 0 0 0 0
time 44
0 0 0 0 0 0 0
1 0 0 0 0 0 0
2 0.1172717 4.567675 0 0 0 0
3 0 0 0 1.570796 0.01275192 1.573403
4 2.169108 0 0 0.0002671361 0.01572897 -0.07474717
5 1.57372 0 0 -0.0005728666 0.01404244 -0.0615995
6 0.908364 0 0.7 3.141135 -1.216488 -3.114259
7 0.989264 0 0.219672 -0.09093504 -0.1428842 1.181866
8 0.697546 0 0 0.01469722 0 0
9 0.87866 0 0 2.969265E-07 1.127091E-06 0.561011
10 1.61306 0 0 0 0 0
11 0.6842909 0.007752845 -0.0021562 0 0 0
12 0.908364 0 -0.7 -3.141151 -1.226973 0.0282942
13 -0.988649 0 -0.21967 -0.03362857 -0.07830159 1.149614
14 -0.69816 0 0 0.0515284 0 0
15 -0.878661 0 0 2.01278E-07 7.406343E-07 0.5490388
16 -1.613063 0 0 0 0 0
17 -0.6823018 -0.002934629 0.00971593 0 0 0
18 1.327899 0 0 0.0001535203 -0.005240251 0.02794187
19 0.03170101 0 0 0.0006459049 0.05152313 0.03334943
20 5.399332 -0.580462 2.17593 0 0 0
21 5.399315 -0.5804622 -2.175933 0 0 3.141593
22 0 0 0 0 0 0
23 1.426178 3.512926 0 0 0 1.570796
24 3.057939 0.0778584 0 -1.570796 -1.570796 0
25 0 0 0 1.570796 -5.960464E-08 -1.570796
26 -0.063815 0 -1.133617 0.001662792 -0.01562454 0.14004
27 0.856682 -0.00300495 0 0.0008152321 -0.01526847 0.1639515
28 1.94 0 0 0 0 -0.4171633
29 0.182077 4.48999E-06 0 0 0 -0.4264475
30 0.565037 0 0 -0.00789889 0.03173539 0.5384742
31 0.17727 0.3363641 0 0 0 1.570796
32 -0.063815 0 1.133617 -0.001662674 0.01562538 -3.001565
33 -0.856682 0.00299782 0 -0.0008145782 0.01526698 0.1639633
34 -1.94 0 0 0 0 -0.4171149
35 -0.182077 0 0 0 0 -0.4263929
36 -0.565037 0 0 0.00789713 -0.03173511 0.5383726
37 -0.17727 -0.3363641 0 4.547474E-13 -8.697612E-06 1.570796
39 -0.831173 -1.731595 0 0 0 -1.596641
40 2.130095 0 0 0 0 0
time 45
0 0 0 0 0 0 0
1 0 0 0 0 0 0
2 0.126631 4.612393 0 0 0 0
3 0 0 0 1.570796 0.01284009 1.573306
4 2.169108 0 0 0.0002671177 0.01521212 -0.07827409
5 1.57372 0 0 -0.0005492875 0.01358811 -0.06363812
6 0.908364 0 0.7 3.141135 -1.216604 -3.113348
7 0.989264 0 0.219672 -0.1069871 -0.1645841 1.193602
8 0.697546 0 0 0.0147458 0 0
9 0.87866 0 0 2.969256E-07 1.127089E-06 0.5307125
10 1.61306 0 0 0 0 0
11 0.6835793 0.007877131 -0.00217898 0 0 0
12 0.908364 0 -0.7 -3.141152 -1.226857 0.02914878
13 -0.988649 0 -0.21967 -0.04709544 -0.09904183 1.156568
14 -0.69816 0 0 0.05260915 0 0
15 -0.878661 0 0 2.012787E-07 7.406356E-07 0.514538
16 -1.613063 0 0 0 0 0
17 -0.6816031 -0.002867477 0.009685852 0 0 0
18 1.327899 0 0 0.0001535548 -0.005126174 0.02881961
19 0.03170101 0 0 0.0006459403 0.04993 0.02712953
20 5.399332 -0.580462 2.17593 0 0 0
21 5.399315 -0.5804622 -2.175933 0 0 3.141593
22 0 0 0 0 0 0
23 1.426178 3.512926 0 0 0 1.570796
24 3.057939 0.0778584 0 -1.570796 -1.570796 0
25 0 0 0 1.570796 -5.960464E-08 -1.570796
26 -0.063815 0 -1.133617 0.001689305 -0.0169484 0.1280451
27 0.856682 -0.00300495 0 0.0009320381 -0.01659682 0.1498718
28 1.94 0 0 0 0 -0.3798277
29 0.182077 4.48999E-06 0 0 0 -0.3892399
30 0.565037 0 0 -0.008663341 0.03375836 0.4904395
31 0.17727 0.3363641 0 0 0 1.570796
32 -0.063815 0 1.133617 -0.001689203 0.01694985 -3.013555
33 -0.856682 0.00299782 0 -0.0009313491 0.01659493 0.14988
34 -1.94 0 0 0 0 -0.3797741
35 -0.182077 0 0 0 0 -0.3891819
36 -0.565037 0 0 0.008661414 -0.03375804 0.4903384
37 -0.17727 -0.3363641 0 4.547474E-13 -8.697612E-06 1.570796
39 -0.831173 -1.731595 0 0 0 -1.574889
40 2.130095 0 0 0 0 0
time 46
0 0 0 0 0 0 0
1 0 0 0 0 0 0
2 0.129996 4.686614 0 0 0 0
3 0 0 0 1.570796 0.01351225 1.57311
4 2.169108 0 0 0.0002671345 0.01391981 -0.08607226
5 1.57372 0 0 -0.0005311399 0.01244781 -0.06924862
6 0.908364 0 0.7 3.141135 -1.216944 -3.111125
7 0.989264 0 0.219672 -0.1329476 -0.1989955 1.216678
8 0.697546 0 0 0.0162826 0 0
9 0.87866 0 0 2.969253E-07 1.127088E-06 0.4596105
10 1.61306 0 0 0 0 0
11 0.6815529 0.007716823 -0.002319797 0 0 0
12 0.908364 0 -0.7 -3.141152 -1.226517 0.03125875
13 -0.988649 0 -0.21967 -0.07301902 -0.1369786 1.175597
14 -0.69816 0 0 0.05392522 0 0
15 -0.878661 0 0 2.012779E-07 7.406339E-07 0.438633
16 -1.613063 0 0 0 0 0
17 -0.6797016 -0.002803011 0.009443354 0 0 0
18 1.327899 0 0 0.0001535649 -0.004787068 0.03095788
19 0.03170101 0 0 0.0006460306 0.04496466 0.01374451
20 5.399332 -0.580462 2.17593 0 0 0
21 5.399315 -0.5804622 -2.175933 0 0 3.141593
22 0 0 0 0 0 0
23 1.426178 3.512926 0 0 0 1.570796
24 3.057939 0.0778584 0 -1.570796 -1.570796 0
25 0 0 0 1.570796 -5.960464E-08 -1.570796
26 -0.063815 0 -1.133617 0.001657893 -0.01752923 0.1053392
27 0.856682 -0.00300495 0 0.001044287 -0.01719841 0.1228975
28 1.94 0 0 0 0 -0.3097202
29 0.182077 4.48999E-06 0 0 0 -0.3193704
30 0.565037 0 0 -0.009067827 0.03403377 0.3997095
31 0.17727 0.3363641 0 0 0 1.570796
32 -0.063815 0 1.133617 -0.001657799 0.01753069 -3.03626
33 -0.856682 0.00299782 0 -0.001043556 0.01719666 0.1229055
34 -1.94 0 0 0 0 -0.3096708
35 -0.182077 0 0 0 0 -0.3193187
36 -0.565037 0 0 0.009065803 -0.03403336 0.3996094
37 -0.17727 -0.3363641 0 4.547474E-13 -8.697612E-06 1.570796
39 -0.831173 -1.731595 0 0 0 -1.596456
40 2.130095 0 0 0 0 0
time 47
0 0 0 0 0 0 0
1 0 0 0 0 0 0
2 0.1268503 4.74029 0 0 0 0
3 0 0 0 1.570796 0.01455245 1.572829
4 2.169108 0 0 0.0002671132 0.01199717 -0.09421209
5 1.57372 0 0 -0.0005193631 0.01074768 -0.07487632
6 0.908364 0 0.7 3.141135 -1.217522 -3.108343
7 0.989264 0 0.219672 -0.1507858 -0.2206495 1.240373
8 0.697546 0 0 0.01896149 0 0
9 0.87866 0 0 2.969263E-07 1.127091E-06 0.3974935
10 1.61306 0 0 0 0 0
11 0.6795871 0.007218426 -0.002584936 0 0 0
12 0.908364 0 -0.7 -3.141152 -1.225939 0.0338919
13 -0.988649 0 -0.21967 -0.0941595 -0.1647958 1.199019
14 -0.69816 0 0 0.05447952 0 0
15 -0.878661 0 0 2.012785E-07 7.406351E-07 0.3681926
16 -1.613063 0 0 0 0 0
17 -0.6779416 -0.002732697 0.008963646 0 0 0
18 1.327899 0 0 0.0001535559 -0.004208674 0.03362283
19 0.03170101 0 0 0.000645733 0.03720377 0.001103428
20 5.399332 -0.580462 2.17593 0 0 0
21 5.399315 -0.5804622 -2.175933 0 0 3.141593
22 0 0 0 0 0 0
23 1.426178 3.512926 0 0 0 1.570796
24 3.057939 0.0778584 0 -1.570796 -1.570796 0
25 0 0 0 1.570796 -5.960464E-08 -1.570796
26 -0.063815 0 -1.133617 0.001570617 -0.017254 0.08522862
27 0.856682 -0.00300495 0 0.001136038 -0.01696069 0.09930015
28 1.94 0 0 0 0 -0.2485814
29 0.182077 4.48999E-06 0 0 0 -0.2584386
30 0.565037 0 0 -0.009058205 0.03275618 0.3212772
31 0.17727 0.3363641 0 0 0 1.570796
32 -0.063815 0 1.133617 -0.001570553 0.01725573 -3.056367
33 -0.856682 0.00299782 0 -0.001135275 0.01695877 0.09930529
34 -1.94 0 0 0 0 -0.2485324
35 -0.182077 0 0 0 0 -0.2583904
36 -0.565037 0 0 0.009056204 -0.03275604 0.3211813
37 -0.17727 -0.3363641 0 4.547474E-13 -8.697612E-06 1.570796
39 -0.831173 -1.731595 0 0 0 -1.633876
40 2.130095 0 0 0 0 0
time 48
0 0 0 0 0 0 0
1 0 0 0 0 0 0
2 0.1178745 4.776104 0 0 0 0
3 0 0 0 1.570796 0.01574501 1.572477
4 2.169108 0 0 0.0002671231 0.009582457 -0.1005253
5 1.57372 0 0 -0.0005149199 0.008614597 -0.07968845
6 0.908364 0 0.7 3.141135 -1.218355 -3.105751
7 0.989264 0 0.219672 -0.1616285 -0.2324053 1.257998
8 0.697546 0 0 0.02250347 0 0
9 0.87866 0 0 2.969266E-07 1.127091E-06 0.3464913
10 1.61306 0 0 0 0 0
11 0.6778055 0.006573956 -0.002980678 0 0 0
12 0.908364 0 -0.7 -3.141152 -1.225107 0.03631548
13 -0.988649 0 -0.21967 -0.1110446 -0.1843716 1.222177
14 -0.69816 0 0 0.05329362 0 0
15 -0.878661 0 0 2.012784E-07 7.406348E-07 0.3063767
16 -1.613063 0 0 0 0 0
17 -0.6764174 -0.002647998 0.008221942 0 0 0
18 1.327899 0 0 0.000153559 -0.003376081 0.03608056
19 0.03170101 0 0 0.0006458068 0.02802503 -0.00696689
20 5.399332 -0.580462 2.17593 0 0 0
21 5.399315 -0.5804622 -2.175933 0 0 3.141593
22 0 0 0 0 0 0
23 1.426178 3.512926 0 0 0 1.570796
24 3.057939 0.0778584 0 -1.570796 -1.570796 0
25 0 0 0 1.570796 -5.960464E-08 -1.570796
26 -0.063815 0 -1.133617 0.001429548 -0.01601044 0.06853054
27 0.856682 -0.00300495 0 0.001191435 -0.01577817 0.07973494
28 1.94 0 0 0 0 -0.1983668
29 0.182077 4.48999E-06 0 0 0 -0.2083964
30 0.565037 0 0 -0.008580346 0.03012065 0.2572712
31 0.17727 0.3363641 0 0 0 1.570796
32 -0.063815 0 1.133617 -0.001429547 0.01601286 -3.073061
33 -0.856682 0.00299782 0 -0.001190669 0.01577684 0.07974119
34 -1.94 0 0 0 0 -0.1983174
35 -0.182077 0 0 0 0 -0.2083483
36 -0.565037 0 0 0.008578467 -0.03012057 0.2571765
37 -0.17727 -0.3363641 0 4.547474E-13 -8.697612E-06 1.570796
39 -0.831173 -1.731595 0 0 0 -1.660461
40 2.130095 0 0 0 0 0
time 49
0 0 0 0 0 0 0
1 0 0 0 0 0 0
2 0.1039473 4.797502 0 0 0 0
3 0 0 0 1.570796 0.01687342 1.57207
4 2.169108 0 0 0.0002671228 0.006819875 -0.1041933
5 1.57372 0 0 -0.0005187843 0.006174911 -0.08285301
6 0.908364 0 0.7 3.141135 -1.219458 -3.104101
7 0.989264 0 0.219672 -0.1664962 -0.2366406 1.269853
8 0.697546 0 0 0.02656557 0 0
9 0.87866 0 0 2.969261E-07 1.12709E-06 0.3085859
10 1.61306 0 0 0 0 0
11 0.6763317 0.006007628 -0.003513307 0 0 0
12 0.908364 0 -0.7 -3.141152 -1.224003 0.03779762
13 -0.988649 0 -0.21967 -0.1241694 -0.1974598 1.242742
14 -0.69816 0 0 0.05060859 0 0
15 -0.878661 0 0 2.012784E-07 7.406351E-07 0.2583618
16 -1.613063 0 0 0 0 0
17 -0.6752235 -0.00254038 0.007358126 0 0 0
18 1.327899 0 0 0.0001535599 -0.00227248 0.03758296
19 0.03170101 0 0 0.0006454847 0.01820354 -0.01252337
20 5.399332 -0.580462 2.17593 0 0 0
21 5.399315 -0.5804622 -2.175933 0 0 3.141593
22 0 0 0 0 0 0
23 1.426178 3.512926 0 0 0 1.570796
24 3.057939 0.0778584 0 -1.570796 -1.570796 0
25 0 0 0 1.570796 -5.960464E-08 -1.570796
26 -0.063815 0 -1.133617 0.001236875 -0.0139557 0.05612438
27 0.856682 -0.00300495 0 0.001194475 -0.01379432 0.06516207
28 1.94 0 0 0 0 -0.1613392
29 0.182077 4.48999E-06 0 0 0 -0.171497
30 0.565037 0 0 -0.007580229 0.0263227 0.2104474
31 0.17727 0.3363641 0 0 0 1.570796
32 -0.063815 0 1.133617 -0.001236878 0.01395742 -3.085468
33 -0.856682 0.00299782 0 -0.001193622 0.01379146 0.06515903
34 -1.94 0 0 0 0 -0.1612904
35 -0.182077 0 0 0 0 -0.171451
36 -0.565037 0 0 0.007578569 -0.02632261 0.2103534
37 -0.17727 -0.3363641 0 4.547474E-13 -8.697612E-06 1.570796
39 -0.831173 -1.731595 0 0 0 -1.678772
40 2.130095 0 0 0 0 0
time 50
0 0 0 0 0 0 0
1 0 0 0 0 0 0
2 0.08594771 4.807925 0 0 0 0
3 0 0 0 1.570796 0.01772187 1.57162
4 2.169108 0 0 0.0002671197 0.003851043 -0.1065442
5 1.57372 0 0 -0.0005318091 0.003554016 -0.08451781
6 0.908364 0 0.7 3.141135 -1.220712 -3.103349
7 0.989264 0 0.219672 -0.1664093 -0.2357332 1.27571
8 0.697546 0 0 0.03078139 0 0
9 0.87866 0 0 2.969259E-07 1.127089E-06 0.2857602
10 1.61306 0 0 0 0 0
11 0.6752894 0.005514426 -0.004189108 0 0 0
12 0.908364 0 -0.7 -3.141152 -1.222749 0.03838667
13 -0.988649 0 -0.21967 -0.1340296 -0.2058143 1.25849
14 -0.69816 0 0 0.047382 0 0
15 -0.878661 0 0 2.012781E-07 7.406343E-07 0.2293226
16 -1.613063 0 0 0 0 0
17 -0.6744543 -0.002565727 0.006532206 0 0 0
18 1.327899 0 0 0.000153548 -0.001018893 0.03822874
19 0.03170101 0 0 0.0006446274 0.008567372 -0.0157923
20 5.399332 -0.580462 2.17593 0 0 0
21 5.399315 -0.5804622 -2.175933 0 0 3.141593
22 0 0 0 0 0 0
23 1.426178 3.512926 0 0 0 1.570796
24 3.057939 0.0778584 0 -1.570796 -1.570796 0
25 0 0 0 1.570796 -5.960464E-08 -1.570796
26 -0.063815 0 -1.133617 0.0009944822 -0.01138989 0.04886734
27 0.856682 -0.00300495 0 0.001129183 -0.01130363 0.05657075
28 1.94 0 0 0 0 -0.1397725
29 0.182077 4.48999E-06 0 0 0 -0.1500019
30 0.565037 0 0 -0.006239872 0.02155662 0.1835524
31 0.17727 0.3363641 0 0 0 1.570796
32 -0.063815 0 1.133617 -0.0009946293 0.01139302 -3.092718
33 -0.856682 0.00299782 0 -0.001128335 0.01130109 0.05656707
34 -1.94 0 0 0 0 -0.1397229
35 -0.182077 0 0 0 0 -0.1499557
36 -0.565037 0 0 0.006238481 -0.0215564 0.1834575
37 -0.17727 -0.3363641 0 4.547474E-13 -8.697612E-06 1.570796
39 -0.831173 -1.731595 0 0 0 -1.690282
40 2.130095 0 0 0 0 0
time 51
0 0 0 0 0 0 0
1 0 0 0 0 0 0
2 0.06475438 4.810818 0 0 0 0
3 0 0 0 1.570796 0.01807371 1.571144
4 2.169108 0 0 0.0002671096 0.0008171327 -0.1076021
5 1.57372 0 0 -0.0005549393 0.0008780296 -0.08549291
6 0.908364 0 0.7 3.141135 -1.221944 -3.103078
7 0.989264 0 0.219672 -0.1623878 -0.2320606 1.275342
8 0.697546 0 0 0.03487753 0 0
9 0.87866 0 0 2.969259E-07 1.12709E-06 0.2768857
10 1.61306 0 0 0 0 0
11 0.674802 0.005089338 -0.00495653 0 0 0
12 0.908364 0 -0.7 -3.141151 -1.221516 0.03850026
13 -0.988649 0 -0.21967 -0.1411201 -0.211189 1.267197
14 -0.69816 0 0 0.04374499 0 0
15 -0.878661 0 0 2.012783E-07 7.406342E-07 0.2218472
16 -1.613063 0 0 0 0 0
17 -0.674204 -0.002849615 0.005749248 0 0 0
18 1.327899 0 0 0.0001535585 0.0002137399 0.03840978
19 0.03170101 0 0 0.0006458929 -5.537744E-05 -0.0170846
20 5.399332 -0.580462 2.17593 0 0 0
21 5.399315 -0.5804622 -2.175933 0 0 3.141593
22 0 0 0 0 0 0
23 1.426178 3.512926 0 0 0 1.570796
24 3.057939 0.0778584 0 -1.570796 -1.570796 0
25 0 0 0 1.570796 -5.960464E-08 -1.570796
26 -0.063815 0 -1.133617 0.0007048828 -0.008429389 0.04623283
27 0.856682 -0.00300495 0 0.0009796222 -0.008415119 0.05335448
28 1.94 0 0 0 0 -0.1334104
29 0.182077 4.48999E-06 0 0 0 -0.1436619
30 0.565037 0 0 -0.004666889 0.01601779 0.1755471
31 0.17727 0.3363641 0 0 0 1.570796
32 -0.063815 0 1.133617 -0.0007048912 0.008429559 -3.095364
33 -0.856682 0.00299782 0 -0.0009790098 0.008415196 0.05336342
34 -1.94 0 0 0 0 -0.1333568
35 -0.182077 0 0 0 0 -0.1436138
36 -0.565037 0 0 0.004665811 -0.01601747 0.1754506
37 -0.17727 -0.3363641 0 4.547474E-13 -8.697612E-06 1.570796
39 -0.831173 -1.731595 0 0 0 -1.696468
40 2.130095 0 0 0 0 0
time 52
0 0 0 0 0 0 0
1 0 0 0 0 0 0
2 0.04124616 4.809625 0 0 0 0
3 0 0 0 1.570796 0.01798867 1.570655
4 2.169108 0 0 0.0002670934 -0.002139491 -0.1074157
5 1.57372 0 0 -0.0005890696 -0.001727184 -0.08566295
6 0.908364 0 0.7 3.141135 -1.223136 -3.103259
7 0.989264 0 0.219672 -0.1554521 -0.2275252 1.269399
8 0.697546 0 0 0.038689 0 0
9 0.87866 0 0 2.969257E-07 1.127089E-06 0.2788938
10 1.61306 0 0 0 0 0
11 0.6747186 0.004727351 -0.005744566 0 0 0
12 0.908364 0 -0.7 -3.141152 -1.220326 0.03816966
13 -0.988649 0 -0.21967 -0.1459365 -0.2153377 1.268715
14 -0.69816 0 0 0.03981879 0 0
15 -0.878661 0 0 2.012781E-07 7.406343E-07 0.2293226
16 -1.613063 0 0 0 0 0
17 -0.6743431 -0.003337949 0.00501432 0 0 0
18 1.327899 0 0 0.0001535579 0.0014049 0.038148
19 0.03170101 0 0 0.0006463241 -0.00828249 -0.01655056
20 5.399332 -0.580462 2.17593 0 0 0
21 5.399315 -0.5804622 -2.175933 0 0 3.141593
22 0 0 0 0 0 0
23 1.426178 3.512926 0 0 0 1.570796
24 3.057939 0.0778584 0 -1.570796 -1.570796 0
25 0 0 0 1.570796 -5.960464E-08 -1.570796
26 -0.063815 0 -1.133617 0.0003696084 -0.00517533 0.0470759
27 0.856682 -0.00300495 0 0.0007301746 -0.005239772 0.05407046
28 1.94 0 0 0 0 -0.1362034
29 0.182077 4.48999E-06 0 0 0 -0.1464422
30 0.565037 0 0 -0.002923877 0.009900981 0.1782161
31 0.17727 0.3363641 0 0 0 1.570796
32 -0.063815 0 1.133617 -0.0003697548 0.005176947 -3.094508
33 -0.856682 0.00299782 0 -0.0007295346 0.005238939 0.05407055
34 -1.94 0 0 0 0 -0.1361438
35 -0.182077 0 0 0 0 -0.1463917
36 -0.565037 0 0 0.00292323 -0.009900933 0.1781224
37 -0.17727 -0.3363641 0 4.547474E-13 -8.697612E-06 1.570796
39 -0.831173 -1.731595 0 0 0 -1.698802
40 2.130095 0 0 0 0 0
time 53
0 0 0 0 0 0 0
1 0 0 0 0 0 0
2 0.01630185 4.805609 0 0 0 0
3 0 0 0 1.570796 0.01767504 1.570168
4 2.169108 0 0 0.0002671166 -0.00487748 -0.106032
5 1.57372 0 0 -0.000635141 -0.004135753 -0.08491918
6 0.908364 0 0.7 3.141135 -1.224265 -3.103863
7 0.989264 0 0.219672 -0.1466224 -0.2212833 1.258982
8 0.697546 0 0 0.04242791 0 0
9 0.87866 0 0 2.969269E-07 1.127092E-06 0.290857
10 1.61306 0 0 0 0 0
11 0.6748641 0.00442345 -0.006530282 0 0 0
12 0.908364 0 -0.7 -3.141152 -1.219197 0.03742572
13 -0.988649 0 -0.21967 -0.1489739 -0.2192677 1.26519
14 -0.69816 0 0 0.03571517 0 0
15 -0.878661 0 0 2.012768E-07 7.406311E-07 0.2481483
16 -1.613063 0 0 0 0 0
17 -0.6747305 -0.003976632 0.004332487 0 0 0
18 1.327899 0 0 0.0001535557 0.002533712 0.03747766
19 0.03170101 0 0 0.0006457266 -0.01687226 -0.0144266
20 5.399332 -0.580462 2.17593 0 0 0
21 5.399315 -0.5804622 -2.175933 0 0 3.141593
22 0 0 0 0 0 0
23 1.426178 3.512926 0 0 0 1.570796
24 3.057939 0.0778584 0 -1.570796 -1.570796 0
25 0 0 0 1.570796 -5.960464E-08 -1.570796
26 -0.063815 0 -1.133617 -8.837017E-06 -0.001744961 0.05150349
27 0.856682 -0.00300495 0 0.0003646208 -0.001882488 0.05893349
28 1.94 0 0 0 0 -0.1462237
29 0.182077 4.48999E-06 0 0 0 -0.1564302
30 0.565037 0 0 -0.00107347 0.003401046 0.1908661
31 0.17727 0.3363641 0 0 0 1.570796
32 -0.063815 0 1.133617 8.69345E-06 0.001745081 -3.090092
33 -0.856682 0.00299782 0 -0.0003641664 0.001882428 0.05894159
34 -1.94 0 0 0 0 -0.1461665
35 -0.182077 0 0 0 0 -0.1563768
36 -0.565037 0 0 0.00107323 -0.003401052 0.1907735
37 -0.17727 -0.3363641 0 4.547474E-13 -8.697612E-06 1.570796
39 -0.831173 -1.731595 0 0 0 -1.698762
40 2.130095 0 0 0 0 0
time 54
0 0 0 0 0 0 0
1 0 0 0 0 0 0
2 -0.009199753 4.795151 0 0 0 0
3 0 0 0 1.570796 0.01715557 1.569698
4 2.169108 0 0 0.0002671228 -0.007412891 -0.1034746
5 1.57372 0 0 -0.000694019 -0.00635699 -0.08313879
6 0.908364 0 0.7 3.141135 -1.22531 -3.104863
7 0.989264 0 0.219672 -0.1356762 -0.211599 1.244535
8 0.697546 0 0 0.04585267 0 0
9 0.87866 0 0 2.969245E-07 1.127086E-06 0.3143075
10 1.61306 0 0 0 0 0
11 0.6753261 0.004172622 -0.007290741 0 0 0
12 0.908364 0 -0.7 -3.141152 -1.218151 0.03629933
13 -0.988649 0 -0.21967 -0.1499093 -0.2212023 1.256953
14 -0.69816 0 0 0.03158423 0 0
15 -0.878661 0 0 2.01277E-07 7.406318E-07 0.2792426
16 -1.613063 0 0 0 0 0
17 -0.6754434 -0.004711568 0.003708816 0 0 0
18 1.327899 0 0 0.0001535494 0.003579346 0.03642988
19 0.03170101 0 0 0.0006460589 -0.02543078 -0.01098933
20 5.399332 -0.580462 2.17593 0 0 0
21 5.399315 -0.5804622 -2.175933 0 0 3.141593
22 0 0 0 0 0 0
23 1.426178 3.512926 0 0 0 1.570796
24 3.057939 0.0778584 0 -1.570796 -1.570796 0
25 0 0 0 1.570796 -5.960464E-08 -1.570796
26 -0.063815 0 -1.133617 -0.000428505 0.001755706 0.0595247
27 0.856682 -0.00300495 0 -0.0001329008 0.001548169 0.06819476
28 1.94 0 0 0 0 -0.1674546
29 0.182077 4.48999E-06 0 0 0 -0.1775887
30 0.565037 0 0 0.0008216763 -0.003286966 0.2183432
31 0.17727 0.3363641 0 0 0 1.570796
32 -0.063815 0 1.133617 0.000428363 -0.001756139 -3.082061
33 -0.856682 0.00299782 0 0.0001332039 -0.001548022 0.06819826
34 -1.94 0 0 0 0 -0.1674004
35 -0.182077 0 0 0 0 -0.1775376
36 -0.565037 0 0 -0.0008215085 0.003286949 0.218248
37 -0.17727 -0.3363641 0 4.547474E-13 -8.697612E-06 1.570796
39 -0.831173 -1.731595 0 0 0 -1.696685
40 2.130095 0 0 0 0 0
time 55
0 0 0 0 0 0 0
1 0 0 0 0 0 0
2 -0.03437981 4.774375 0 0 0 0
3 0 0 0 1.570796 0.01645213 1.569258
4 2.169108 0 0 0.0002670901 -0.009729338 -0.09978265
5 1.57372 0 0 -0.0007666542 -0.008419853 -0.08021478
6 0.908364 0 0.7 3.141135 -1.226252 -3.10623
7 0.989264 0 0.219672 -0.1212637 -0.1967358 1.226498
8 0.697546 0 0 0.04872668 0 0
9 0.87866 0 0 2.969263E-07 1.12709E-06 0.3505343
10 1.61306 0 0 0 0 0
11 0.6761921 0.003969856 -0.008003009 0 0 0
12 0.908364 0 -0.7 -3.141151 -1.217209 0.03482157
13 -0.988649 0 -0.21967 -0.1471473 -0.2187183 1.244337
14 -0.69816 0 0 0.02750913 0 0
15 -0.878661 0 0 2.012784E-07 7.406349E-07 0.3236276
16 -1.613063 0 0 0 0 0
17 -0.6765591 -0.005488661 0.003148373 0 0 0
18 1.327899 0 0 0.0001534889 0.004520025 0.03502871
19 0.03170101 0 0 0.000645599 -0.03348794 -0.005884677
20 5.399332 -0.580462 2.17593 0 0 0
21 5.399315 -0.5804622 -2.175933 0 0 3.141593
22 0 0 0 0 0 0
23 1.426178 3.512926 0 0 0 1.570796
24 3.057939 0.0778584 0 -1.570796 -1.570796 0
25 0 0 0 1.570796 -5.960464E-08 -1.570796
26 -0.063815 0 -1.133617 -0.0008874125 0.005216213 0.07123472
27 0.856682 -0.00300495 0 -0.0005682957 0.004943587 0.08205627
28 1.94 0 0 0 0 -0.202316
29 0.182077 4.48999E-06 0 0 0 -0.2123308
30 0.565037 0 0 0.002698945 -0.009968244 0.2636116
31 0.17727 0.3363641 0 0 0 1.570796
32 -0.063815 0 1.133617 0.0008871666 -0.005216809 -3.070359
33 -0.856682 0.00299782 0 0.0005684615 -0.004943339 0.08206501
34 -1.94 0 0 0 0 -0.2022653
35 -0.182077 0 0 0 0 -0.2122847
36 -0.565037 0 0 -0.002698362 0.009968179 0.2635154
37 -0.17727 -0.3363641 0 4.547474E-13 -8.697612E-06 1.570796
39 -0.831173 -1.731595 0 0 0 -1.690645
40 2.130095 0 0 0 0 0
time 56
0 0 0 0 0 0 0
1 0 0 0 0 0 0
2 -0.05835958 4.739407 0 0 0 0
3 0 0 0 1.570796 0.01558754 1.568863
4 2.169108 0 0 0.0002670768 -0.01176197 -0.09387466
5 1.57372 0 0 -0.000853935 -0.01025679 -0.07603112
6 0.908364 0 0.7 3.141135 -1.22707 -3.107936
7 0.989264 0 0.219672 -0.1027141 -0.1749576 1.205315
8 0.697546 0 0 0.05080609 0 0
9 0.87866 0 0 2.969261E-07 1.12709E-06 0.3982252
10 1.61306 0 0 0 0 0
11 0.6775496 0.003810135 -0.008644152 0 0 0
12 0.908364 0 -0.7 -3.141152 -1.216392 0.03302391
13 -0.988649 0 -0.21967 -0.1392729 -0.2093921 1.227674
14 -0.69816 0 0 0.02363013 0 0
15 -0.878661 0 0 2.012785E-07 7.40635E-07 0.3817056
16 -1.613063 0 0 0 0 0
17 -0.6781549 -0.006253814 0.002656225 0 0 0
18 1.327899 0 0 0.000153568 0.005338827 0.03333423
19 0.03170101 0 0 0.0006460591 -0.04068716 0.001750947
20 5.399332 -0.580462 2.17593 0 0 0
21 5.399315 -0.5804622 -2.175933 0 0 3.141593
22 0 0 0 0 0 0
23 1.426178 3.512926 0 0 0 1.570796
24 3.057939 0.0778584 0 -1.570796 -1.570796 0
25 0 0 0 1.570796 -5.960464E-08 -1.570796
26 -0.063815 0 -1.133617 -0.001210011 0.008526405 0.0866674
27 0.856682 -0.00300495 0 -0.0007509367 0.008196959 0.1007903
28 1.94 0 0 0 0 -0.2512947
29 0.182077 4.48999E-06 0 0 0 -0.2611443
30 0.565037 0 0 0.00449566 -0.01644763 0.3263209
31 0.17727 0.3363641 0 0 0 1.570796
32 -0.063815 0 1.133617 0.001209692 -0.008527035 -3.054931
33 -0.856682 0.00299782 0 0.0007510142 -0.008196026 0.1007951
34 -1.94 0 0 0 0 -0.2512424
35 -0.182077 0 0 0 0 -0.2610912
36 -0.565037 0 0 -0.00449468 0.01644749 0.3262234
37 -0.17727 -0.3363641 0 4.547474E-13 -8.697612E-06 1.570796
39 -0.831173 -1.731595 0 0 0 -1.679154
40 2.130095 0 0 0 0 0
time 57
0 0 0 0 0 0 0
1 0 0 0 0 0 0
2 -0.08026019 4.686368 0 0 0 0
3 0 0 0 1.570796 0.01458416 1.568529
4 2.169108 0 0 0.0002671086 -0.0134457 -0.08599325
5 1.57372 0 0 -0.0009146081 -0.0118047 -0.07050102
6 0.908364 0 0.7 3.141135 -1.227741 -3.109952
7 0.989264 0 0.219672 -0.07935654 -0.1445282 1.181238
8 0.697546 0 0 0.0518743 0 0
9 0.87866 0 0 2.969252E-07 1.127088E-06 0.4560735
10 1.61306 0 0 0 0 0
11 0.6794859 0.003688447 -0.009191232 0 0 0
12 0.908364 0 -0.7 -3.141152 -1.215721 0.03093644
13 -0.988649 0 -0.21967 -0.1248707 -0.1908006 1.20685
14 -0.69816 0 0 0.02006125 0 0
15 -0.878661 0 0 2.012784E-07 7.40635E-07 0.4501342
16 -1.613063 0 0 0 0 0
17 -0.6803083 -0.006952932 0.00223744 0 0 0
18 1.327899 0 0 0.0001535562 0.006010387 0.03134373
19 0.03170101 0 0 0.0006460224 -0.0465365 0.01252406
20 5.399332 -0.580462 2.17593 0 0 0
21 5.399315 -0.5804622 -2.175933 0 0 3.141593
22 0 0 0 0 0 0
23 1.426178 3.512926 0 0 0 1.570796
24 3.057939 0.0778584 0 -1.570796 -1.570796 0
25 0 0 0 1.570796 -5.960464E-08 -1.570796
26 -0.063815 0 -1.133617 -0.00128186 0.01157601 0.1058797
27 0.856682 -0.00300495 0 -0.000796586 0.01119838 0.1239488
28 1.94 0 0 0 0 -0.3113675
29 0.182077 4.48999E-06 0 0 0 -0.3210126
30 0.565037 0 0 0.006149217 -0.0225304 0.4023757
31 0.17727 0.3363641 0 0 0 1.570796
32 -0.063815 0 1.133617 0.001281533 -0.01157691 -3.03572
33 -0.856682 0.00299782 0 0.0007966479 -0.01119707 0.1239547
34 -1.94 0 0 0 0 -0.3113106
35 -0.182077 0 0 0 0 -0.3209529
36 -0.565037 0 0 -0.006147872 0.02253026 0.4022773
37 -0.17727 -0.3363641 0 4.547474E-13 -8.697612E-06 1.570796
39 -0.831173 -1.731595 0 0 0 -1.660727
40 2.130095 0 0 0 0 0
time 58
0 0 0 0 0 0 0
1 0 0 0 0 0 0
2 -0.0992029 4.612393 0 0 0 0
3 0 0 0 1.570796 0.01346414 1.568269
4 2.169108 0 0 0.0002671053 -0.01471384 -0.07827275
5 1.57372 0 0 -0.0009220096 -0.01299326 -0.06355713
6 0.908364 0 0.7 3.141135 -1.228247 -3.112252
7 0.989264 0 0.219672 -0.05063927 -0.1033725 1.159845
8 0.697546 0 0 0.05167165 0 0
9 0.87866 0 0 2.969262E-07 1.12709E-06 0.5224988
10 1.61306 0 0 0 0 0
11 0.6814358 0.003599778 -0.009621317 0 0 0
12 0.908364 0 -0.7 -3.141152 -1.215215 0.02859079
13 -0.988649 0 -0.21967 -0.1025965 -0.1600168 1.188003
14 -0.69816 0 0 0.0169287 0 0
15 -0.878661 0 0 2.012788E-07 7.406356E-07 0.5260386
16 -1.613063 0 0 0 0 0
17 -0.6824183 -0.007531918 0.001897082 0 0 0
18 1.327899 0 0 0.000153548 0.006515463 0.02910112
19 0.03170101 0 0 0.0006460748 -0.05064324 0.02663206
20 5.399332 -0.580462 2.17593 0 0 0
21 5.399315 -0.5804622 -2.175933 0 0 3.141593
22 0 0 0 0 0 0
23 1.426178 3.512926 0 0 0 1.570796
24 3.057939 0.0778584 0 -1.570796 -1.570796 0
25 0 0 0 1.570796 -5.960464E-08 -1.570796
26 -0.063815 0 -1.133617 -0.001249755 0.01425519 0.1282731
27 0.856682 -0.00300495 0 -0.0008211761 0.01384033 0.150133
28 1.94 0 0 0 0 -0.3805444
29 0.182077 4.48999E-06 0 0 0 -0.3899549
30 0.565037 0 0 0.007596944 -0.02802143 0.4921057
31 0.17727 0.3363641 0 0 0 1.570796
32 -0.063815 0 1.133617 0.001249433 -0.01425653 -3.013326
33 -0.856682 0.00299782 0 0.0008212295 -0.01383878 0.1501411
34 -1.94 0 0 0 0 -0.3804978
35 -0.182077 0 0 0 0 -0.389902
36 -0.565037 0 0 -0.007595278 0.02802122 0.4920054
37 -0.17727 -0.3363641 0 4.547474E-13 -8.697612E-06 1.570796
39 -0.831173 -1.731595 0 0 0 -1.633876
40 2.130095 0 0 0 0 0
time 59
0 0 0 0 0 0 0
1 0 0 0 0 0 0
2 -0.1143089 4.567675 0 0 0 0
3 0 0 0 1.570796 0.01298407 1.568097
4 2.169108 0 0 0.0002670574 -0.01550049 -0.07530113
5 1.57372 0 0 -0.0009134541 -0.01375322 -0.05951718
6 0.908364 0 0.7 3.141135 -1.228566 -3.113217
7 0.989264 0 0.219672 -0.03397637 -0.07873148 1.14958
8 0.697546 0 0 0.05157003 0 0
9 0.87866 0 0 2.969264E-07 1.12709E-06 0.5498412
10 1.61306 0 0 0 0 0
11 0.6824476 0.003539116 -0.009911468 0 0 0
12 0.908364 0 -0.7 -3.141152 -1.214896 0.02754454
13 -0.988649 0 -0.21967 -0.0905058 -0.1424293 1.181233
14 -0.69816 0 0 0.01530125 0 0
15 -0.878661 0 0 2.012785E-07 7.406351E-07 0.5605401
16 -1.613063 0 0 0 0 0
17 -0.683522 -0.007936675 0.001640219 0 0 0
18 1.327899 0 0 0.0001534489 0.00683131 0.02813604
19 0.03170101 0 0 0.0006460922 -0.0525732 0.03444042
20 5.399332 -0.580462 2.17593 0 0 0
21 5.399315 -0.5804622 -2.175933 0 0 3.141593
22 0 0 0 0 0 0
23 1.426178 3.512926 0 0 0 1.570796
24 3.057939 0.0778584 0 -1.570796 -1.570796 0
25 0 0 0 1.570796 -5.960464E-08 -1.570796
26 -0.063815 0 -1.133617 -0.001260467 0.01645492 0.1400592
27 0.856682 -0.00300495 0 -0.0009405682 0.01601526 0.1639527
28 1.94 0 0 0 0 -0.4172277
29 0.182077 4.48999E-06 0 0 0 -0.4265123
30 0.565037 0 0 0.008776205 -0.03162871 0.5411422
31 0.17727 0.3363641 0 0 0 1.570796
32 -0.063815 0 1.133617 0.001260135 -0.016456 -3.001545
33 -0.856682 0.00299782 0 0.0009405716 -0.01601375 0.1639645
34 -1.94 0 0 0 0 -0.4171869
35 -0.182077 0 0 0 0 -0.426465
36 -0.565037 0 0 -0.008774276 0.0316284 0.5410396
37 -0.17727 -0.3363641 0 4.547474E-13 -8.697612E-06 1.570796
39 -0.831173 -1.731595 0 0 0 -1.597009
40 2.130095 0 0 0 0 0
end
