<?xml version="1.0" encoding="utf-8"?>
<COLLADA xmlns="http://www.collada.org/2005/11/COLLADASchema" version="1.4.1">
  <asset />
  <library_images>
    <image id="mBody_Alb">
      <init_from>mBody_Alb.png</init_from>
    </image>
    <image id="mBody_Nrm">
      <init_from>mBody_Nrm.png</init_from>
    </image>
    <image id="mBody_Mix">
      <init_from>mBody_Mix.png</init_from>
    </image>
    <image id="mEye_Alb.0">
      <init_from>mEye_Alb.0.png</init_from>
    </image>
    <image id="mEye_Alb.1">
      <init_from>mEye_Alb.1.png</init_from>
    </image>
    <image id="mEye_Alb.2">
      <init_from>mEye_Alb.2.png</init_from>
    </image>
    <image id="mEye_Alb.3">
      <init_from>mEye_Alb.3.png</init_from>
    </image>
    <image id="mEye_Alb.4">
      <init_from>mEye_Alb.4.png</init_from>
    </image>
    <image id="mEye_Alb.5">
      <init_from>mEye_Alb.5.png</init_from>
    </image>
    <image id="mEye_Alb.6">
      <init_from>mEye_Alb.6.png</init_from>
    </image>
    <image id="mEye_Alb.7">
      <init_from>mEye_Alb.7.png</init_from>
    </image>
    <image id="mEye_Alb.8">
      <init_from>mEye_Alb.8.png</init_from>
    </image>
    <image id="mEye_Alb.9">
      <init_from>mEye_Alb.9.png</init_from>
    </image>
    <image id="mEye_Alb.10">
      <init_from>mEye_Alb.10.png</init_from>
    </image>
    <image id="mEye_Alb.11">
      <init_from>mEye_Alb.11.png</init_from>
    </image>
    <image id="mEye_Alb.12">
      <init_from>mEye_Alb.12.png</init_from>
    </image>
    <image id="mEye_Alb.13">
      <init_from>mEye_Alb.13.png</init_from>
    </image>
    <image id="mEye_Alb.14">
      <init_from>mEye_Alb.14.png</init_from>
    </image>
    <image id="mEye_Alb.15">
      <init_from>mEye_Alb.15.png</init_from>
    </image>
    <image id="mEye_Nrm.0">
      <init_from>mEye_Nrm.0.png</init_from>
    </image>
    <image id="mEye_Nrm.1">
      <init_from>mEye_Nrm.1.png</init_from>
    </image>
    <image id="mEye_Nrm.2">
      <init_from>mEye_Nrm.2.png</init_from>
    </image>
    <image id="mEye_Nrm.3">
      <init_from>mEye_Nrm.3.png</init_from>
    </image>
    <image id="mEye_Nrm.4">
      <init_from>mEye_Nrm.4.png</init_from>
    </image>
    <image id="mEye_Nrm.5">
      <init_from>mEye_Nrm.5.png</init_from>
    </image>
    <image id="mEye_Nrm.6">
      <init_from>mEye_Nrm.6.png</init_from>
    </image>
    <image id="mEye_Nrm.7">
      <init_from>mEye_Nrm.7.png</init_from>
    </image>
    <image id="mEye_Nrm.8">
      <init_from>mEye_Nrm.8.png</init_from>
    </image>
    <image id="mEye_Nrm.9">
      <init_from>mEye_Nrm.9.png</init_from>
    </image>
    <image id="mEye_Nrm.10">
      <init_from>mEye_Nrm.10.png</init_from>
    </image>
    <image id="mEye_Nrm.11">
      <init_from>mEye_Nrm.11.png</init_from>
    </image>
    <image id="mEye_Nrm.12">
      <init_from>mEye_Nrm.12.png</init_from>
    </image>
    <image id="mEye_Nrm.13">
      <init_from>mEye_Nrm.13.png</init_from>
    </image>
    <image id="mEye_Nrm.14">
      <init_from>mEye_Nrm.14.png</init_from>
    </image>
    <image id="mEye_Nrm.15">
      <init_from>mEye_Nrm.15.png</init_from>
    </image>
    <image id="mEye_Mix.0">
      <init_from>mEye_Mix.0.png</init_from>
    </image>
    <image id="mEye_Mix.1">
      <init_from>mEye_Mix.1.png</init_from>
    </image>
    <image id="mEye_Mix.2">
      <init_from>mEye_Mix.2.png</init_from>
    </image>
    <image id="mEye_Mix.3">
      <init_from>mEye_Mix.3.png</init_from>
    </image>
    <image id="mEye_Mix.4">
      <init_from>mEye_Mix.4.png</init_from>
    </image>
    <image id="mEye_Mix.5">
      <init_from>mEye_Mix.5.png</init_from>
    </image>
    <image id="mEye_Mix.6">
      <init_from>mEye_Mix.6.png</init_from>
    </image>
    <image id="mEye_Mix.7">
      <init_from>mEye_Mix.7.png</init_from>
    </image>
    <image id="mEye_Mix.8">
      <init_from>mEye_Mix.8.png</init_from>
    </image>
    <image id="mEye_Mix.9">
      <init_from>mEye_Mix.9.png</init_from>
    </image>
    <image id="mEye_Mix.10">
      <init_from>mEye_Mix.10.png</init_from>
    </image>
    <image id="mEye_Mix.11">
      <init_from>mEye_Mix.11.png</init_from>
    </image>
    <image id="mEye_Mix.12">
      <init_from>mEye_Mix.12.png</init_from>
    </image>
    <image id="mEye_Mix.13">
      <init_from>mEye_Mix.13.png</init_from>
    </image>
    <image id="mEye_Mix.14">
      <init_from>mEye_Mix.14.png</init_from>
    </image>
    <image id="mEye_Mix.15">
      <init_from>mEye_Mix.15.png</init_from>
    </image>
  </library_images>
  <library_materials>
    <material id="mBody">
      <instance_effect url="#Effect_mBody" />
    </material>
    <material id="mCapVis">
      <instance_effect url="#Effect_mCapVis" />
    </material>
    <material id="mEye">
      <instance_effect url="#Effect_mEye" />
    </material>
  </library_materials>
  <library_effects>
    <effect id="Effect_mBody">
      <profile_COMMON>
        <newparam sid="surface_mBody-diffuse">
          <surface type="2D">
            <init_from>mBody_Alb</init_from>
            <format>A8R8G8B8</format>
          </surface>
        </newparam>
        <newparam sid="sampler_mBody-diffuse">
          <sampler2D>
            <source>surface_mBody-diffuse</source>
            <wrap_s>CLAMP</wrap_s>
            <wrap_t>CLAMP</wrap_t>
          </sampler2D>
        </newparam>
        <newparam sid="surface_mBody-bump">
          <surface type="2D">
            <init_from>mBody_Nrm</init_from>
            <format>A8R8G8B8</format>
          </surface>
        </newparam>
        <newparam sid="sampler_mBody-bump">
          <sampler2D>
            <source>surface_mBody-bump</source>
            <wrap_s>CLAMP</wrap_s>
            <wrap_t>CLAMP</wrap_t>
          </sampler2D>
        </newparam>
        <newparam sid="surface_mBody-specular">
          <surface type="2D">
            <init_from>mBody_Mix</init_from>
            <format>A8R8G8B8</format>
          </surface>
        </newparam>
        <newparam sid="sampler_mBody-specular">
          <sampler2D>
            <source>surface_mBody-specular</source>
            <wrap_s>CLAMP</wrap_s>
            <wrap_t>CLAMP</wrap_t>
          </sampler2D>
        </newparam>
        <technique sid="common">
          <phong>
            <diffuse>
              <texture texture="sampler_mBody-diffuse" texcoord="CHANNEL0" />
            </diffuse>
            <bump>
              <texture texture="sampler_mBody-bump" texcoord="CHANNEL0" />
            </bump>
            <specular>
              <texture texture="sampler_mBody-specular" texcoord="CHANNEL0" />
            </specular>
            <emission>
              <color sid="emission">0 0 0 1</color>
            </emission>
          </phong>
        </technique>
      </profile_COMMON>
    </effect>
    <effect id="Effect_mCapVis">
      <profile_COMMON>
        <newparam sid="surface_mCapVis-diffuse">
          <surface type="2D">
            <init_from>mBody_Alb</init_from>
            <format>A8R8G8B8</format>
          </surface>
        </newparam>
        <newparam sid="sampler_mCapVis-diffuse">
          <sampler2D>
            <source>surface_mCapVis-diffuse</source>
            <wrap_s>CLAMP</wrap_s>
            <wrap_t>CLAMP</wrap_t>
          </sampler2D>
        </newparam>
        <newparam sid="surface_mCapVis-bump">
          <surface type="2D">
            <init_from>mBody_Nrm</init_from>
            <format>A8R8G8B8</format>
          </surface>
        </newparam>
        <newparam sid="sampler_mCapVis-bump">
          <sampler2D>
            <source>surface_mCapVis-bump</source>
            <wrap_s>CLAMP</wrap_s>
            <wrap_t>CLAMP</wrap_t>
          </sampler2D>
        </newparam>
        <newparam sid="surface_mCapVis-specular">
          <surface type="2D">
            <init_from>mBody_Mix</init_from>
            <format>A8R8G8B8</format>
          </surface>
        </newparam>
        <newparam sid="sampler_mCapVis-specular">
          <sampler2D>
            <source>surface_mCapVis-specular</source>
            <wrap_s>CLAMP</wrap_s>
            <wrap_t>CLAMP</wrap_t>
          </sampler2D>
        </newparam>
        <technique sid="common">
          <phong>
            <diffuse>
              <texture texture="sampler_mCapVis-diffuse" texcoord="CHANNEL0" />
            </diffuse>
            <bump>
              <texture texture="sampler_mCapVis-bump" texcoord="CHANNEL0" />
            </bump>
            <specular>
              <texture texture="sampler_mCapVis-specular" texcoord="CHANNEL0" />
            </specular>
            <emission>
              <color sid="emission">0 0 0 1</color>
            </emission>
          </phong>
        </technique>
      </profile_COMMON>
    </effect>
    <effect id="Effect_mEye">
      <profile_COMMON>
        <newparam sid="surface_mEye-diffuse">
          <surface type="2D">
            <init_from>mEye_Alb.0</init_from>
            <format>A8R8G8B8</format>
          </surface>
        </newparam>
        <newparam sid="sampler_mEye-diffuse">
          <sampler2D>
            <source>surface_mEye-diffuse</source>
            <wrap_s>CLAMP</wrap_s>
            <wrap_t>CLAMP</wrap_t>
          </sampler2D>
        </newparam>
        <newparam sid="surface_mEye-bump">
          <surface type="2D">
            <init_from>mEye_Nrm.0</init_from>
            <format>A8R8G8B8</format>
          </surface>
        </newparam>
        <newparam sid="sampler_mEye-bump">
          <sampler2D>
            <source>surface_mEye-bump</source>
            <wrap_s>CLAMP</wrap_s>
            <wrap_t>CLAMP</wrap_t>
          </sampler2D>
        </newparam>
        <newparam sid="surface_mEye-specular">
          <surface type="2D">
            <init_from>mEye_Mix.0</init_from>
            <format>A8R8G8B8</format>
          </surface>
        </newparam>
        <newparam sid="sampler_mEye-specular">
          <sampler2D>
            <source>surface_mEye-specular</source>
            <wrap_s>CLAMP</wrap_s>
            <wrap_t>CLAMP</wrap_t>
          </sampler2D>
        </newparam>
        <technique sid="common">
          <phong>
            <diffuse>
              <texture texture="sampler_mEye-diffuse" texcoord="CHANNEL0" />
            </diffuse>
            <bump>
              <texture texture="sampler_mEye-bump" texcoord="CHANNEL0" />
            </bump>
            <specular>
              <texture texture="sampler_mEye-specular" texcoord="CHANNEL0" />
            </specular>
            <emission>
              <color sid="emission">0 0 0 1</color>
            </emission>
          </phong>
        </technique>
      </profile_COMMON>
    </effect>
  </library_effects>
  <library_geometries>
    <geometry id="Body__mBody-mesh" name="Body__mBody">
      <mesh>
        <source id="Body__mBody-position">
          <float_array id="Body__mBody-position-array" count="5817">-1.013755 7.883836 -0.06372313 -0.9505857 7.883207 -0.3194427 -1.119023 7.839194 -0.1137867 -1.052741 7.815644 -0.392311 -1.295311 7.798753 -0.1703831 -1.119023 7.839194 -0.1137867 -1.257266 7.700884 -0.5818331 -0.8748912 7.709378 -0.6737999 -0.844647 7.810007 -0.581995 -0.814403 7.88123 -0.4847319 -0.552146 7.880874 -0.6397358 -0.9234876 7.379724 -0.8514161 -1.266917 7.348997 -0.7990923 -0.5594328 7.81284 -0.7143847 -0.2604714 7.876037 -0.7262394 -1.052741 7.815644 -0.392311 -0.814403 7.88123 -0.4847319 -0.9505857 7.883207 -0.3194427 -0.2618808 7.812801 -0.7865112 0 7.875514 -0.75613 -0.5667197 7.724471 -0.7835754 -0.6044104 7.395498 -0.9176688 -0.2632903 7.72923 -0.8413247 0 7.814878 -0.8075367 0.261881 7.812801 -0.7865112 0.2604716 7.876037 -0.7262394 0 7.733905 -0.8534852 0.559433 7.81284 -0.7143847 0.5521462 7.880874 -0.6397358 0.2632905 7.72923 -0.8413247 0.5667198 7.724471 -0.7835754 0.8446472 7.810007 -0.581995 0.8144032 7.88123 -0.4847319 0 7.413955 -0.9870595 1.052777 7.815644 -0.392311 0.950586 7.883207 -0.3194427 0.8748913 7.709378 -0.6737999 1.119053 7.839194 -0.1137867 1.295375 7.798753 -0.1703831 1.257328 7.700884 -0.5818331 0.950586 7.883207 -0.3194427 1.119053 7.839194 -0.1137867 1.013754 7.883836 -0.06372313 0.9234877 7.379724 -0.8514161 1.266943 7.348997 -0.7990923 0.6043763 7.395498 -0.9176688 1.00759 6.999264 -0.8746012 1.356816 6.951484 -0.7905734 0.6667863 7.018058 -0.9695148 0.2738949 7.409885 -0.9745592 0.2957542 7.029465 -1.035473 0 7.031955 -1.049432 -0.2739002 7.409885 -0.9745592 -0.2957542 7.029465 -1.035473 0 6.663412 -1.037434 -0.6667863 7.018058 -0.9695148 -0.327819 6.657979 -1.022246 0.327819 6.657979 -1.022246 0 6.28761 -1.040265 0.7321948 6.652547 -0.9520468 0.3570365 6.286514 -1.015582 1.093017 6.642883 -0.8377397 1.473869 6.60161 -0.6353562 0.7895314 6.283762 -0.9317204 1.180682 6.279583 -0.8087977 1.573809 6.273365 -0.588746 1.778484 6.555272 -0.297314 0.845714 5.83814 -0.9822213 1.889532 6.263914 -0.2638397 1.902305 6.55025 0.4338331 2.039998 6.246289 0.4416883 1.279543 5.81576 -0.8305231 1.702838 5.795788 -0.5958928 2.063286 5.771029 -0.2306515 2.243804 5.745188 0.4312201 1.377552 5.27249 -0.9670943 2.24274 5.155558 -0.2610444 2.454027 5.086201 0.4003085 1.834891 5.219065 -0.7014267 2.347728 4.533059 -0.3434197 2.564736 4.453516 0.3298427 1.950749 4.614995 -0.8618635 2.37666 3.982125 -0.3996172 2.566766 3.893585 0.2748305 2.498392 3.361683 0.2126628 2.006925 4.072465 -0.9303524 2.309961 3.434399 -0.4406858 1.464042 4.680918 -1.186292 1.517397 4.152467 -1.304989 1.963574 3.497237 -0.9780321 0.9545915 4.731144 -1.363176 1.501305 3.551088 -1.347771 0.9971829 4.200631 -1.510375 1.034895 3.596561 -1.566064 0.8985897 5.311855 -1.117446 0.4678291 4.241231 -1.594967 0.4502091 4.763763 -1.425262 0.4237733 5.334385 -1.190501 0.3901576 5.850727 -1.040901 0 4.786099 -1.463973 0 5.85709 -1.065121 0 5.335209 -1.208507 -0.3570365 6.286514 -1.015582 -0.3901576 5.850727 -1.040901 -0.7321948 6.652547 -0.9520468 -0.7895314 6.283762 -0.9317204 -0.4237733 5.334385 -1.190501 -0.845714 5.83814 -0.9822213 -1.093017 6.642883 -0.8377397 -1.00759 6.999264 -0.8746012 -1.356816 6.951484 -0.7905734 -1.473869 6.60161 -0.6353562 -1.180682 6.279583 -0.8087977 -1.573809 6.273365 -0.588746 -1.778484 6.555272 -0.297314 -1.279543 5.81576 -0.8305231 -1.889532 6.263914 -0.2638397 -1.902305 6.55025 0.4338331 -2.039998 6.246289 0.4416883 -1.702838 5.795788 -0.5958928 -2.063286 5.771029 -0.2306515 -2.243804 5.745188 0.4312201 -1.377552 5.27249 -0.9670943 -2.24274 5.155558 -0.2610444 -2.454027 5.086201 0.4003085 -1.834891 5.219065 -0.7014267 -2.347728 4.533059 -0.3434197 -2.564736 4.453516 0.3298427 -1.950749 4.614995 -0.8618635 -2.37666 3.982125 -0.3996172 -2.566766 3.893585 0.2748305 -2.498392 3.361683 0.2126628 -2.006925 4.072465 -0.9303524 -2.309961 3.434399 -0.4406858 -1.464042 4.680918 -1.186292 -1.517397 4.152467 -1.304989 -1.963574 3.497237 -0.9780321 -0.9545915 4.731144 -1.363176 -1.501305 3.551088 -1.347771 -0.9971829 4.200631 -1.510375 -1.034895 3.596561 -1.566064 -1.466321 3.027143 -1.268978 -1.857058 2.984467 -0.9302149 -2.184876 2.933787 -0.4183116 -2.334814 2.870593 0.1645764 -1.760818 2.674054 -0.8569682 -2.061518 2.62044 -0.3825967 -2.190198 2.559558 0.1366435 -1.427915 2.697839 -1.15254 -1.612666 2.348577 -0.7459599 -1.863692 2.300266 -0.3111859 -1.992705 2.251612 0.1049664 -1.874439 1.985879 0.06541941 -1.588867 1.998264 -0.5463448 -1.100137 2.097165 -0.8290327 -1.110926 1.969272 -0.7307592 -0.549997 1.880516 -0.5277599 -1.067669 2.372934 -1.100442 -1.048327 2.694114 -1.321243 -0.5447615 2.145534 -0.9809046 -1.03383 3.049486 -1.477421 -0.5823234 2.390802 -1.208835 -0.5685283 2.680134 -1.423576 -0.5523817 3.072856 -1.593646 0 2.391901 -1.264462 0 2.672073 -1.465158 0 2.154378 -1.021707 0.5685283 2.680134 -1.423576 0.5823234 2.390802 -1.208835 0 1.979682 -0.7079442 0.5447615 2.145534 -0.9809046 1.048327 2.694114 -1.321243 1.067669 2.372934 -1.100442 -0.2652594 1.966952 -0.6590268 -0.4506077 1.947193 -0.5898564 -0.3169704 1.892377 -0.2872295 -0.2672319 1.820624 0.1394753 -0.3590035 1.813794 0.1036045 -0.1724521 1.884393 -0.2809342 -0.1502683 1.822975 0.1445305 0 1.880117 -0.2883337 0 1.823061 0.1442267 0.1502683 1.822984 0.1445305 0.1724521 1.884393 -0.2809342 0.2672319 1.820624 0.1394753 0.2652594 1.966952 -0.6590268 0.3169704 1.892377 -0.2872295 0.549997 1.880516 -0.5277599 0.3590035 1.813794 0.1036045 0.4506077 1.947193 -0.5898564 1.100137 2.097165 -0.8290327 1.110926 1.969272 -0.7307592 1.588867 1.998264 -0.5463448 1.612666 2.348577 -0.7459599 1.427915 2.697839 -1.15254 1.863692 2.300266 -0.3111859 1.874439 1.985879 0.06541941 1.992705 2.251612 0.1049664 2.190198 2.559558 0.1366435 2.061518 2.62044 -0.3825967 2.334814 2.870593 0.1645764 1.760818 2.674054 -0.8569682 2.184876 2.933787 -0.4183116 1.857058 2.984467 -0.9302149 1.466321 3.027143 -1.268978 1.03383 3.049486 -1.477421 0.5523817 3.072856 -1.593646 0.5114746 3.619364 -1.690812 0 3.055782 -1.627021 0.2690841 3.330976 -1.680451 0 3.201079 -1.66873 0.4113904 3.621325 -1.706339 -0.2690841 3.330976 -1.680451 0.4847862 3.99745 -1.66156 0.3017462 3.931987 -1.712213 -0.5114746 3.619364 -1.690812 -0.4113904 3.621325 -1.706339 -0.4847862 3.99745 -1.66156 -0.3017462 3.931987 -1.712213 0 4.159243 -1.678295 0 4.07996 -1.709654 -0.4678291 4.241231 -1.594967 0 4.27115 -1.639733 -0.4502091 4.763763 -1.425262 -0.8985897 5.311855 -1.117446 -0.6343595 7.871883 0.8606516 -0.7751361 7.871097 0.7728158 -0.8093571 7.820864 0.8483788 -0.6466528 7.82418 0.9670279 -0.4235229 7.822173 1.072497 -0.6736662 7.749588 1.076523 -0.8575318 7.743742 0.9348045 -0.8093571 7.820864 0.8483788 -0.4465497 7.748053 1.197535 -0.9732963 7.816667 0.6702201 -0.7751361 7.871097 0.7728158 -0.9169704 7.869909 0.6217253 -0.989426 7.873168 0.438307 -1.075737 7.811488 0.4681869 -0.9732963 7.816667 0.6702201 -1.012319 7.869974 0.314609 -1.075737 7.811488 0.4681869 -1.126602 7.820513 0.3227635 -1.039132 7.736537 0.7312524 -1.187061 7.730805 0.4982703 -1.319906 7.713228 0.3168589 -1.149294 7.826193 0.1763473 -1.295311 7.798753 -0.1703831 -1.119023 7.839194 -0.1137867 -1.428664 7.41579 0.6909347 -1.149294 7.826193 0.1763473 -1.013755 7.883836 -0.06372313 -1.035213 7.874664 0.1909109 -1.126602 7.820513 0.3227635 -1.012319 7.869974 0.314609 -1.365649 7.429097 0.7481008 -1.617661 7.010773 0.890959 -1.706484 6.982114 0.7233899 -1.206938 7.455072 0.9421676 -1.437514 7.061153 1.17949 -1.019597 7.476331 1.16416 -1.655968 6.680568 1.343229 -0.7968282 7.491456 1.365805 -1.234824 7.091445 1.460722 -1.838646 6.622241 0.9670212 -1.818204 6.768383 0.5940679 -1.902305 6.55025 0.4338331 -2.050237 6.226034 1.022678 -2.039998 6.246289 0.4416883 -2.243804 5.745188 0.4312201 -1.907374 6.212619 1.501635 -2.273146 5.714226 1.050171 -2.454027 5.086201 0.4003085 -1.418764 6.703922 1.715799 -2.496687 5.025836 1.057379 -2.564736 4.453516 0.3298427 -2.141551 5.686471 1.602925 -1.674471 6.202137 2.021551 -0.9359483 7.120251 1.757204 -1.09159 6.708509 2.080024 -0.5214091 7.505078 1.517378 -0.6221634 7.126001 1.937416 -1.292315 6.182992 2.436563 -0.7315149 6.709365 2.319874 -0.2331142 7.507198 1.589585 -1.9108 5.64685 2.187268 -0.2117557 7.744292 1.257846 -0.2767619 7.121699 2.071798 -0.2061419 7.81969 1.126136 -0.4004962 7.869405 0.950578 -0.6466528 7.82418 0.9670279 -0.6343595 7.871883 0.8606516 -0.2005282 7.868201 0.9975448 -0.4235229 7.822173 1.072497 -0.2005282 7.868201 0.9975448 -0.0005707084 7.867804 1.00608 -0.0003144767 7.817937 1.151368 -5.824495E-05 7.741182 1.28319 9.127084E-05 7.509245 1.613453 0.2117496 7.744292 1.257846 0.2331112 7.507198 1.589585 0.000324368 7.121834 2.093525 0.206139 7.81969 1.126136 -0.0005707084 7.867804 1.00608 0.2005284 7.868201 0.9975448 -0.3371176 6.702547 2.462826 0.2767619 7.121699 2.071798 -0.8592349 6.148859 2.717967 0.0003884067 6.701463 2.491912 -1.484595 5.611423 2.667677 -0.4178205 6.127718 2.873212 -1.00081 5.569925 3.010801 -1.666036 4.896844 2.8203 -0.506182 5.546257 3.174309 -1.119678 4.864741 3.225976 -2.124689 4.933552 2.270617 -0.5770052 4.846106 3.398444 -2.37931 4.981392 1.667029 -1.75804 4.218918 2.833176 -2.600258 4.384024 1.014724 -2.226449 4.267206 2.249707 -2.484433 4.32422 1.652425 -2.578873 3.813783 0.9446163 -2.566766 3.893585 0.2748305 -2.481304 3.732801 1.564097 -2.194235 3.647715 2.153702 -2.495067 3.274892 0.8629424 -2.498392 3.361683 0.2126628 -2.358389 3.190045 1.404349 -2.314621 2.801028 0.7424778 -2.334814 2.870593 0.1645764 -2.167083 2.747203 1.221327 -2.068299 3.107137 1.986913 -1.9124 2.659601 1.762597 -1.994933 2.441235 1.072569 -2.143056 2.50102 0.6424912 -2.190198 2.559558 0.1366435 -1.738132 2.365526 1.534974 -1.939446 2.192158 0.5380504 -1.992705 2.251612 0.1049664 -1.874439 1.985879 0.06541941 -1.678464 1.924583 0.6907353 -1.771015 2.138415 0.8890898 -1.493017 2.075061 1.191451 -1.143054 1.86589 1.011574 -1.375669 2.29827 1.854913 -1.131336 2.020246 1.372282 -0.5885792 1.82831 0.7237323 -1.527099 2.579752 2.166058 -0.9136904 2.23702 2.042908 -1.659947 3.031083 2.500274 -1.029408 2.509339 2.459423 -1.731777 3.566982 2.700914 -1.136581 2.955986 2.852089 -1.187129 3.506466 3.102939 -0.5276751 2.458321 2.597942 -0.5785824 2.919636 3.057151 -1.179748 4.17672 3.251626 -0.5992196 3.480103 3.31485 -0.6067501 4.156592 3.455514 0 2.895844 3.135329 0 4.836823 3.471473 0 4.145607 3.529368 0 3.463994 3.408657 0.5992196 3.480014 3.31485 0.6067501 4.156592 3.455514 0 5.535969 3.232123 0.5770052 4.846106 3.398444 6.433235E-05 6.121285 2.917484 0.506182 5.546257 3.174309 1.119677 4.864741 3.225976 0.4178205 6.127718 2.873212 0.3371176 6.702547 2.462826 1.00081 5.569925 3.010801 0.8592349 6.148859 2.717967 0.7315149 6.709365 2.319874 0.6221634 7.126001 1.937416 1.292315 6.182992 2.436563 0.5213932 7.505078 1.517378 1.09159 6.708509 2.080024 0.9359483 7.120251 1.757204 0.4465338 7.748053 1.197535 0.7967743 7.491456 1.365805 0.4235151 7.822173 1.072497 0.4235151 7.822173 1.072497 0.2005284 7.868201 0.9975448 0.4004965 7.869405 0.950578 0.6466307 7.82418 0.9670279 0.6343597 7.871883 0.8606516 0.6736217 7.749588 1.076523 0.6466307 7.82418 0.9670279 1.019517 7.476331 1.16416 0.8574924 7.743742 0.9348045 0.8093376 7.820864 0.8483788 0.6343597 7.871883 0.8606516 0.7751364 7.871097 0.7728158 0.8093376 7.820864 0.8483788 1.234824 7.091445 1.460722 1.206857 7.455072 0.9421676 1.418764 6.703922 1.715799 1.437514 7.061153 1.17949 1.655968 6.680568 1.343229 1.674471 6.202137 2.021551 1.907374 6.212619 1.501635 1.617661 7.010773 0.890959 1.9108 5.64685 2.187268 1.36543 7.429097 0.7481008 1.838646 6.622241 0.9670212 1.428306 7.41579 0.6909347 1.706484 6.982114 0.7233899 1.818204 6.768383 0.5940679 1.902305 6.55025 0.4338331 2.050237 6.226034 1.022678 2.039998 6.246289 0.4416883 2.243804 5.745188 0.4312201 2.273146 5.714226 1.050171 2.454027 5.086201 0.4003085 2.141551 5.686471 1.602925 2.496687 5.025836 1.057379 2.564736 4.453516 0.3298427 2.37931 4.981392 1.667029 2.600258 4.384024 1.014724 2.578873 3.813783 0.9446163 2.566766 3.893585 0.2748305 2.484433 4.32422 1.652425 2.495067 3.274892 0.8629424 2.498392 3.361683 0.2126628 2.481304 3.732801 1.564097 2.358389 3.190045 1.404349 2.314621 2.801028 0.7424778 2.334814 2.870593 0.1645764 2.167083 2.747203 1.221327 2.143056 2.50102 0.6424912 2.190198 2.559558 0.1366435 1.994933 2.441235 1.072569 1.939446 2.192158 0.5380504 1.992705 2.251612 0.1049664 1.874439 1.985879 0.06541941 1.678464 1.924583 0.6907353 1.771015 2.138415 0.8890898 1.493017 2.075061 1.191451 1.143054 1.86589 1.011574 1.738132 2.365532 1.534974 1.9124 2.659601 1.762597 1.375669 2.29827 1.854913 1.131336 2.020246 1.372282 0.5885792 1.82831 0.7237323 2.068299 3.107137 1.986913 1.527099 2.579752 2.166058 2.194235 3.647715 2.153702 1.659947 3.031083 2.500274 0.9136904 2.23702 2.042908 1.029408 2.509339 2.459423 1.731777 3.566982 2.700914 1.136581 2.955986 2.852089 2.226449 4.267206 2.249707 2.124689 4.933552 2.270617 1.75804 4.218918 2.833176 1.666036 4.896844 2.8203 1.187129 3.506466 3.102939 1.179748 4.17672 3.251626 1.484595 5.611423 2.667677 0.5785824 2.919636 3.057151 0.5276751 2.458321 2.597942 0 2.437496 2.640848 0.4523351 2.205629 2.152533 0.6976717 1.984898 1.495392 -0.4523351 2.205629 2.152533 0.3739126 1.834888 0.762458 0.3590035 1.813794 0.1036045 0.2672319 1.820624 0.1394753 0.3309432 1.96152 1.538221 0.1940235 1.830258 0.7733743 0.1502683 1.822984 0.1445305 0 2.197863 2.182817 0 1.957402 1.548723 0 1.827279 0.7740759 0 1.823061 0.1442267 -0.1502683 1.822975 0.1445305 -0.3309432 1.96152 1.538221 -0.1940235 1.830327 0.7733743 -0.2672319 1.820624 0.1394753 -0.6976717 1.984898 1.495392 -0.3739126 1.834888 0.762458 -0.3590035 1.813794 0.1036045 1.013754 7.883836 -0.06372313 1.035207 7.874664 0.1909109 1.14932 7.826193 0.1763473 1.119053 7.839194 -0.1137867 1.14932 7.826193 0.1763473 1.295375 7.798753 -0.1703831 1.319906 7.713228 0.3168589 1.126611 7.809938 0.3330751 1.035207 7.874664 0.1909109 1.012311 7.869974 0.314609 1.187061 7.730805 0.4982703 1.075732 7.811488 0.4681869 1.012311 7.869974 0.314609 0.9894156 7.873168 0.438307 1.075732 7.811488 0.4681869 0.9169706 7.869909 0.6217253 0.9732785 7.816667 0.6702201 1.039097 7.736537 0.7312524 0.7751364 7.871097 0.7728158 0.9169706 7.869909 0.6217253 1.404078 13.64352 0.08787127 1.565925 13.57298 0.1944141 1.505222 13.61568 0.04707061 1.597934 13.58867 -0.01189644 1.888936 13.45539 -0.1012919 2.089608 13.34695 0.2135573 2.211637 13.31129 -0.09035459 2.534005 13.10211 -0.05942191 2.469908 13.12705 0.2191758 2.76094 12.89101 0.2264746 2.738167 12.94556 0.01817137 2.794229 12.87575 0.08583441 2.876866 12.78675 0.1213018 -1.565925 13.57298 0.1944141 -1.404078 13.64349 0.08787127 -1.505222 13.61568 0.04707061 -1.597934 13.58867 -0.01189644 -1.888936 13.45539 -0.1012919 -2.089608 13.34695 0.2135573 -2.211637 13.31129 -0.09035459 -2.534005 13.10211 -0.05942191 -2.469908 13.12705 0.2191758 -2.76094 12.89101 0.2264746 -2.738167 12.94556 0.01817137 -2.794229 12.87575 0.08583441 -2.876866 12.78675 0.1213018 -0.5546175 0 0.1156529 -0.615081 0 -0.3219071 -0.5087956 0.08266572 0.1251387 -0.5668988 0.08266588 -0.3960089 -0.9227827 0 -0.5655951 -0.4819162 0.4824532 0.01226557 -0.9050103 0.08266572 -0.6511046 -0.6657834 0.4824539 -0.4861306 -1.313496 0.08266572 -0.5507138 -1.295515 0 -0.4628539 -1.070617 0.4824539 -0.6321366 -1.575569 0.08266588 -0.09602948 -1.524166 0 -0.08526126 -1.587468 0.005512556 0.2748578 -1.462617 0.4824545 -0.4861306 -1.084741 0.957584 -0.660892 -0.6363761 0.9559086 -0.4884893 -0.4549602 0.9494793 0.04875864 -0.6263559 1.130126 -0.4902468 -0.4401571 1.118195 0.05990618 -1.512915 0.9579436 -0.488543 -0.6178337 1.285697 -0.4939887 -0.4241203 1.263409 0.06928428 -0.375225 1.685926 0.09254874 -1.093009 1.134483 -0.6710893 -0.5781349 1.731277 -0.5166585 -0.3590035 1.813794 0.1036045 -0.549997 1.880516 -0.5277599 -1.098604 1.295651 -0.680297 -1.108259 1.77759 -0.7045712 -1.110926 1.969272 -0.7307592 -1.527516 1.136004 -0.4903057 -1.54176 1.299677 -0.4940467 -1.574217 1.798 -0.5213588 -1.588867 1.998264 -0.5463448 -1.724862 1.13474 0.0283179 -1.810533 1.795586 0.05952448 -1.874439 1.985879 0.06541941 -1.743331 1.29826 0.03413825 -1.678464 1.924583 0.6907353 -1.629166 1.743718 0.6418116 -1.143054 1.86589 1.011574 -1.55929 1.273801 0.556932 -1.125713 1.697096 0.9468758 -0.5885792 1.82831 0.7237323 -1.539377 1.116569 0.5357193 -1.111158 1.258091 0.8204268 -0.5991307 1.683629 0.6731253 -0.3590035 1.813794 0.1036045 -0.375225 1.685926 0.09254874 -0.6248274 1.261103 0.572472 -0.4241203 1.263409 0.06928428 -1.10501 1.106366 0.785592 -0.6325547 1.110813 0.5506566 -0.4401571 1.118195 0.05990618 -1.519242 0.9434776 0.5111491 -1.096441 0.9371575 0.7506706 -0.6416084 0.941135 0.5254911 -0.4549602 0.9494793 0.04875864 -1.090734 0.4855731 0.6714466 -0.6657693 0.4824538 0.4682304 -0.4819162 0.4824532 0.01226557 -0.6324894 0.3175802 0.5279164 -0.5087956 0.08266572 0.1251387 -0.8801697 0.2655004 0.7274565 -0.6041945 0.08777658 0.5305693 -0.6382375 0.005280165 0.4719013 -0.5546175 0 0.1156529 -0.8559946 0.0162301 0.6776878 -0.8709881 0.09858552 0.7538897 -1.191629 0.01623011 0.7340303 -1.191904 0.2553591 0.7761873 -1.206334 0.09850872 0.8055781 -1.496851 0.09843194 0.6203088 -1.482426 0.01616956 0.5476481 -1.462091 0.4825919 0.4641261 -1.468729 0.2745206 0.6009978 -1.644972 0.08798774 0.3026303 -1.633663 0.3170727 0.3362218 -1.64806 0.4824545 0.01225513 -1.70597 0.9568382 0.02156556 0.615081 0 -0.3219071 0.5546175 0 0.1156529 0.5087956 0.08266555 0.1251387 0.5668988 0.0826657 -0.3960089 0.4819162 0.482453 0.01226557 0.9227827 0 -0.5655951 0.6657834 0.4824538 -0.4861306 0.9050103 0.08266555 -0.6511046 0.6363761 0.9559086 -0.4884893 0.4549601 0.9494793 0.04875864 1.070617 0.4824538 -0.6321366 0.6263559 1.130126 -0.4902468 0.4401571 1.118195 0.05990618 1.084741 0.957584 -0.660892 0.6178337 1.285697 -0.4939887 0.4241203 1.263409 0.06928428 0.375225 1.685926 0.09254874 1.093009 1.134483 -0.6710893 0.5781349 1.731277 -0.5166585 0.3590035 1.813794 0.1036045 0.549997 1.880516 -0.5277599 1.098604 1.295651 -0.680297 1.108259 1.77759 -0.7045712 1.110926 1.969272 -0.7307592 1.527516 1.136004 -0.4903057 1.574217 1.798 -0.5213588 1.588867 1.998264 -0.5463448 1.54176 1.299677 -0.4940467 1.810533 1.795586 0.05952448 1.874439 1.985879 0.06541941 1.678464 1.924583 0.6907353 1.743331 1.29826 0.03413825 1.629166 1.743718 0.6418116 1.143054 1.86589 1.011574 1.55929 1.273801 0.556932 1.125713 1.697096 0.9468758 0.5885792 1.82831 0.7237323 1.724862 1.13474 0.0283179 0.5991307 1.683629 0.6731253 0.3590035 1.813794 0.1036045 0.375225 1.685926 0.09254874 1.111158 1.258091 0.8204268 0.6248274 1.261103 0.572472 0.4241203 1.263409 0.06928428 1.539377 1.116574 0.5357193 1.10501 1.106366 0.785592 0.6325547 1.110813 0.5506566 0.4401571 1.118195 0.05990618 1.519242 0.9434776 0.5111491 1.096441 0.9371575 0.7506706 0.6416084 0.941135 0.5254911 0.4549601 0.9494793 0.04875864 1.090734 0.485573 0.6714466 0.6657693 0.4824537 0.4682304 0.4819162 0.482453 0.01226557 0.6324894 0.3175802 0.5279164 0.5087956 0.08266555 0.1251387 0.8801697 0.2655004 0.7274565 0.6041945 0.08777665 0.5305693 0.5546175 0 0.1156529 0.6382375 0.005280237 0.4719013 0.8559946 0.01623017 0.6776878 0.8709881 0.09858558 0.7538897 1.191629 0.01623018 0.7340303 1.191904 0.2553592 0.7761873 1.206334 0.09850878 0.8055781 1.496851 0.09843199 0.6203088 1.482426 0.0161696 0.5476481 1.462091 0.4825918 0.4641261 1.468729 0.2745207 0.6009978 1.644972 0.08798762 0.3026303 1.587468 0.005512442 0.2748578 1.633663 0.3170725 0.3362218 1.64806 0.4824544 0.01225513 1.575569 0.0826657 -0.09602948 1.524166 0 -0.08526126 1.295515 0 -0.4628539 1.70597 0.9568381 0.02156556 1.512915 0.9579436 -0.488543 1.462617 0.4824544 -0.4861306 1.313496 0.08266555 -0.5507138 3.543015 9.061024 1.308755 3.678619 9.3612 1.358464 3.429705 9.362046 1.967047 3.284623 9.019282 1.874503 3.127924 9.347107 2.424387 3.3516 8.745756 1.242958 2.989876 8.957035 2.306299 2.794114 9.336757 2.802463 3.093596 8.676661 1.763697 3.065361 8.455612 1.13725 2.659302 8.896889 2.634461 2.459582 9.329711 3.084326 2.777134 8.595607 2.106402 2.821553 8.400063 1.600634 2.646427 8.185614 1.001809 2.341532 8.852435 2.894273 2.181123 9.316397 3.279639 2.399936 8.146318 1.379209 2.106489 8.007516 0.8366557 2.54957 8.342226 1.903625 2.465373 8.540347 2.395776 1.925199 7.996734 1.101664 1.629202 7.916297 0.6794451 2.167764 8.120626 1.637211 2.23527 8.29805 2.14394 1.530688 7.914196 0.8688657 1.289444 7.883105 0.5477415 1.723637 7.987925 1.313668 0.9894156 7.873168 0.438307 0.9169706 7.869909 0.6217253 1.127013 7.876444 0.8148589 1.396398 7.907666 1.052955 1.938173 8.102036 1.833473 1.533046 7.969371 1.473978 1.245851 7.900337 1.198097 0.9417204 7.871276 0.9601565 0.7751364 7.871097 0.7728158 1.363499 7.946902 1.584391 0.7508355 7.870227 1.066058 0.6343597 7.871883 0.8606516 1.134991 7.891309 1.272053 0.9514419 7.883773 1.374564 1.165118 7.932331 1.6973 1.686445 8.072827 1.97704 1.44593 8.050617 2.080477 1.968203 8.246795 2.311641 1.692697 8.192203 2.41877 2.168688 8.48387 2.598683 1.871305 8.427287 2.763687 1.986397 8.778792 3.109449 1.943765 9.310017 3.440244 1.448609 8.315201 2.924912 1.785394 8.78861 3.303406 1.597176 8.842596 3.575351 1.76074 9.313768 3.625525 1.398952 8.470524 3.240629 1.382446 8.932208 3.947456 1.521551 9.37718 3.940385 1.306023 8.567733 3.559469 1.291191 9.46027 4.272313 1.180244 9.060072 4.304775 1.108644 8.683004 3.947828 0.8574278 8.802849 4.333726 0.9380543 8.412628 3.541906 0.9007491 8.576338 3.937456 0.4825305 8.656977 4.363641 0.9427001 8.300589 3.231423 0.5150955 8.460941 3.935707 0.5196002 8.314605 3.537102 0 8.406851 3.943753 0 8.602972 4.37744 -0.4825305 8.656977 4.363641 0.5260933 8.214103 3.231857 -0.5150955 8.460941 3.935707 0.9362368 8.19984 2.931743 -0.9007491 8.576338 3.937456 -0.8574278 8.802849 4.333726 1.331079 8.140224 2.500092 -1.108644 8.683004 3.947828 -1.180244 9.060072 4.304775 1.138516 8.016529 2.150781 -1.291191 9.46027 4.272313 -1.521551 9.37718 3.940385 -1.382446 8.932208 3.947456 -1.76074 9.313768 3.625525 -1.306023 8.567733 3.559469 -1.597176 8.842586 3.575351 -1.943765 9.310017 3.440244 -0.9380543 8.412628 3.541906 -1.398952 8.470524 3.240629 -1.785394 8.78861 3.303406 -1.986397 8.778792 3.109449 -2.181123 9.316397 3.279639 -1.448609 8.315201 2.924912 -0.9427001 8.300589 3.231423 -0.5196002 8.314605 3.537102 0 8.263624 3.543209 0 8.180094 3.248506 -0.5260933 8.214103 3.231857 0 8.11888 2.966399 -0.9362368 8.19984 2.931743 -0.5200755 8.131353 2.95311 0.5200755 8.131353 2.95311 0 8.031688 2.596811 0.9038613 8.08684 2.559603 0.5155053 8.04424 2.592086 0.8043261 7.991724 2.204433 0.9436001 7.922124 1.78266 0.4514212 7.971187 2.243318 0.6943833 7.914529 1.833711 0.7712784 7.882098 1.443732 0.3766339 7.914295 1.863112 0.4765365 7.86974 1.147822 0.5827236 7.881454 1.494794 0.4004965 7.869405 0.950578 0.3145019 7.879852 1.522587 0.245907 7.870138 1.189005 0.2005284 7.868201 0.9975448 -0.0008446097 7.913868 1.869483 -0.002024209 7.872446 1.207281 -0.0005707084 7.867804 1.00608 -0.2005282 7.868201 0.9975448 -0.002154196 7.887456 1.535771 -0.2459141 7.870138 1.189005 -0.4004962 7.869405 0.950578 -0.3145406 7.879852 1.522587 -0.4765422 7.86974 1.147822 -0.6343595 7.871883 0.8606516 -0.3766498 7.914295 1.863112 -0.7508354 7.870227 1.066058 -0.7751361 7.871097 0.7728158 -0.5827912 7.881454 1.494794 -0.7711421 7.882098 1.443732 -0.6943833 7.914529 1.833711 0 7.972903 2.255512 -0.4514212 7.971187 2.243318 -0.5155053 8.04424 2.592086 -0.8043261 7.991724 2.204433 -0.9038613 8.08684 2.559603 -0.9436001 7.922124 1.78266 -1.138516 8.016529 2.150781 -1.331079 8.140224 2.500092 -0.951434 7.883773 1.374564 -1.165118 7.932331 1.6973 -1.44593 8.050617 2.080477 -0.9417751 7.871276 0.9601565 -0.9169704 7.869909 0.6217253 -1.135044 7.891309 1.272053 -1.363499 7.946902 1.584391 -1.246067 7.900337 1.198097 -1.127047 7.876444 0.8148589 -1.289636 7.883105 0.5477415 -0.989426 7.873168 0.438307 -1.531196 7.914196 0.8688657 -1.629711 7.916297 0.6794451 -1.396655 7.907666 1.052955 -1.533046 7.969371 1.473978 -1.723637 7.987925 1.313668 -1.925199 7.996734 1.101664 -2.106489 8.007516 0.8366557 -1.686445 8.072827 1.97704 -2.399936 8.146318 1.379209 -2.646427 8.185614 1.001809 -2.167764 8.120626 1.637211 -1.938173 8.102036 1.833473 -2.821553 8.400063 1.600634 -3.065361 8.455612 1.13725 -2.54957 8.342226 1.903625 -2.23527 8.29805 2.14394 -3.093596 8.676661 1.763697 -3.3516 8.745756 1.242958 -2.777134 8.595607 2.106402 -3.284623 9.019282 1.874503 -3.543015 9.061024 1.308755 -3.429705 9.362046 1.967047 -3.678619 9.3612 1.358464 -3.127924 9.347107 2.424387 -2.989876 8.957035 2.306299 -2.794114 9.336757 2.802463 -2.659302 8.896889 2.634461 -2.459582 9.329711 3.084326 -2.465373 8.540347 2.395776 -2.341532 8.852435 2.894273 -2.168688 8.48387 2.598683 -1.871305 8.427287 2.763687 -1.968203 8.246795 2.311641 -1.692697 8.192203 2.41877 -5.490169 6.886397 -0.08013605 -5.490169 7.021901 -0.2227854 -5.286134 6.789016 -0.1467117 -5.286135 6.995378 -0.346697 -4.693807 6.72716 -0.2374546 -5.286134 7.261685 -0.345827 -5.490169 7.245564 -0.2212693 -4.695527 6.954015 -0.4874009 -3.401605 6.677124 -0.3530664 -4.696727 7.278934 -0.4847502 -5.286134 7.507363 -0.2050484 -5.490169 7.423223 -0.1214505 -3.401757 6.917736 -0.6366054 -3.215505 6.669783 -0.3732189 -3.401395 7.283689 -0.633661 -3.215517 6.92427 -0.6609986 -3.039557 6.661451 -0.380519 -4.69777 7.566847 -0.3080656 -3.039136 6.919423 -0.6888649 -2.419604 6.649329 -0.3833133 -3.40066 7.623116 -0.4330558 -2.385527 6.9161 -0.7402601 -2.065064 6.638182 -0.3537672 -3.038544 7.293952 -0.68558 -3.215033 7.29366 -0.6579515 -3.214054 7.625235 -0.4542589 -3.037297 7.626082 -0.4756673 -2.363631 7.301326 -0.7367945 -1.992544 6.927746 -0.7505828 -1.886596 6.63162 -0.3356782 -2.362402 7.637213 -0.5200008 -1.937864 7.310246 -0.7601579 -1.746308 6.939443 -0.7603387 -1.640545 6.7197 -0.5831329 -1.791102 6.616795 -0.3164961 -1.778484 6.555272 -0.297314 -1.473869 6.60161 -0.6353562 -1.356816 6.951484 -0.7905734 -1.550022 6.944643 -0.7695876 -1.665677 7.320136 -0.7744618 -1.436121 7.330497 -0.7803879 -1.266917 7.348997 -0.7990923 -1.910289 7.642489 -0.5452445 -1.636574 7.657555 -0.5636381 -1.41669 7.681014 -0.5684351 -1.257266 7.700884 -0.5818331 -1.295311 7.798753 -0.1703831 -1.44837 7.769813 -0.1671007 -1.319906 7.713228 0.3168589 -1.646785 7.748646 -0.1586341 -1.46389 7.694726 0.3087665 -1.428664 7.41579 0.6909347 -1.913112 7.733504 -0.1433498 -1.641136 7.674702 0.3066162 -1.549606 7.396219 0.665268 -1.706484 6.982114 0.7233899 -1.715246 7.374464 0.6499699 -1.908326 7.656787 0.3042089 -2.362214 7.727942 -0.1183848 -1.832685 6.961928 0.6883618 -1.818204 6.768383 0.5940679 -1.941005 7.354016 0.622524 -2.360975 7.650168 0.304573 -3.036191 7.730086 -0.08417373 -2.367166 7.351732 0.5861982 -3.212929 7.72509 -0.07374966 -3.036043 7.657148 0.3108004 -3.399837 7.725855 -0.05822615 -3.212715 7.647816 0.3175251 -3.037204 7.347406 0.5532796 -4.698301 7.664979 0.02198624 -3.399608 7.646739 0.3243005 -3.21353 7.346092 0.5502471 -4.697768 7.595675 0.3629854 -5.286134 7.5748 0.05860455 -5.490169 7.503814 0.06506419 -5.490169 7.439501 0.2577978 -5.286134 7.53037 0.3310145 -5.490168 7.253467 0.3712451 -3.400031 7.335339 0.5565044 -4.696727 7.323977 0.5636661 -5.286134 7.277209 0.4915753 -5.490169 7.051156 0.382255 -4.695525 7.000479 0.5941206 -5.286134 7.012033 0.5170429 -5.286134 6.809636 0.3337256 -5.490169 6.900992 0.2599038 -5.490169 6.886397 -0.08013605 -5.286134 6.789016 -0.1467117 -4.693807 6.753011 0.3642878 -4.693807 6.72716 -0.2374546 -3.400607 6.970998 0.5907103 -3.400976 6.706748 0.3296015 -3.401605 6.677124 -0.3530664 -3.214714 6.978342 0.5849679 -3.215266 6.699859 0.3410191 -3.215505 6.669783 -0.3732189 -3.039116 6.974546 0.5866004 -3.039869 6.692113 0.3419605 -3.039557 6.661451 -0.380519 -2.404405 6.963048 0.6308973 -2.439163 6.669738 0.357817 -2.419604 6.649329 -0.3833133 -2.065064 6.638182 -0.3537672 -2.102505 6.656307 0.3902288 -1.886596 6.63162 -0.3356782 -2.019912 6.95449 0.6614531 -1.968578 6.640985 0.4100723 -1.791102 6.616795 -0.3164961 -1.888572 6.618967 0.4219527 -1.778484 6.555272 -0.297314 -1.902305 6.55025 0.4338331 5.490168 7.021902 -0.2227855 5.490168 6.886398 -0.08013607 5.286134 6.789017 -0.1467117 5.286135 6.995378 -0.346697 4.693807 6.72716 -0.2374547 5.286133 7.261685 -0.345827 5.490168 7.245565 -0.2212693 4.695527 6.954015 -0.4874009 3.401604 6.657647 -0.3530664 4.696727 7.278935 -0.4847502 5.286134 7.507363 -0.2050484 5.490168 7.423224 -0.1214505 3.401757 6.898259 -0.6366054 3.215505 6.65047 -0.3732189 3.401394 7.264212 -0.633661 3.215517 6.904957 -0.6609986 3.039556 6.642139 -0.380519 4.69777 7.566847 -0.3080655 3.039135 6.900111 -0.6888649 2.419604 6.64933 -0.3833133 3.400659 7.606763 -0.4330558 2.385527 6.916101 -0.7402601 2.065064 6.638182 -0.3537672 3.038544 7.27464 -0.68558 3.215033 7.274347 -0.6579515 3.214054 7.609019 -0.4542589 3.037297 7.609868 -0.4756673 2.363631 7.301327 -0.7367945 1.992544 6.927746 -0.7505828 1.886596 6.63162 -0.3356782 2.362401 7.637213 -0.5200008 1.937864 7.310246 -0.7601579 1.746308 6.939443 -0.7603387 1.640545 6.7197 -0.5831329 1.791102 6.616795 -0.3164961 1.778484 6.555272 -0.297314 1.473869 6.60161 -0.6353562 1.356816 6.951484 -0.7905734 1.550021 6.944643 -0.7695876 1.665677 7.320136 -0.7744618 1.435808 7.330497 -0.7803879 1.266943 7.348997 -0.7990923 1.910288 7.642489 -0.5452445 1.636574 7.657555 -0.5636381 1.416777 7.681014 -0.5684351 1.257328 7.700884 -0.5818331 1.295375 7.798753 -0.1703831 1.448448 7.769813 -0.1671007 1.319906 7.713228 0.3168589 1.646796 7.748646 -0.1586341 1.463896 7.694726 0.3087665 1.428306 7.41579 0.6909347 1.913111 7.733504 -0.1433498 1.641135 7.674702 0.3066162 1.549606 7.396219 0.665268 1.706484 6.982114 0.7233899 1.715245 7.374464 0.6499699 1.908325 7.656787 0.3042089 2.362214 7.727943 -0.1183848 1.832685 6.961928 0.6883618 1.818204 6.768383 0.5940679 1.941005 7.354016 0.622524 2.360992 7.650168 0.304573 3.036191 7.713872 -0.08417374 2.367166 7.351733 0.5861982 3.212929 7.708875 -0.07374965 3.036043 7.640934 0.3108004 3.399837 7.709503 -0.05822612 3.212715 7.631602 0.3175251 4.698301 7.66498 0.02198627 3.399608 7.630385 0.3243005 3.037204 7.328094 0.5532796 3.21353 7.326779 0.5502471 4.697768 7.595676 0.3629854 3.400031 7.315862 0.5565044 5.286134 7.5748 0.05860458 5.490168 7.503814 0.06506421 5.490168 7.439502 0.2577978 5.286133 7.53037 0.3310145 5.490168 7.253468 0.3712451 4.696726 7.323977 0.5636661 5.286134 7.27721 0.4915753 5.490168 7.051157 0.382255 4.695524 7.00048 0.5941206 5.286134 7.012034 0.5170429 5.286133 6.809637 0.3337256 5.490168 6.900993 0.2599038 5.490168 6.886398 -0.08013607 5.286134 6.789017 -0.1467117 4.693806 6.753012 0.3642878 4.693807 6.72716 -0.2374547 3.400607 6.951521 0.5907103 3.400976 6.687272 0.3296014 3.401604 6.657647 -0.3530664 3.214713 6.959028 0.5849679 3.215266 6.680546 0.3410191 3.215505 6.65047 -0.3732189 3.039115 6.955235 0.5866004 3.039869 6.672801 0.3419605 3.039556 6.642139 -0.380519 2.404405 6.963048 0.6308973 2.439163 6.669739 0.357817 2.419604 6.64933 -0.3833133 2.065064 6.638182 -0.3537672 2.102505 6.656307 0.3902288 1.886596 6.63162 -0.3356782 2.019912 6.95449 0.6614531 1.968578 6.640985 0.4100723 1.791102 6.616795 -0.3164961 1.888572 6.618967 0.4219527 1.778484 6.555272 -0.297314 1.902305 6.55025 0.4338331 -1.282326 13.66929 0.09343965 -1.404078 13.64349 0.08787127 -1.565925 13.57298 0.1944141 -1.136606 13.68331 0.185708 -1.189534 13.68459 0.023911 -1.129102 13.70446 -0.1471404 -1.465781 13.57725 0.6624878 -1.062591 13.70149 -0.367876 -1.119757 13.70489 -0.3627321 -1.170832 13.68397 -0.5992588 -1.993704 13.37634 0.6699425 -2.089608 13.34695 0.2135573 -1.888154 13.37019 1.123071 -1.387804 13.54527 1.114524 -2.267333 13.1704 1.128778 -0.8905479 13.69975 0.648342 -0.8670274 13.65621 1.112538 -2.369549 13.15685 0.6860466 -2.571836 12.93954 1.153509 -2.469908 13.12705 0.2191758 -2.673505 12.92495 0.7021507 -2.918507 12.58732 1.186535 -2.76094 12.89101 0.2264746 -3.019434 12.56451 0.7189784 -3.204475 12.14185 1.239924 -2.876866 12.78675 0.1213018 -2.985184 12.68792 0.1143547 -3.330783 12.10332 0.7428909 -3.441287 11.63776 1.311167 -3.108804 12.52961 0.2293272 -3.063535 12.61139 0.0404043 -3.108994 12.57806 -0.1379768 -3.584166 11.5908 0.7555367 -3.627994 11.122 1.363663 -3.404974 12.07297 0.2196827 -3.110558 12.47624 -0.3751651 -3.080467 12.57593 -0.3582137 -3.034112 12.60712 -0.6078921 -3.780865 11.08841 0.7698064 -3.735344 10.64854 1.393773 -3.672441 11.55309 0.1948733 -3.37456 12.0334 -0.4778582 -3.886751 10.63122 0.7763482 -3.805305 10.19645 1.397931 -3.846361 11.05805 0.1682519 -3.597753 11.53902 -0.5572896 -3.938961 10.20692 0.7845732 -3.936754 10.62866 0.143297 -3.75062 11.04173 -0.6260435 -3.916454 9.799357 0.7754374 -3.784845 9.799066 1.392179 -3.968559 10.21023 0.1184234 -3.807361 10.64173 -0.6569167 -3.802657 9.392283 0.7622448 -3.678619 9.3612 1.358464 -3.956154 9.827439 0.1058573 -3.673185 9.09909 0.7407078 -3.543015 9.061024 1.308755 -3.857933 9.432418 0.09631318 -3.720606 9.125411 0.08822907 -3.481193 8.781034 0.7084548 -3.3516 8.745756 1.242958 -3.527973 8.806078 0.08511834 -3.208932 8.499942 0.6530861 -3.065361 8.455612 1.13725 -3.272851 8.530686 0.09324549 -2.763887 8.215669 0.600352 -2.646427 8.185614 1.001809 -2.83282 8.237993 0.1218005 -2.208664 8.024211 0.5257585 -2.106489 8.007516 0.8366557 -2.273876 8.030086 0.1552099 -1.698695 7.921786 0.4477127 -1.629711 7.916297 0.6794451 -1.749083 7.920476 0.169617 -1.342385 7.883039 0.3800911 -1.289636 7.883105 0.5477415 -0.989426 7.873168 0.438307 -1.012319 7.869974 0.314609 -1.035213 7.874664 0.1909109 -1.358161 7.886332 0.1745312 -1.013755 7.883836 -0.06372313 -1.334821 7.888859 -0.1081475 -0.9505857 7.883207 -0.3194427 -1.712605 7.933905 -0.1766037 -1.180419 7.893221 -0.4634916 -2.249406 8.037127 -0.289114 -1.605855 7.939771 -0.4762018 -2.807657 8.25402 -0.4048314 -2.136411 8.048388 -0.7251118 -3.258394 8.555603 -0.5214697 -2.669709 8.279555 -0.9796941 -3.490105 8.831566 -0.5822846 -3.049328 8.57989 -1.150232 -3.653431 9.14718 -0.6282857 -3.265838 8.84985 -1.260844 -3.766328 9.459634 -0.6619423 -3.413907 9.157539 -1.334369 -2.860795 8.858459 -1.803173 -3.838598 9.840506 -0.6776377 -3.512973 9.47321 -1.385909 -3.838238 10.22155 -0.6834932 -3.581539 9.841652 -1.415499 -2.986673 9.167929 -1.934302 -3.070776 9.489063 -2.029887 -3.580715 10.23028 -1.418893 -3.154674 9.846315 -2.103405 -2.475746 9.173439 -2.398432 -3.545949 10.63457 -1.392706 -2.379647 8.866679 -2.224642 -3.483081 11.04287 -1.344093 -3.146031 10.62979 -2.108384 -3.342894 11.53215 -1.265288 -3.088102 11.04499 -2.055785 -2.964067 11.51934 -1.955899 -3.138763 12.02647 -1.155927 -2.804383 12.01872 -1.773461 -2.924284 12.49243 -0.9623303 -2.615339 12.50962 -1.489558 -2.864989 12.60456 -0.9117559 -2.911568 12.66836 -0.858068 -2.719416 12.78028 -1.042569 -2.451229 12.84438 -1.266055 -2.509091 12.9073 -1.14697 -2.277966 13.05928 -1.218127 -2.076817 12.90183 -1.616816 -1.981181 13.11377 -1.386914 -2.024568 13.20013 -1.221625 -1.78628 13.33145 -1.204175 -2.204356 12.52308 -1.92668 -1.58018 12.92445 -1.925932 -1.436168 13.4049 -1.257143 -1.552467 13.46365 -1.115332 -1.388411 13.55653 -0.9823544 -1.50889 13.19789 -1.580384 -1.171776 13.61882 -0.8592678 -1.258299 13.63156 -0.819884 -0.9710448 13.44742 -1.361134 -1.017526 13.2164 -1.758098 -0.9427195 13.62956 -0.9060851 -0.9154625 13.71876 -0.3768207 -0.474817 13.46247 -1.425411 -0.8983488 13.72257 0.1924997 -0.4356456 13.74846 -0.3844821 -0.4480457 13.64771 -0.9457052 -0.4322103 13.75815 0.1924995 -0.4198828 13.73868 0.648342 -0.4124202 13.68111 1.112968 0 13.77514 0.1924992 0 13.75306 0.648342 0 13.68511 1.113 0.4124202 13.68111 1.112968 0.4198828 13.73868 0.648342 0.8670274 13.65621 1.112538 0 13.7488 -0.390193 0.8905479 13.69975 0.648342 1.387804 13.54527 1.114524 0.4322103 13.75814 0.1924995 0.4356456 13.74846 -0.3844821 0.8983488 13.72257 0.1924997 1.465781 13.57725 0.6624878 1.888154 13.37019 1.123071 1.136606 13.68331 0.185708 1.993704 13.37634 0.6699425 2.267333 13.1704 1.128778 1.565925 13.57298 0.1944141 2.369549 13.15685 0.6860466 2.571836 12.93954 1.153509 2.089608 13.34695 0.2135573 2.469908 13.12705 0.2191758 1.404078 13.64352 0.08787127 1.282326 13.66929 0.09343965 1.189534 13.68459 0.023911 1.129102 13.70446 -0.1471404 2.673505 12.92495 0.7021507 2.918507 12.58732 1.186535 2.76094 12.89101 0.2264746 3.019434 12.56451 0.7189784 3.204475 12.14185 1.239924 2.876866 12.78675 0.1213018 2.985184 12.68792 0.1143547 3.330783 12.10332 0.7428909 3.441287 11.63776 1.311167 3.108804 12.52961 0.2293272 3.063535 12.61141 0.0404043 3.108994 12.57806 -0.1379768 3.584166 11.5908 0.7555367 3.627994 11.122 1.363663 3.404974 12.07297 0.2196827 3.110558 12.47624 -0.3751651 3.080467 12.57593 -0.3582137 3.034112 12.60712 -0.6078921 3.780865 11.08841 0.7698064 3.735344 10.64854 1.393773 3.672441 11.55309 0.1948733 3.37456 12.0334 -0.4778582 3.886751 10.63122 0.7763482 3.805305 10.19645 1.397931 3.846361 11.05805 0.1682519 3.597753 11.53902 -0.5572896 2.924284 12.49243 -0.9623303 3.138763 12.02647 -1.155927 2.864989 12.60456 -0.9117559 2.911568 12.66836 -0.858068 2.719416 12.78028 -1.042569 2.615339 12.50963 -1.489558 2.451229 12.84438 -1.266055 2.509091 12.9073 -1.14697 2.277966 13.05928 -1.218127 1.981181 13.11377 -1.386914 2.024568 13.20013 -1.221625 1.78628 13.33145 -1.20423 2.076817 12.90183 -1.616816 2.204356 12.52308 -1.92668 1.436168 13.4049 -1.257143 1.552467 13.46365 -1.115332 1.388411 13.55653 -0.9823544 1.58018 12.92445 -1.925932 1.50889 13.19789 -1.580384 1.171776 13.61882 -0.8592678 1.258299 13.63156 -0.819884 1.170832 13.68397 -0.5992588 0.9710448 13.44742 -1.361134 1.017526 13.2164 -1.758098 1.062591 13.70149 -0.367876 1.119757 13.70489 -0.3627321 0.9154625 13.71876 -0.3768207 0.9427195 13.62956 -0.9060851 0.4480457 13.64771 -0.9457052 0.474817 13.46247 -1.425411 0 13.65174 -0.9561029 0 13.46224 -1.433707 0.495978 13.22726 -1.839453 -0.495978 13.22726 -1.839453 0 13.2239 -1.854568 1.072816 12.91058 -2.137226 0.517174 12.90379 -2.246061 1.680538 12.52003 -2.266817 1.125106 12.51252 -2.482971 0 12.89963 -2.270012 2.350274 12.01219 -2.232129 0.5462093 12.49939 -2.584731 1.778665 12.0011 -2.612102 1.205202 11.98939 -2.823719 2.804383 12.01872 -1.773388 2.463088 11.51439 -2.462969 3.342894 11.53215 -1.265288 2.964067 11.51934 -1.955899 3.75062 11.04173 -0.6260435 3.483081 11.04287 -1.344093 3.936754 10.62866 0.143297 3.807361 10.64173 -0.6569167 3.088102 11.04499 -2.055785 3.938961 10.20692 0.7845732 3.968559 10.21023 0.1184234 3.916454 9.799357 0.7754374 3.784845 9.799066 1.392179 3.545949 10.63457 -1.392706 3.838238 10.22155 -0.6834932 3.956154 9.827439 0.1058573 3.146031 10.62979 -2.108384 3.838598 9.840506 -0.6776377 3.580715 10.23028 -1.418893 3.581539 9.841652 -1.415499 3.766328 9.459634 -0.6619423 3.512973 9.47321 -1.385909 3.154674 9.846315 -2.103407 3.857933 9.432418 0.09631318 3.170976 10.23028 -2.138854 3.802657 9.392283 0.7622448 3.678619 9.3612 1.358464 3.673185 9.09909 0.7407078 3.543015 9.061024 1.308755 3.720606 9.125411 0.08822907 3.481193 8.781034 0.7084548 3.3516 8.745756 1.242958 3.527973 8.806078 0.08511834 3.653431 9.14718 -0.6282857 3.208932 8.499942 0.6530861 3.065361 8.455612 1.13725 3.413907 9.157539 -1.334369 3.490105 8.831566 -0.5822846 3.265838 8.84985 -1.260844 2.986673 9.167929 -1.934302 3.049328 8.57989 -1.150232 2.860795 8.858459 -1.803173 3.258394 8.555603 -0.5214697 2.680284 8.575089 -1.622915 3.272851 8.530686 0.09324549 2.669709 8.279555 -0.9796941 2.807657 8.25402 -0.4048314 2.83282 8.237993 0.1218005 2.763887 8.215669 0.600352 2.646427 8.185614 1.001809 2.249406 8.037127 -0.289114 2.208664 8.024211 0.5257585 2.106489 8.007516 0.8366557 2.273876 8.030086 0.1552099 1.698037 7.921786 0.4477127 1.629202 7.916297 0.6794451 1.748627 7.920476 0.169617 1.712117 7.933905 -0.1766037 1.341887 7.883039 0.3800911 1.289444 7.883105 0.5477415 0.9894156 7.873168 0.438307 1.012311 7.869974 0.314609 1.035207 7.874664 0.1909109 1.357852 7.886332 0.1745312 1.013754 7.883836 -0.06372313 1.334622 7.888859 -0.1081475 0.950586 7.883207 -0.3194427 1.605528 7.939771 -0.4762018 1.180166 7.893221 -0.4634916 2.136411 8.048388 -0.7251118 2.372369 8.277722 -1.368799 1.939289 8.065569 -1.080843 1.44684 7.948837 -0.6906948 2.244761 8.584373 -2.003552 2.011631 8.295423 -1.727347 1.658789 8.084826 -1.354308 2.379647 8.866679 -2.224642 1.704293 8.595767 -2.338365 1.534539 8.300117 -2.004112 1.245735 7.955157 -0.9077718 1.296726 8.09182 -1.589415 0.9775727 7.89316 -0.6468771 0.8144032 7.88123 -0.4847319 0.5521462 7.880874 -0.6397358 0.9765363 7.960125 -1.093384 0.6017992 7.89511 -0.8561235 0.2604716 7.876037 -0.7262394 0.8731961 8.093983 -1.737049 0.2940327 7.894033 -0.9323888 0 7.875514 -0.75613 0.6891702 7.958165 -1.199744 0 7.893745 -0.9589956 0.3313449 7.958714 -1.269037 0.4109313 8.104643 -1.823171 1.027346 8.313684 -2.195284 0.4842328 8.324468 -2.289357 1.148949 8.593586 -2.549983 0.5545421 8.600741 -2.671454 1.808285 8.86747 -2.58652 1.205787 8.868032 -2.814437 2.475746 9.173439 -2.398432 1.878463 9.172197 -2.771538 3.070776 9.489063 -2.029887 2.539209 9.498744 -2.531285 2.597649 9.850197 -2.620646 1.918973 9.504669 -2.909638 1.252562 9.176916 -2.998731 1.938969 9.85401 -3.005056 0.6000812 9.178202 -3.126937 1.279549 9.516218 -3.131101 0.571359 8.871213 -2.932256 0.616652 9.518889 -3.274132 0 8.611683 -2.686209 0 9.178804 -3.15631 0 8.875076 -2.953129 0 8.332249 -2.311078 -0.571359 8.871213 -2.932256 0 8.109787 -1.842916 -0.4842328 8.324468 -2.289357 0 7.96133 -1.280464 -0.4109313 8.104643 -1.823171 -0.3313699 7.958714 -1.269037 -0.2940477 7.894033 -0.9323888 -0.2604714 7.876037 -0.7262394 -0.6893408 7.958165 -1.199744 -0.6018735 7.89511 -0.8561235 -0.552146 7.880874 -0.6397358 -0.8731961 8.093983 -1.737049 -0.9767666 7.960125 -1.093384 -0.9777092 7.89316 -0.6468771 -0.814403 7.88123 -0.4847319 -1.246206 7.955157 -0.9077718 -1.296726 8.09182 -1.589415 -1.447341 7.948837 -0.6906948 -1.658789 8.084826 -1.354308 -1.939289 8.065569 -1.080843 -1.534539 8.300117 -2.004112 -2.372369 8.277722 -1.368799 -2.011631 8.295423 -1.727347 -2.680284 8.575089 -1.622915 -2.244761 8.584373 -2.003552 -1.704293 8.595767 -2.338365 -1.808285 8.86747 -2.58652 -1.148949 8.593586 -2.549983 -1.027346 8.313684 -2.195284 -0.5545421 8.600741 -2.671454 -1.205787 8.868032 -2.814437 -0.6000812 9.178202 -3.126937 -1.878463 9.172197 -2.771538 -1.252562 9.176916 -2.998731 -2.539209 9.498744 -2.531285 -1.918973 9.504669 -2.909638 -1.279549 9.516218 -3.131101 -2.597649 9.850197 -2.620646 -3.170976 10.23028 -2.138854 -1.938969 9.85401 -3.005056 -2.606163 10.23028 -2.66221 -2.597344 10.62893 -2.647895 -2.556103 11.04717 -2.591494 -1.934253 10.62822 -3.018043 -2.463088 11.51439 -2.462984 -1.915588 11.04873 -2.96271 -1.860824 11.50713 -2.839896 -2.350274 12.01219 -2.232129 -1.778665 12.0011 -2.612102 -1.680538 12.52003 -2.266817 -1.205202 11.98939 -2.823719 -1.072816 12.91058 -2.137226 -1.125106 12.51252 -2.482971 -0.517174 12.90379 -2.246061 -0.5462093 12.49939 -2.584731 0 12.4989 -2.607131 0 11.97816 -2.943278 -0.579288 11.98491 -2.921567 0.579288 11.98491 -2.921567 0 11.47863 -3.170198 -0.6094673 11.48203 -3.137318 -1.256283 11.49085 -3.037428 -1.284373 11.04745 -3.160022 -0.6226861 11.0448 -3.26396 -1.297972 10.62844 -3.21965 -1.940885 10.23028 -3.03525 -1.306093 9.866884 -3.21946 -1.302472 10.23028 -3.249872 -0.6291772 10.62923 -3.339279 -0.6337351 9.871426 -3.354862 -0.616652 9.518889 -3.274132 -0.6316577 10.23028 -3.376187 0 9.519096 -3.311226 0 9.875963 -3.390224 0 10.23028 -3.408504 0.6337351 9.871426 -3.354909 0.6316577 10.23028 -3.376187 0 10.63012 -3.372892 1.306093 9.866884 -3.21946 1.302472 10.23028 -3.249872 0.6291772 10.62923 -3.339279 0 11.04384 -3.294653 0.6226861 11.0448 -3.26396 1.297972 10.62844 -3.21965 1.940885 10.23028 -3.03525 0.6094673 11.48203 -3.137318 2.606163 10.23028 -2.66221 1.934253 10.62822 -3.018043 2.597344 10.62893 -2.647895 1.284373 11.04745 -3.160022 1.915588 11.04873 -2.96271 2.556103 11.04717 -2.591494 1.256283 11.49085 -3.037428 1.860824 11.50713 -2.839896 -5.490169 6.886397 -0.08013605 -5.606205 7.184157 0.07796928 -5.490169 7.021901 -0.2227854 -5.490169 6.900992 0.2599038 -5.490169 7.245564 -0.2212693 -5.490169 7.051156 0.382255 -5.490169 7.423223 -0.1214505 -5.490168 7.253467 0.3712451 -5.490169 7.503814 0.06506419 -5.490169 7.439501 0.2577978 5.490168 6.886398 -0.08013607 5.490168 7.021902 -0.2227855 5.606205 7.184157 0.07796927 5.490168 6.900993 0.2599038 5.490168 7.245565 -0.2212693 5.490168 7.051157 0.382255 5.490168 7.423224 -0.1214505 5.490168 7.253468 0.3712451 5.490168 7.503814 0.06506421 5.490168 7.439502 0.2577978 -1.042887 0 0.01457383 -0.6382375 0.005280165 0.4719013 -0.8559946 0.0162301 0.6776878 -1.191629 0.01623011 0.7340303 -0.5546175 0 0.1156529 -1.482426 0.01616956 0.5476481 -0.615081 0 -0.3219071 -1.587468 0.005512556 0.2748578 -0.9227827 0 -0.5655951 -1.524166 0 -0.08526126 -1.295515 0 -0.4628539 1.042887 0 0.01457383 0.8559946 0.01623017 0.6776878 0.6382375 0.005280237 0.4719013 1.191629 0.01623018 0.7340303 0.5546175 0 0.1156529 1.482426 0.0161696 0.5476481 0.615081 0 -0.3219071 1.587468 0.005512442 0.2748578 0.9227827 0 -0.5655951 1.524166 0 -0.08526126 1.295515 0 -0.4628539 0.3325306 3.360587 -5.941057 0.4077776 3.059967 -5.735011 0 3.294711 -5.959273 0 2.976116 -5.755647 0.7647927 3.29221 -5.672137 0.6169367 3.544535 -5.887673 0.4751551 2.726597 -5.333098 0 2.627573 -5.352126 0.8929718 2.999451 -5.269613 1.003343 3.627872 -5.574148 0.8069708 3.810072 -5.806113 1.172148 3.397301 -5.168189 1.08711 4.013645 -5.463102 0.873702 4.113772 -5.71319 1.270181 3.858539 -5.053634 1.003343 4.439122 -5.351553 0.8069707 4.454144 -5.618073 1.172148 4.353647 -4.942269 0.7647924 4.789317 -5.253297 0.6169363 4.733277 -5.535639 0.8929713 4.76422 -4.841997 0.4077771 5.016985 -5.190502 0.3325301 4.914152 -5.482456 0.4751545 5.033531 -4.778186 0 5.09562 -5.169959 0 4.976877 -5.464365 -0.3325301 4.914152 -5.482456 0 5.12673 -4.758589 -0.4077771 5.016985 -5.190502 -0.6169363 4.733277 -5.535639 0 5.073133 -4.340043 -0.7647924 4.789317 -5.253297 -0.8069707 4.454144 -5.618073 -0.4751545 5.033531 -4.778186 -1.003343 4.439122 -5.351553 -0.873702 4.113772 -5.71319 -0.8929713 4.76422 -4.841997 -1.08711 4.013645 -5.463102 -0.8069708 3.810072 -5.806113 -1.172148 4.353647 -4.942269 -0.5261618 4.971842 -4.355481 -0.9722214 4.680612 -4.409834 -1.270181 3.858539 -5.053634 -1.003343 3.627872 -5.574148 -0.6169367 3.544535 -5.887673 -1.270269 4.24072 -4.494422 -0.7647927 3.29221 -5.672137 -0.3325306 3.360587 -5.941057 -1.172148 3.397301 -5.168189 -0.4077776 3.059967 -5.735011 0 3.294711 -5.959273 0 2.976116 -5.755647 -0.8929718 2.999451 -5.269613 -0.4751551 2.726597 -5.333098 0 2.627573 -5.352126 -1.270269 3.207487 -4.683794 -0.5261629 2.48078 -4.824733 0 2.37503 -4.838764 -0.972222 2.774059 -4.770765 -0.5327423 2.363717 -4.273929 0 2.259497 -4.282184 -0.9769651 2.657087 -4.235886 -0.4968271 2.369861 -3.703744 0 2.274217 -3.707208 -0.9105725 2.64332 -3.68319 -1.273785 3.094514 -4.173865 -1.187028 3.053453 -3.648907 -0.7983003 2.708154 -3.163465 -0.4320371 2.464742 -3.171016 0 2.380263 -3.171848 0 2.572001 -2.696991 -0.3642462 2.64372 -2.697176 0 2.807995 -2.229575 -1.043029 3.074121 -3.150181 -0.6730393 2.849733 -2.695903 -0.2889551 2.864423 -2.227919 0 3.066132 -1.871016 -0.8793679 3.158654 -2.693686 -0.2068737 3.108625 -1.865736 0 3.201079 -1.66873 -0.5266033 3.024592 -2.224487 -0.2690841 3.330976 -1.680451 -0.3805664 3.226869 -1.859704 -0.6842263 3.263357 -2.221327 -0.4947943 3.402505 -1.856567 -0.4113904 3.621325 -1.706339 -0.9516347 3.525048 -2.690902 -0.5340767 3.608154 -1.859743 -0.7385218 3.544429 -2.218693 -0.4925229 3.812665 -1.869323 -0.3017462 3.931987 -1.712213 -0.6813331 3.824951 -2.216476 -0.8787927 3.88603 -2.688669 -1.128966 3.508558 -3.135861 -1.043029 3.933892 -3.124241 -1.284106 3.539593 -3.610963 -1.378013 3.610057 -4.104504 -1.187028 4.019551 -3.578144 -1.374928 3.714718 -4.585997 -1.273785 4.129314 -4.041943 -0.9769647 4.567257 -3.982558 -0.9105721 4.427277 -3.545848 -0.5327408 4.859326 -3.944239 -0.4968259 4.700741 -3.525107 -0.7982997 4.296362 -3.11202 0 4.962166 -3.934084 -0.6724165 4.192923 -2.686249 -0.4320363 4.539958 -3.104342 0 4.797839 -3.520272 -0.5225626 4.06219 -2.21713 -0.3639933 4.398709 -2.685314 -0.3765987 3.985757 -1.878401 -0.2862078 4.220825 -2.221047 -0.2040815 4.114716 -1.886479 0 4.07996 -1.709654 0 4.276876 -2.22656 0 4.155722 -1.896212 0.2040815 4.114716 -1.886479 0.3017462 3.931987 -1.712213 0 4.471888 -2.685975 0.3765987 3.985757 -1.878401 0 4.626735 -3.102835 0.3639933 4.398709 -2.685314 0.2862078 4.220825 -2.221047 0.4320363 4.539958 -3.104342 0.5225626 4.06219 -2.21713 0.6724165 4.192923 -2.686249 0.4925229 3.812665 -1.869323 0.4113904 3.621325 -1.706339 0.6813331 3.824951 -2.216476 0.5340767 3.608154 -1.859743 0.4947943 3.402505 -1.856567 0.2690841 3.330976 -1.680451 0.7385218 3.544429 -2.218693 0.8787927 3.88603 -2.688669 0.7982997 4.296362 -3.11202 0.9516347 3.525048 -2.690902 0.4968259 4.700741 -3.525107 1.043029 3.933892 -3.124241 0.9105721 4.427277 -3.545848 0.5327408 4.859326 -3.944239 0.9769647 4.567257 -3.982558 0.5261618 4.971842 -4.355481 0.9722214 4.680612 -4.409834 1.270269 4.24072 -4.494422 1.273785 4.129314 -4.041943 1.374928 3.714718 -4.585997 1.187028 4.019551 -3.578144 1.378013 3.610057 -4.104504 1.270269 3.207487 -4.683794 1.284106 3.539593 -3.610963 1.273785 3.094514 -4.173865 0.972222 2.774059 -4.770765 1.128966 3.508558 -3.135861 1.187028 3.053453 -3.648907 0.9769651 2.657087 -4.235886 0.5261629 2.48078 -4.824733 0 2.37503 -4.838764 0.5327423 2.363717 -4.273929 0 2.259497 -4.282184 0.9105725 2.64332 -3.68319 0.4968271 2.369861 -3.703744 0 2.274217 -3.707208 1.043029 3.074121 -3.150181 0.7983003 2.708154 -3.163465 0.4320371 2.464742 -3.171016 0 2.380263 -3.171848 0 2.572001 -2.696991 0.3642462 2.64372 -2.697176 0 2.807995 -2.229575 0.6730393 2.849733 -2.695903 0.2889551 2.864423 -2.227919 0 3.066132 -1.871016 0.8793679 3.158654 -2.693686 0.5266033 3.024592 -2.224487 0.2068737 3.108625 -1.865736 0 3.201079 -1.66873 0.3805664 3.226869 -1.859704 0.6842263 3.263357 -2.221327 0 4.976877 -5.464365 0 4.740064 -5.751968 -0.3325301 4.914152 -5.482456 0.3325301 4.914152 -5.482456 -0.2742921 4.709162 -5.761302 -0.6169363 4.733277 -5.535639 0.2742921 4.709162 -5.761302 0.6169363 4.733277 -5.535639 0 4.466241 -5.938092 -0.4340957 4.624788 -5.786784 0.4340957 4.624788 -5.786784 -0.2652867 4.458779 -5.930715 -0.5222341 4.452291 -5.838612 -0.8069707 4.454144 -5.618073 -0.2619537 4.240719 -6.016544 -0.5638927 4.199468 -5.91318 -0.873702 4.113772 -5.71319 -0.5222343 3.958772 -5.986653 -0.8069708 3.810072 -5.806113 -0.2652869 4.009025 -6.057231 -0.4340959 3.793676 -6.0378 -0.6169367 3.544535 -5.887673 -0.2742924 3.709301 -6.063283 -0.3325306 3.360587 -5.941057 0 4.014257 -6.074602 0 3.681206 -6.071769 0 3.294711 -5.959273 0.3325306 3.360587 -5.941057 0.2742924 3.709301 -6.063283 0.6169367 3.544535 -5.887673 0 4.246269 -6.034921 0.4340959 3.793676 -6.0378 0.8069708 3.810072 -5.806113 0.2652869 4.009025 -6.057231 0.2619537 4.240719 -6.016544 0.5222343 3.958772 -5.986653 0.873702 4.113772 -5.71319 0.5638927 4.199468 -5.91318 0.8069707 4.454144 -5.618073 0.5222341 4.452291 -5.838612 0.2652867 4.458779 -5.930715 -0.4825305 8.656977 4.363641 0 8.602972 4.37744 -0.4222946 8.871339 4.739679 0 8.800865 4.755137 -0.758128 9.016342 4.710081 -0.8574278 8.802849 4.333726 -0.3530589 9.106511 5.105617 0 9.030361 5.118535 -0.6189927 9.259853 5.062478 -0.2666367 9.414449 5.472551 0 9.377309 5.488628 -0.9952335 9.2502 4.655139 -1.180244 9.060072 4.304775 -1.291191 9.46027 4.272313 -0.8060766 9.462011 5.019368 -1.078992 9.55179 4.610906 -1.217674 9.797905 4.248666 -0.4672055 9.548319 5.436443 -1.012192 9.836905 4.577124 -1.024557 10.10476 4.225788 -0.8669075 9.689406 4.973906 -0.8605567 10.09207 4.543714 -0.7597162 10.26201 4.221251 -0.8057337 9.916832 4.931268 -0.5812266 9.69886 5.402116 -0.6559377 10.22114 4.527844 -0.5033414 10.36638 4.224421 -0.6738926 10.10536 4.905929 -0.4456176 10.30392 4.516477 -0.2345717 10.40392 4.22393 -0.5334567 10.20294 4.888109 -0.2167975 10.34404 4.51159 0 10.41713 4.223536 -0.3721347 10.27417 4.873711 -0.4753439 10.16078 5.299696 0 10.35628 4.506205 -0.3833342 10.237 5.283623 -0.1875186 10.32058 4.869412 -0.2754844 10.28802 5.274811 0.2167975 10.34404 4.51159 0.2345717 10.40392 4.22393 0 10.32785 4.866531 0.4456176 10.30392 4.516477 0.5033414 10.36638 4.224421 0.1875186 10.32058 4.869412 0.3721347 10.27417 4.873711 0.6559377 10.22114 4.527844 0.7597162 10.26201 4.221251 0.5334567 10.20294 4.888109 0.8605567 10.09207 4.543714 1.024557 10.10476 4.225788 0.6738926 10.10536 4.905929 1.012192 9.836905 4.577124 1.217674 9.797905 4.248666 0.8057337 9.916832 4.931268 1.078992 9.55179 4.610906 1.291191 9.46027 4.272313 0.8669075 9.689406 4.973906 0.9952335 9.2502 4.655139 1.180244 9.060072 4.304775 0.8574278 8.802849 4.333726 0.8060766 9.462011 5.019368 0.758128 9.016342 4.710081 0.4825305 8.656977 4.363641 0.4222946 8.871339 4.739679 0 8.602972 4.37744 0 8.800865 4.755137 0.6189927 9.259853 5.062478 0.3530589 9.106511 5.105617 0 9.030361 5.118535 0.2666367 9.414449 5.472551 0 9.377309 5.488628 0.4672055 9.548319 5.436443 0.1812949 9.72838 5.78546 0 9.697264 5.798482 0 10.22146 6.166301 0.5812266 9.69886 5.402116 0.05769257 10.2373 6.159699 0.3092549 9.819289 5.753205 0 10.39822 6.186289 0.1054265 10.28349 6.134336 0.3765689 9.933674 5.723063 0.6096557 9.877519 5.358737 0.120914 10.33548 6.107936 0.3912786 10.06037 5.693305 0.5625483 10.03521 5.322794 0.3590794 10.17211 5.673275 0.4753439 10.16078 5.299696 0.08750876 10.39534 6.082274 0.3130408 10.24884 5.659767 0.3833342 10.237 5.283623 0.2588176 10.2987 5.649266 0.2754844 10.28802 5.274811 0.05009613 10.42038 6.070921 0.1833665 10.34705 5.638515 0.1464251 10.32296 5.263754 0.09164054 10.36709 5.635576 0 10.33714 5.263372 0 10.4336 6.06627 0 10.3772 5.635211 -0.1464251 10.32296 5.263754 -0.09164054 10.36709 5.635576 -0.05009613 10.42038 6.070921 -0.1833665 10.34705 5.638515 -0.2588176 10.2987 5.649266 -0.08750876 10.39534 6.082274 -0.3130408 10.24884 5.659767 -0.3590794 10.17211 5.673275 -0.120914 10.33548 6.107936 -0.5625483 10.03521 5.322794 -0.3912786 10.06037 5.693305 -0.6096557 9.877519 5.358737 -0.3765689 9.933674 5.723063 -0.3092549 9.819289 5.753205 -0.1054265 10.28349 6.134336 -0.05769257 10.2373 6.159699 0 10.22146 6.166301 -0.1812949 9.72838 5.78546 0 9.697264 5.798482</float_array>
          <technique_common>
            <accessor source="#Body__mBody-position-array" count="1939" stride="3">
              <param name="X" type="float" />
              <param name="Y" type="float" />
              <param name="Z" type="float" />
            </accessor>
          </technique_common>
        </source>
        <source id="Body__mBody-normal">
          <float_array id="Body__mBody-normal-array" count="5817">-0.2504892 -0.9667319 -0.06066536 -0.2876712 -0.9412916 -0.1819961 -0.3150685 0.9471624 -0.0665362 -0.2837573 0.9099804 -0.3033268 -0.2093934 0.9765166 -0.05675147 -0.3150685 0.9471624 -0.0665362 -0.1878669 0.7632094 -0.6203523 -0.2563601 0.5518591 -0.7945206 -0.3561644 0.7358121 -0.5753425 -0.2641879 -0.8962818 -0.3561644 -0.1741683 -0.8962818 -0.4090019 -0.2328767 0.2661448 -0.9354208 -0.1800391 0.2641879 -0.9471624 -0.2465753 0.6790606 -0.6908023 -0.09393346 -0.888454 -0.4481409 -0.2837573 0.9099804 -0.3033268 -0.2641879 -0.8962818 -0.3561644 -0.2876712 -0.9412916 -0.1819961 -0.1291585 0.6203523 -0.7729941 0 -0.9001957 -0.4363992 -0.2270059 0.4637965 -0.8551859 -0.2152642 0.2798434 -0.9354208 -0.1193738 0.4246575 -0.8982387 0 0.5909981 -0.8062623 0.1291585 0.6203523 -0.7729941 0.09393346 -0.888454 -0.4481409 0 0.4148728 -0.9099804 0.2465753 0.6790606 -0.6908023 0.1741683 -0.8962818 -0.4090019 0.1193738 0.4246575 -0.8982387 0.2270059 0.4637965 -0.8551859 0.3561644 0.7358121 -0.5753425 0.2641879 -0.8962818 -0.3561644 0 0.2661448 -0.964775 0.2837573 0.9099804 -0.3033268 0.2876712 -0.9393346 -0.1819961 0.2563601 0.5518591 -0.7945206 0.3150685 0.9471624 -0.0665362 0.2093934 0.9765166 -0.05675147 0.1878669 0.7632094 -0.6183953 0.2876712 -0.9393346 -0.1819961 0.3150685 0.9471624 -0.0665362 0.2504892 -0.9667319 -0.06066536 0.2328767 0.2661448 -0.9354208 0.1800391 0.2641879 -0.9471624 0.2152642 0.2798434 -0.9354208 0.2622309 0.01565558 -0.964775 0.2720157 -0.09197652 -0.9589041 0.2152642 0.0665362 -0.9745597 0.1174168 0.2661448 -0.9569471 0.1174168 0.06849315 -0.9902152 0 0.06262231 -0.9980431 -0.1174168 0.2661448 -0.9569471 -0.1174168 0.06849315 -0.9902152 0 -0.01761252 -1 -0.2152642 0.0665362 -0.9745597 -0.1213307 -0.01565558 -0.9921722 0.1213307 -0.01565558 -0.9921722 0 0.0332681 -1 0.2328767 -0.01174168 -0.9726027 0.1213307 0.04109589 -0.9921722 0.3502935 -0.04109589 -0.9354208 0.5009785 -0.05088063 -0.8630137 0.2387476 0.06066536 -0.9686888 0.4031311 0.08806262 -0.9119374 0.592955 0.1448141 -0.7925636 0.9178082 0.2367906 -0.3209393 0.2387476 0.2074364 -0.9491194 0.8708415 0.3111546 -0.3816047 0.9315069 0.3502935 -0.0998043 0.9217221 0.37182 -0.1193738 0.4129159 0.2191781 -0.8845401 0.6144814 0.2348337 -0.7534246 0.8590998 0.295499 -0.4168297 0.9354208 0.3307241 -0.1330724 0.4246575 0.3248532 -0.8454012 0.8669276 0.2563601 -0.4266145 0.9589041 0.2426614 -0.1506849 0.6418787 0.2857143 -0.7103718 0.888454 0.1624266 -0.4305284 0.9804305 0.1076321 -0.1624266 0.6868885 0.2328767 -0.6888454 0.9060665 0.01174168 -0.4246575 0.9863014 -0.04500978 -0.1585127 0.9667319 -0.1996086 -0.1585127 0.7299413 0.07632094 -0.6790606 0.8923679 -0.148728 -0.4246575 0.4579256 0.297456 -0.8375734 0.5048923 0.1389433 -0.851272 0.7318982 -0.09393346 -0.6751468 0.2485323 0.334638 -0.9080235 0.5225049 -0.04500978 -0.851272 0.3033268 0.1976517 -0.9315069 0.334638 -0.04109589 -0.9412916 0.2387476 0.3385518 -0.9099804 0.1330724 0.297456 -0.9452055 0.1213307 0.3522505 -0.9275929 0.1076321 0.3405088 -0.9334638 0.109589 0.1917808 -0.9745597 0 0.3620352 -0.9315069 0 0.183953 -0.9823875 0 0.3463796 -0.9393346 -0.1213307 0.04109589 -0.9921722 -0.109589 0.1917808 -0.9745597 -0.2328767 -0.01174168 -0.9726027 -0.2387476 0.06066536 -0.9686888 -0.1076321 0.3405088 -0.9334638 -0.2387476 0.2074364 -0.9491194 -0.3502935 -0.04109589 -0.9354208 -0.2622309 0.01565558 -0.964775 -0.2720157 -0.09197652 -0.9589041 -0.5009785 -0.05088063 -0.8630137 -0.4031311 0.08806262 -0.9119374 -0.592955 0.1448141 -0.7925636 -0.9178082 0.2367906 -0.3209393 -0.4129159 0.2191781 -0.8845401 -0.8708415 0.3111546 -0.3816047 -0.9315069 0.3502935 -0.0998043 -0.9217221 0.37182 -0.1193738 -0.6144814 0.2348337 -0.7534246 -0.8590998 0.295499 -0.4168297 -0.9354208 0.3307241 -0.1330724 -0.4246575 0.3248532 -0.8454012 -0.8669276 0.2563601 -0.4266145 -0.9589041 0.2426614 -0.1506849 -0.6418787 0.2857143 -0.7103718 -0.888454 0.1624266 -0.4305284 -0.9804305 0.1076321 -0.1624266 -0.6868885 0.2328767 -0.6888454 -0.9060665 0.01174168 -0.4246575 -0.9863014 -0.04500978 -0.1585127 -0.9667319 -0.1996086 -0.1585127 -0.7299413 0.07632094 -0.6790606 -0.8923679 -0.148728 -0.4246575 -0.4579256 0.297456 -0.8375734 -0.5048923 0.1389433 -0.851272 -0.7318982 -0.09393346 -0.6751468 -0.2485323 0.334638 -0.9080235 -0.5225049 -0.04500978 -0.851272 -0.3033268 0.1976517 -0.9315069 -0.334638 -0.04109589 -0.9412916 -0.516634 -0.2328767 -0.8238748 -0.7181996 -0.258317 -0.6457925 -0.8630137 -0.2915851 -0.4109589 -0.9275929 -0.3444227 -0.148728 -0.6888454 -0.4207436 -0.5909981 -0.8003914 -0.4461839 -0.3992172 -0.8669276 -0.479452 -0.1350294 -0.483366 -0.4246575 -0.7651663 -0.6007828 -0.5146771 -0.6105675 -0.7808219 -0.4853229 -0.3953033 -0.851272 -0.5068493 -0.1330724 -0.9236791 -0.3659491 -0.111546 -0.6868885 -0.3209393 -0.6516634 -0.2270059 -0.667319 -0.7084149 -0.05479452 -0.3150685 -0.9471624 0.5499021 -0.4148728 -0.7260274 -0.2661448 -0.6066536 -0.7495108 -0.2641879 -0.4500979 -0.853229 -0.0665362 -0.7827789 -0.6183953 -0.3052838 -0.2426614 -0.9197652 -0.1076321 -0.6262231 -0.7729941 -0.1272016 -0.479452 -0.8688846 -0.1624266 -0.2837573 -0.9452055 0 -0.6418787 -0.7671233 0 -0.483366 -0.8747554 0 -0.7632094 -0.6477495 0.1272016 -0.479452 -0.8688846 0.1076321 -0.6262231 -0.7729941 0 -0.9334638 -0.3600783 0.0665362 -0.7827789 -0.6183953 0.2641879 -0.4500979 -0.853229 0.2661448 -0.6066536 -0.7495108 -0.02739726 -0.9412916 -0.334638 0.02935421 -0.9217221 -0.3874756 0.09197652 -0.9784736 -0.1878669 0.01761252 -0.9980431 -0.04305284 0.8747554 -0.483366 0 -0.01174168 -0.9823875 -0.1819961 -0.01174168 -0.9980431 -0.04696673 0 -0.9823875 -0.18591 0 -0.9980431 -0.04892368 0.01174168 -0.9980431 -0.04696673 0.01174168 -0.9823875 -0.1819961 -0.01761252 -0.9980431 -0.04305284 0.02739726 -0.9412916 -0.334638 -0.09197652 -0.9784736 -0.1878669 -0.5499021 -0.4148728 -0.7260274 -0.8747554 -0.483366 0 -0.02935421 -0.9217221 -0.3874756 0.2270059 -0.667319 -0.7084149 0.05479452 -0.3150685 -0.9471624 0.6868885 -0.3209393 -0.6516634 0.6007828 -0.5146771 -0.6105675 0.483366 -0.4246575 -0.7651663 0.7808219 -0.4853229 -0.3953033 0.9236791 -0.3659491 -0.111546 0.851272 -0.5068493 -0.1330724 0.8669276 -0.479452 -0.1350294 0.8003914 -0.4461839 -0.3992172 0.9275929 -0.3444227 -0.148728 0.6888454 -0.4207436 -0.5909981 0.8630137 -0.2915851 -0.4109589 0.7181996 -0.258317 -0.6457925 0.516634 -0.2328767 -0.8238748 0.3052838 -0.2426614 -0.9197652 0.1624266 -0.2837573 -0.9452055 0.2133072 -0.08219178 -0.9745597 0 -0.3542074 -0.9354208 0.3072407 -0.4227006 -0.853229 0 -0.5244619 -0.851272 0.5264188 -0.09001957 -0.8454012 -0.3072407 -0.4227006 -0.853229 0.1976517 0.1741683 -0.964775 0.4951076 0.5362035 -0.6829746 -0.2133072 -0.08219178 -0.9745597 -0.5264188 -0.09001957 -0.8454012 -0.1976517 0.1741683 -0.964775 -0.4951076 0.5362035 -0.6829746 0 0.3033268 -0.9530333 0 0.7632094 -0.6457925 -0.1330724 0.297456 -0.9452055 0 0.3111546 -0.9510763 -0.1213307 0.3522505 -0.9275929 -0.2387476 0.3385518 -0.9099804 -0.146771 -0.9569471 0.2524462 -0.1996086 -0.9589041 0.1996086 -0.4090019 0.8062623 0.4266145 -0.2544031 0.8630137 0.4344423 -0.148728 0.890411 0.4324853 -0.3679061 0.776908 0.5127202 -0.4990215 0.7299413 0.4657534 -0.4090019 0.8062623 0.4266145 -0.221135 0.8101761 0.5440313 -0.5088063 0.7906067 0.3424658 -0.1996086 -0.9589041 0.1996086 -0.221135 -0.9686888 0.1154599 -0.2328767 -0.9686888 0.08219178 -0.5264188 0.81409 0.2465753 -0.5088063 0.7906067 0.3424658 -0.2348337 -0.9706458 0.05283757 -0.5264188 0.81409 0.2465753 -0.4579256 0.8747554 0.1585127 -0.5812133 0.7064579 0.407045 -0.5949119 0.7181996 0.3639922 -0.3228963 0.890411 0.3209393 -0.4246575 0.9021527 0.08023483 -0.2093934 0.9765166 -0.05675147 -0.3150685 0.9471624 -0.0665362 -0.5205479 0.6653621 0.5342466 -0.4246575 0.9021527 0.08023483 -0.2504892 -0.9667319 -0.06066536 -0.2367906 -0.9706458 -0.01174168 -0.4579256 0.8747554 0.1585127 -0.2348337 -0.9706458 0.05283757 -0.6731898 0.6223092 0.3992172 -0.7651663 0.5479452 0.3405088 -0.7260274 0.4246575 0.5420744 -0.6340509 0.6516634 0.4148728 -0.6986302 0.5968689 0.3933464 -0.553816 0.6908023 0.4637965 -0.7534246 0.553816 0.3542074 -0.4246575 0.7338552 0.5303327 -0.6086106 0.6399217 0.4696673 -0.8317025 0.5029354 0.2367906 -0.9158513 0.2622309 0.3013699 -0.9315069 0.3502935 -0.0998043 -0.888454 0.4363992 0.1448141 -0.9217221 0.37182 -0.1193738 -0.9354208 0.3307241 -0.1330724 -0.81409 0.481409 0.3248532 -0.9315069 0.3502935 0.1017613 -0.9589041 0.2426614 -0.1506849 -0.6497065 0.5988258 0.4696673 -0.9667319 0.2367906 0.08610567 -0.9804305 0.1076321 -0.1624266 -0.8786693 0.3659491 0.3072407 -0.7005871 0.5205479 0.4892368 -0.4716243 0.6810176 0.5616438 -0.5029354 0.6242661 0.5988258 -0.260274 0.7690802 0.5851272 -0.3013699 0.7123288 0.6340509 -0.5362035 0.5342466 0.6536204 -0.334638 0.630137 0.7005871 -0.1272016 0.7866927 0.6046967 -0.7729941 0.3737769 0.5127202 -0.1017613 0.8238748 0.555773 -0.1526419 0.7260274 0.6712329 -0.06849315 0.9021527 0.4285714 -0.1311155 -0.9119374 0.3894325 -0.2544031 0.8630137 0.4344423 -0.146771 -0.9569471 0.2524462 -0.07240704 -0.849315 0.5244619 -0.148728 0.890411 0.4324853 -0.07240704 -0.849315 0.5244619 0 -0.8336595 0.5518591 0 0.9041096 0.4285714 0 0.8297456 0.5596869 0 0.7945206 0.6086106 0.1017613 0.8238748 0.555773 0.1272016 0.7866927 0.6046967 0 0.7318982 0.6810176 0.06849315 0.9021527 0.4285714 0 -0.8336595 0.5518591 0.07240704 -0.851272 0.5205479 -0.1682975 0.630137 0.7573385 0.1526419 0.7260274 0.6712329 -0.3581213 0.5362035 0.7651663 0 0.62818 0.778865 -0.6046967 0.3796478 0.7005871 -0.1741683 0.5303327 0.8297456 -0.407045 0.3894325 0.8258317 -0.6614481 0.2035225 0.7221135 -0.1898239 0.3874756 0.9021527 -0.4481409 0.2015656 0.8708415 -0.8219178 0.2172211 0.5264188 -0.2093934 0.1996086 0.9569471 -0.9236791 0.2309198 0.3052838 -0.6908023 -0.02935421 0.7240704 -0.9941292 0.0704501 0.0704501 -0.8473581 0.001956947 0.5303327 -0.9530333 0.04109589 0.2994129 -0.9921722 -0.0998043 0.06457926 -0.9863014 -0.04500978 -0.1585127 -0.9432485 -0.1663405 0.2896282 -0.8336595 -0.2172211 0.5088063 -0.960861 -0.2681018 0.07240704 -0.9667319 -0.1996086 -0.1585127 -0.8943248 -0.3542074 0.2739726 -0.9021527 -0.4227006 0.08219178 -0.9275929 -0.3444227 -0.148728 -0.8258317 -0.5009785 0.2563601 -0.7906067 -0.4090019 0.4559687 -0.7201566 -0.5675147 0.3972603 -0.7299413 -0.6360078 0.2524462 -0.8336595 -0.5440313 0.1037182 -0.8669276 -0.479452 -0.1350294 -0.5792564 -0.7377691 0.3463796 -0.7945206 -0.5909981 0.1330724 -0.851272 -0.5068493 -0.1330724 -0.9236791 -0.3659491 -0.111546 -0.7181996 -0.5420744 0.4363992 -0.6731898 -0.6829746 0.2837573 -0.4598826 -0.8180039 0.3444227 -0.109589 -0.7553816 0.6457925 -0.3776908 -0.8277887 0.4148728 -0.2426614 -0.9099804 0.3365949 0.3757339 -0.7671233 0.5205479 -0.5362035 -0.6594912 0.5283757 -0.2270059 -0.8767123 0.4227006 -0.6320939 -0.4618395 0.6223092 -0.3405088 -0.7338552 0.5890411 -0.6790606 -0.2504892 0.6888454 -0.4246575 -0.5244619 0.7377691 -0.4696673 -0.2818004 0.8356164 -0.1663405 -0.776908 0.6066536 -0.2172211 -0.5636008 0.7964775 -0.4735812 -0.05283757 0.8786693 -0.2407045 -0.2994129 0.9236791 -0.2309198 -0.05870841 0.9706458 0 -0.5812133 0.81409 0 0.1996086 0.9804305 0 -0.05479452 0.9980431 0 -0.3013699 0.9530333 0.2407045 -0.2994129 0.9236791 0.2309198 -0.05870841 0.9706458 0 0.3835616 0.9236791 0.2093934 0.1996086 0.9569471 0 0.5264188 0.851272 0.1898239 0.3874756 0.9021527 0.4481409 0.2015656 0.8708415 0.1741683 0.5303327 0.8297456 0.1682975 0.630137 0.7573385 0.407045 0.3894325 0.8258317 0.3581213 0.5362035 0.7651663 0.334638 0.630137 0.7005871 0.3013699 0.7123288 0.6340509 0.5362035 0.5342466 0.6536204 0.260274 0.7690802 0.5851272 0.5029354 0.6242661 0.5988258 0.4716243 0.6810176 0.5616438 0.221135 0.8101761 0.5440313 0.4246575 0.7338552 0.5303327 0.148728 0.890411 0.4324853 0.148728 0.890411 0.4324853 0.07240704 -0.851272 0.5205479 0.1311155 -0.9119374 0.3894325 0.2544031 0.8630137 0.4344423 0.146771 -0.9569471 0.2524462 0.3679061 0.776908 0.5127202 0.2544031 0.8630137 0.4344423 0.553816 0.6908023 0.4637965 0.4990215 0.7299413 0.4657534 0.4090019 0.8062623 0.4266145 0.146771 -0.9569471 0.2524462 0.1996086 -0.9589041 0.1996086 0.4090019 0.8062623 0.4266145 0.6086106 0.6399217 0.4696673 0.6340509 0.6516634 0.4148728 0.6497065 0.5988258 0.4696673 0.6986302 0.5968689 0.3933464 0.7534246 0.553816 0.3542074 0.7005871 0.5205479 0.4892368 0.81409 0.481409 0.3248532 0.7651663 0.5479452 0.3405088 0.7729941 0.3737769 0.5127202 0.6731898 0.6223092 0.3992172 0.8317025 0.5029354 0.2367906 0.5205479 0.6653621 0.5342466 0.7260274 0.4246575 0.5420744 0.9158513 0.2622309 0.3013699 0.9315069 0.3502935 -0.0998043 0.888454 0.4363992 0.1448141 0.9217221 0.37182 -0.1193738 0.9354208 0.3307241 -0.1330724 0.9315069 0.3502935 0.1017613 0.9589041 0.2426614 -0.1506849 0.8786693 0.3659491 0.3072407 0.9667319 0.2367906 0.08610567 0.9804305 0.1076321 -0.1624266 0.9236791 0.2309198 0.3052838 0.9941292 0.0704501 0.0704501 0.9921722 -0.0998043 0.06457926 0.9863014 -0.04500978 -0.1585127 0.9530333 0.04109589 0.2994129 0.960861 -0.2681018 0.07240704 0.9667319 -0.1996086 -0.1585127 0.9432485 -0.1663405 0.2896282 0.8943248 -0.3542074 0.2739726 0.9021527 -0.4227006 0.08219178 0.9275929 -0.3444227 -0.148728 0.8258317 -0.5009785 0.2563601 0.8336595 -0.5440313 0.1037182 0.8669276 -0.479452 -0.1350294 0.7299413 -0.6360078 0.2524462 0.7945206 -0.5909981 0.1330724 0.851272 -0.5068493 -0.1330724 0.9236791 -0.3659491 -0.111546 0.7181996 -0.5420744 0.4363992 0.6731898 -0.6829746 0.2837573 0.4598826 -0.8180039 0.3444227 0.109589 -0.7553816 0.6457925 0.5792564 -0.7377691 0.3463796 0.7201566 -0.5675147 0.3972603 0.3776908 -0.8277887 0.4148728 0.2426614 -0.9099804 0.3365949 -0.3757339 -0.7671233 0.5205479 0.7906067 -0.4090019 0.4559687 0.5362035 -0.6594912 0.5283757 0.8336595 -0.2172211 0.5088063 0.6320939 -0.4618395 0.6223092 0.2270059 -0.8767123 0.4227006 0.3405088 -0.7338552 0.5890411 0.6790606 -0.2504892 0.6888454 0.4246575 -0.5244619 0.7377691 0.8473581 0.001956947 0.5303327 0.8219178 0.2172211 0.5264188 0.6908023 -0.02935421 0.7240704 0.6614481 0.2035225 0.7221135 0.4696673 -0.2818004 0.8356164 0.4735812 -0.05283757 0.8786693 0.6046967 0.3796478 0.7005871 0.2172211 -0.5636008 0.7964775 0.1663405 -0.776908 0.6066536 0 -0.7925636 0.6105675 0.1056751 -0.9021527 0.4187867 0.1428571 -0.9471624 0.2837573 -0.1056751 -0.9021527 0.4187867 0.04696673 -0.9902152 0.1291585 -0.8747554 -0.483366 0 -0.01761252 -0.9980431 -0.04305284 0.06262231 -0.9589041 0.2778865 0.02935421 -0.9921722 0.1174168 0.01174168 -0.9980431 -0.04696673 0 -0.9080235 0.4187867 0 -0.960861 0.2778865 0 -0.9941292 0.111546 0 -0.9980431 -0.04892368 -0.01174168 -0.9980431 -0.04696673 -0.06262231 -0.9589041 0.2778865 -0.02935421 -0.9921722 0.1174168 0.01761252 -0.9980431 -0.04305284 -0.1428571 -0.9471624 0.2837573 -0.04696673 -0.9902152 0.1291585 0.8747554 -0.483366 0 0.2504892 -0.9667319 -0.06066536 0.2485323 -0.9686888 -0.003913894 0.4246575 0.9001957 0.09001957 0.3150685 0.9471624 -0.0665362 0.4246575 0.9001957 0.09001957 0.2093934 0.9765166 -0.05675147 0.3189824 0.8923679 0.3209393 0.4598826 0.8708415 0.1663405 0.2485323 -0.9686888 -0.003913894 0.2544031 -0.964775 0.05675147 0.5949119 0.7181996 0.3620352 0.5342466 0.8101761 0.2367906 0.2544031 -0.964775 0.05675147 0.2367906 -0.9686888 0.07827789 0.5342466 0.8101761 0.2367906 0.221135 -0.9686888 0.1154599 0.5088063 0.7906067 0.3424658 0.5812133 0.7064579 0.407045 0.1996086 -0.9589041 0.1996086 0.221135 -0.9686888 0.1154599 0.297456 0.6536204 0.6966732 0.3209393 0.9452055 0.06066536 0.5264188 0.4031311 0.7475538 0.444227 0.3894325 0.8062623 0.3659491 0.6653621 0.6516634 0.4383562 0.8962818 0.05283757 0.3268102 0.6360078 0.6986302 0.3091977 0.6497065 0.6947162 0.5596869 0.8258317 0.05870841 0.6771037 0.7318982 0.08023483 0.1017613 0.6046967 0.7906067 0.08806262 0.6223092 0.776908 0.4481409 0.5792564 0.6810176 -0.3209393 0.9452055 0.06066536 -0.297456 0.6536204 0.6966732 -0.5264188 0.4031311 0.7475538 -0.444227 0.3894325 0.8062623 -0.3659491 0.6653621 0.6516634 -0.4383562 0.8962818 0.05283757 -0.3268102 0.6360078 0.6986302 -0.3091977 0.6497065 0.6947162 -0.5596869 0.8258317 0.05870841 -0.6771037 0.7318982 0.08023483 -0.1017613 0.6046967 0.7906067 -0.08806262 0.6223092 0.776908 -0.4481409 0.5792564 0.6810176 0.3268102 -0.9452055 0.01565558 0.3111546 -0.9393346 -0.1350294 0.9804305 -0.1800391 0.08219178 0.8395303 -0.1624266 -0.518591 0.06262231 -0.9510763 -0.3013699 0.9980431 -0.04109589 -0.02152642 0.2778865 -0.1448141 -0.9491194 0.7181996 -0.03131115 -0.6947162 -0.553816 -0.3033268 -0.7749511 -0.2309198 -0.9412916 -0.2485323 0.007827789 -0.02739726 -1 -0.9080235 -0.2661448 -0.3268102 -0.3033268 -0.9452055 -0.1154599 -0.3091977 -0.9510763 0.04109589 -0.7358121 -0.09589041 -0.6692759 -0.001956947 -0.04892368 -0.9980431 0.7436399 -0.04696673 -0.6653621 0.9980431 -0.07436399 0.007827789 0.739726 -0.05675147 -0.6712329 0.9960861 -0.09197652 0.001956947 -0.7455969 -0.08610567 -0.6614481 0.7260274 -0.08023483 -0.6829746 0.9941292 -0.1154599 0 0.9902152 -0.1350294 0.005870841 -0.005870841 -0.05088063 -0.9980431 0.7064579 -0.1056751 -0.7005871 0.8747554 -0.483366 0 0.5499021 -0.4148728 -0.7260274 -0.005870841 -0.06262231 -0.9980431 -0.02348337 -0.08806262 -0.9960861 -0.05479452 -0.3150685 -0.9471624 -0.739726 -0.08023483 -0.667319 -0.739726 -0.08610567 -0.667319 -0.7358121 -0.1193738 -0.6653621 -0.6868885 -0.3209393 -0.6516634 -0.9921722 -0.1193738 -0.01565558 -0.9823875 -0.183953 -0.05479452 -0.9236791 -0.3659491 -0.111546 -0.9902152 -0.1330724 -0.04109589 -0.7181996 -0.5420744 0.4363992 -0.7808219 -0.260274 0.5694716 -0.109589 -0.7553816 0.6457925 -0.7808219 -0.2054795 0.5890411 -0.06262231 -0.3033268 0.9510763 0.3757339 -0.7671233 0.5205479 -0.7671233 -0.1741683 0.6164383 -0.037182 -0.2563601 0.9667319 0.7142857 -0.2152642 0.6653621 0.8747554 -0.483366 0 0.9902152 -0.1350294 0.005870841 0.739726 -0.183953 0.6477495 0.9941292 -0.1154599 0 -0.02348337 -0.2015656 0.9784736 0.7279844 -0.1448141 0.6692759 0.9960861 -0.09197652 0.001956947 -0.7651663 -0.1565558 0.6262231 -0.01174168 -0.1741683 0.9843444 0.7299413 -0.1291585 0.6712329 0.9980431 -0.07436399 0.007827789 -0.01565558 -0.01761252 1 0.7514677 -0.0332681 0.6594912 0.9980431 -0.04109589 -0.02152642 0.8258317 0.1682975 0.5401174 0.9804305 -0.1800391 0.08219178 0.4011742 0.2857143 0.8688846 0.8199608 -0.1272016 0.55773 0.2720157 -0.9491194 0.1585127 0.3268102 -0.9452055 0.01565558 0.1174168 -0.962818 0.2465753 0.3992172 -0.1409002 0.9060665 -0.05479452 -0.964775 0.260274 -0.223092 0.3131115 0.9236791 -0.2152642 -0.1506849 0.964775 -0.7240704 -0.1389433 0.6751468 -0.2133072 -0.960861 0.1800391 -0.7632094 -0.04305284 0.6438356 -0.6888454 0.2485323 0.6810176 -0.9667319 -0.1956947 0.1624266 -0.9080235 0.2407045 0.3463796 -0.9941292 -0.0998043 -0.05870841 -0.9921722 -0.1232877 -0.009784736 -0.3111546 -0.9393346 -0.1350294 -0.3268102 -0.9452055 0.01565558 -0.9804305 -0.1800391 0.08219178 -0.8395303 -0.1624266 -0.518591 -0.9980431 -0.04109589 -0.02152642 -0.06262231 -0.9510763 -0.3013699 -0.7181996 -0.03131115 -0.6947162 -0.2778865 -0.1448141 -0.9491194 -0.7436399 -0.04696673 -0.6653621 -0.9980431 -0.07436399 0.007827789 -0.007827789 -0.02739726 -1 -0.739726 -0.05675147 -0.6712329 -0.9960861 -0.09197652 0.001956947 0.001956947 -0.04892368 -0.9980431 -0.7260274 -0.08023483 -0.6829746 -0.9941292 -0.1154599 0 -0.9902152 -0.1350294 0.005870841 0.005870841 -0.05088063 -0.9980431 -0.7064579 -0.1056751 -0.7005871 -0.8747554 -0.483366 0 -0.5499021 -0.4148728 -0.7260274 0.005870841 -0.06262231 -0.9980431 0.02348337 -0.08806262 -0.9960861 0.05479452 -0.3150685 -0.9471624 0.739726 -0.08023483 -0.667319 0.7358121 -0.1193738 -0.6653621 0.6868885 -0.3209393 -0.6516634 0.739726 -0.08610567 -0.667319 0.9823875 -0.183953 -0.05479452 0.9236791 -0.3659491 -0.111546 0.7181996 -0.5420744 0.4363992 0.9902152 -0.1330724 -0.04109589 0.7808219 -0.260274 0.5694716 0.109589 -0.7553816 0.6457925 0.7808219 -0.2054795 0.5890411 0.06262231 -0.3033268 0.9510763 -0.3757339 -0.7671233 0.5205479 0.9921722 -0.1193738 -0.01565558 -0.7142857 -0.2152642 0.6653621 -0.8747554 -0.483366 0 -0.9902152 -0.1350294 0.005870841 0.037182 -0.2563601 0.9667319 -0.739726 -0.183953 0.6477495 -0.9941292 -0.1154599 0 0.7671233 -0.1741683 0.6164383 0.02348337 -0.2015656 0.9784736 -0.7279844 -0.1448141 0.6692759 -0.9960861 -0.09197652 0.001956947 0.7651663 -0.1565558 0.6262231 0.01174168 -0.1741683 0.9843444 -0.7299413 -0.1291585 0.6712329 -0.9980431 -0.07436399 0.007827789 0.01565558 -0.01761252 1 -0.7514677 -0.0332681 0.6594912 -0.9980431 -0.04109589 -0.02152642 -0.8258317 0.1682975 0.5401174 -0.9804305 -0.1800391 0.08219178 -0.4011742 0.2857143 0.8688846 -0.8199608 -0.1272016 0.55773 -0.3268102 -0.9452055 0.01565558 -0.2720157 -0.9491194 0.1585127 -0.1174168 -0.962818 0.2465753 -0.3992172 -0.1409002 0.9060665 0.05479452 -0.964775 0.260274 0.223092 0.3131115 0.9236791 0.2152642 -0.1506849 0.964775 0.7240704 -0.1389433 0.6751468 0.2133072 -0.960861 0.1800391 0.7632094 -0.04305284 0.6438356 0.6888454 0.2485323 0.6810176 0.9667319 -0.1956947 0.1624266 0.3091977 -0.9510763 0.04109589 0.9080235 0.2407045 0.3463796 0.9941292 -0.0998043 -0.05870841 0.9080235 -0.2661448 -0.3268102 0.3033268 -0.9452055 -0.1154599 0.2309198 -0.9412916 -0.2485323 0.9921722 -0.1232877 -0.009784736 0.7455969 -0.08610567 -0.6614481 0.7358121 -0.09589041 -0.6692759 0.553816 -0.3033268 -0.7749511 0.8375734 -0.483366 0.2544031 0.9021527 -0.332681 0.2759295 0.8375734 -0.3385518 0.4285714 0.7729941 -0.4990215 0.3933464 0.7514677 -0.3424658 0.5655577 0.7455969 -0.630137 0.2172211 0.6868885 -0.518591 0.5068493 0.6594912 -0.3365949 0.6712329 0.6810176 -0.6497065 0.334638 0.5831702 -0.7964775 0.1565558 0.6046967 -0.5381604 0.5870842 0.5753425 -0.3268102 0.7495108 0.5851272 -0.6888454 0.4246575 0.5225049 -0.8180039 0.2407045 0.4109589 -0.9060665 0.1056751 0.5362035 -0.5440313 0.6438356 0.5459883 -0.3052838 0.7808219 0.3483366 -0.9236791 0.1604697 0.2485323 -0.9667319 0.06066536 0.4403131 -0.8434442 0.3091977 0.5107632 -0.7181996 0.4716243 0.2113503 -0.9726027 0.1037182 0.1545988 -0.9882583 0.03913894 0.2896282 -0.9373777 0.1937378 0.3796478 -0.8610567 0.3365949 0.1428571 -0.9882583 0.0704501 0.0665362 -0.9980431 0.01565558 0.1878669 -0.9745597 0.1154599 0.2367906 -0.9686888 0.07827789 0.221135 -0.9686888 0.1154599 0.05479452 -0.9980431 0.01956947 0.1291585 -0.9882583 0.07436399 0.2622309 -0.9432485 0.2074364 0.18591 -0.9765166 0.1174168 0.1252446 -0.9902152 0.06457926 0.037182 -1 0.01956947 0.1996086 -0.9589041 0.1996086 0.1643836 -0.9784736 0.1291585 0.01761252 -1 0.01565558 0.146771 -0.9569471 0.2524462 0.09784736 -0.9941292 0.05870841 0.06457926 -0.9960861 0.0665362 0.1272016 -0.9804305 0.146771 0.2309198 -0.9510763 0.2074364 0.1819961 -0.9589041 0.2191781 0.3365949 -0.8786693 0.3385518 0.2778865 -0.9041096 0.3268102 0.4520548 -0.7436399 0.4951076 0.3894325 -0.7847358 0.483366 0.516634 -0.5772994 0.6320939 0.6164383 -0.2544031 0.7455969 0.3131115 -0.8630137 0.3972603 0.5831702 -0.5772994 0.5714286 0.6751468 -0.4990215 0.5440313 0.739726 -0.1722113 0.6497065 0.4207436 -0.8023483 0.4246575 0.6986302 -0.4461839 0.55773 0.8023483 -0.08219178 0.592955 0.4774951 -0.7651663 0.4305284 0.8336595 -0.01565558 0.5518591 0.7064579 -0.4187867 0.5694716 0.5009785 -0.7123288 0.4931507 0.4481409 -0.7240704 0.5225049 0.2837573 -0.888454 0.3600783 0.3052838 -0.8551859 0.4187867 0.2172211 -0.8571429 0.4677104 0.2485323 -0.9060665 0.3424658 0.1780822 -0.9021527 0.3953033 0.1506849 -0.9315069 0.332681 0 -0.925636 0.3796478 0 -0.8943248 0.4500979 -0.2172211 -0.8571429 0.4677104 0.1252446 -0.9491194 0.2896282 -0.1780822 -0.9021527 0.3953033 0.1956947 -0.9295499 0.3111546 -0.3052838 -0.8551859 0.4187867 -0.4481409 -0.7240704 0.5225049 0.2074364 -0.9334638 0.295499 -0.5009785 -0.7123288 0.4931507 -0.7064579 -0.4187867 0.5694716 0.1369863 -0.964775 0.221135 -0.8336595 -0.01565558 0.5518591 -0.8023483 -0.08219178 0.592955 -0.6986302 -0.4461839 0.55773 -0.739726 -0.1722113 0.6497065 -0.4774951 -0.7651663 0.4305284 -0.6751468 -0.4990215 0.5440313 -0.6164383 -0.2544031 0.7455969 -0.2837573 -0.888454 0.3600783 -0.4207436 -0.8023483 0.4246575 -0.5831702 -0.5772994 0.5714286 -0.516634 -0.5772994 0.6320939 -0.5459883 -0.3052838 0.7808219 -0.3131115 -0.8630137 0.3972603 -0.2485323 -0.9060665 0.3424658 -0.1506849 -0.9315069 0.332681 0 -0.9471624 0.3209393 0 -0.962818 0.2720157 -0.1252446 -0.9491194 0.2896282 0 -0.9706458 0.2387476 -0.1956947 -0.9295499 0.3111546 -0.09393346 -0.962818 0.2544031 0.09393346 -0.962818 0.2544031 0 -0.9784736 0.2113503 0.1506849 -0.9549902 0.258317 0.0704501 -0.9726027 0.221135 0.09589041 -0.9745597 0.2035225 0.08806262 -0.9843444 0.1526419 0.03913894 -0.9843444 0.1780822 0.04892368 -0.9882583 0.1428571 0.04109589 -0.9960861 0.07240704 0.01369863 -0.9921722 0.1291585 0.005870841 -1 0.01761252 0.01761252 -0.9980431 0.0704501 0.1311155 -0.9119374 0.3894325 -0.001956947 -0.9980431 0.0665362 -0.003913894 -1 0.02739726 0.07240704 -0.851272 0.5205479 0 -0.9921722 0.1252446 0 -1 0.0332681 0 -0.8336595 0.5518591 -0.07240704 -0.849315 0.5244619 0 -0.9980431 0.06849315 0.003913894 -1 0.02739726 -0.1311155 -0.9119374 0.3894325 0.001956947 -0.9980431 0.0665362 -0.005870841 -1 0.01761252 -0.146771 -0.9569471 0.2524462 -0.01369863 -0.9921722 0.1291585 -0.01761252 -1 0.01565558 -0.1996086 -0.9589041 0.1996086 -0.01761252 -0.9980431 0.0704501 -0.04109589 -0.9960861 0.07240704 -0.04892368 -0.9882583 0.1428571 0 -0.9863014 0.1682975 -0.03913894 -0.9843444 0.1780822 -0.0704501 -0.9726027 0.221135 -0.09589041 -0.9745597 0.2035225 -0.1506849 -0.9549902 0.258317 -0.08806262 -0.9843444 0.1526419 -0.1369863 -0.964775 0.221135 -0.2074364 -0.9334638 0.295499 -0.06457926 -0.9960861 0.0665362 -0.1272016 -0.9804305 0.146771 -0.1819961 -0.9589041 0.2191781 -0.037182 -1 0.01956947 -0.221135 -0.9686888 0.1154599 -0.09784736 -0.9941292 0.05870841 -0.1643836 -0.9784736 0.1291585 -0.1252446 -0.9902152 0.06457926 -0.05479452 -0.9980431 0.01956947 -0.0665362 -0.9980431 0.01565558 -0.2328767 -0.9686888 0.08219178 -0.1428571 -0.9882583 0.0704501 -0.1545988 -0.9882583 0.03913894 -0.1291585 -0.9882583 0.07436399 -0.18591 -0.9765166 0.1174168 -0.1878669 -0.9745597 0.1154599 -0.2113503 -0.9726027 0.1037182 -0.2504892 -0.9667319 0.06066536 -0.2309198 -0.9510763 0.2074364 -0.3483366 -0.9236791 0.1604697 -0.4109589 -0.9060665 0.1056751 -0.2896282 -0.9373777 0.1937378 -0.2622309 -0.9432485 0.2074364 -0.5225049 -0.8180039 0.2407045 -0.5831702 -0.7964775 0.1565558 -0.4403131 -0.8434442 0.3091977 -0.3796478 -0.8610567 0.3365949 -0.6810176 -0.6497065 0.334638 -0.7455969 -0.630137 0.2172211 -0.5851272 -0.6888454 0.4246575 -0.7729941 -0.4990215 0.3933464 -0.8375734 -0.483366 0.2544031 -0.8375734 -0.3385518 0.4285714 -0.9021527 -0.332681 0.2759295 -0.7514677 -0.3424658 0.5655577 -0.6868885 -0.518591 0.5068493 -0.6594912 -0.3365949 0.6712329 -0.6046967 -0.5381604 0.5870842 -0.5753425 -0.3268102 0.7495108 -0.5107632 -0.7181996 0.4716243 -0.5362035 -0.5440313 0.6438356 -0.4520548 -0.7436399 0.4951076 -0.3894325 -0.7847358 0.483366 -0.3365949 -0.8786693 0.3385518 -0.2778865 -0.9041096 0.3268102 -0.6418787 -0.7455969 -0.1819961 -0.6868885 -0.2896282 -0.667319 -0.2074364 -0.9510763 -0.2289628 -0.295499 -0.3776908 -0.8767123 -0.08219178 -0.9706458 -0.223092 -0.2915851 0.260274 -0.9197652 -0.6829746 0.1917808 -0.704501 -0.1448141 -0.407045 -0.9021527 -0.05870841 -0.9706458 -0.2309198 -0.1428571 0.2759295 -0.9510763 -0.2504892 0.7710372 -0.5870842 -0.6516634 0.5831702 -0.483366 -0.1135029 -0.4109589 -0.9041096 -0.06066536 -0.9726027 -0.223092 -0.1135029 0.2739726 -0.9549902 -0.1252446 -0.4109589 -0.9021527 -0.04109589 -0.9745597 -0.2250489 -0.1174168 0.7906067 -0.6007828 -0.07632094 -0.444227 -0.8923679 -0.02739726 -0.9706458 -0.2387476 -0.08806262 0.7866927 -0.6105675 -0.04305284 -0.4540117 -0.890411 -0.02152642 -0.9667319 -0.2563601 -0.08806262 0.2915851 -0.9530333 -0.1350294 0.2857143 -0.9491194 -0.08219178 0.8003914 -0.592955 -0.05479452 0.816047 -0.5772994 -0.06457926 0.2935421 -0.9530333 -0.01174168 -0.4716243 -0.8825831 -0.08414873 -0.9589041 -0.2720157 -0.04500978 0.8180039 -0.5733855 -0.05479452 0.295499 -0.9530333 -0.05088063 -0.3639922 -0.9295499 -0.4148728 -0.5753425 -0.704501 -0.5694716 -0.8003914 -0.18591 -0.9178082 0.2367906 -0.3209393 -0.5009785 -0.05088063 -0.8630137 -0.2720157 -0.09197652 -0.9589041 -0.05283757 -0.2152642 -0.9745597 -0.05675147 0.2837573 -0.9569471 -0.08610567 0.3209393 -0.9432485 -0.1800391 0.2641879 -0.9471624 -0.05675147 0.8238748 -0.5655577 -0.08414873 0.8082192 -0.5831702 -0.1252446 0.8023483 -0.5831702 -0.1878669 0.7632094 -0.6203523 -0.2093934 0.9765166 -0.05675147 -0.1330724 0.9902152 -0.0332681 -0.3228963 0.890411 0.3209393 -0.08414873 0.9960861 -0.02544031 -0.146771 0.9158513 0.3737769 -0.5205479 0.6653621 0.5342466 -0.03522505 1 -0.01956947 -0.09589041 0.9099804 0.4011742 -0.1800391 0.6144814 0.7690802 -0.7260274 0.4246575 0.5420744 -0.1409002 0.5303327 0.8356164 -0.04500978 0.8982387 0.4363992 -0.009784736 1 -0.02348337 -0.1722113 -0.09589041 0.9804305 -0.9158513 0.2622309 0.3013699 -0.08414873 0.479452 0.8727984 -0.009784736 0.8786693 0.4755382 -0.009784736 1 -0.02544031 -0.04696673 0.4324853 0.9001957 -0.02348337 1 -0.03522505 -0.005870841 0.8688846 0.4951076 -0.04500978 0.9980431 -0.04109589 -0.005870841 0.851272 0.5244619 -0.03131115 0.4011742 0.9158513 -0.07632094 0.9960861 -0.0332681 -0.01369863 0.849315 0.5264188 0.003913894 0.3757339 0.925636 -0.05088063 0.8375734 0.5420744 -0.1996086 0.9784736 -0.037182 -0.6164383 0.7866927 -0.03131115 -0.6477495 0.6105675 0.4559687 -0.2074364 0.8082192 0.5499021 -0.6771037 0.2387476 0.6966732 0.003913894 0.3659491 0.9315069 -0.03522505 0.3600783 0.9315069 -0.221135 0.3307241 0.9178082 -0.6986302 -0.2270059 0.6790606 -0.037182 -0.3248532 0.9452055 -0.2191781 -0.3189824 0.9217221 -0.18591 -0.9315069 0.3150685 -0.6457925 -0.7260274 0.2387476 -0.6418787 -0.7455969 -0.1819961 -0.2074364 -0.9510763 -0.2289628 -0.04892368 -0.9491194 0.3131115 -0.08219178 -0.9706458 -0.223092 -0.001956947 -0.3385518 0.9412916 -0.02739726 -0.9549902 0.295499 -0.05870841 -0.9706458 -0.2309198 -0.005870841 -0.3091977 0.9510763 -0.03522505 -0.9510763 0.3091977 -0.06066536 -0.9726027 -0.223092 -0.05283757 -0.3013699 0.9510763 -0.04109589 -0.9530333 0.3033268 -0.04109589 -0.9745597 -0.2250489 -0.07240704 -0.2837573 0.9569471 -0.04696673 -0.9530333 0.3013699 -0.02739726 -0.9706458 -0.2387476 -0.02152642 -0.9667319 -0.2563601 -0.07240704 -0.9452055 0.3170255 -0.08414873 -0.9589041 -0.2720157 -0.1076321 -0.2465753 0.962818 -0.146771 -0.9510763 0.2720157 -0.5694716 -0.8003914 -0.18591 -0.739726 -0.6731898 0.003913894 -0.9178082 0.2367906 -0.3209393 -0.9315069 0.3502935 -0.0998043 0.6868885 -0.2896282 -0.667319 0.6418787 -0.7455969 -0.1819961 0.2074364 -0.9510763 -0.2289628 0.295499 -0.3776908 -0.8767123 0.09197652 -0.9706458 -0.223092 0.2915851 0.260274 -0.9197652 0.6829746 0.1917808 -0.704501 0.148728 -0.4050881 -0.9021527 0.07240704 -0.9706458 -0.2289628 0.1409002 0.2778865 -0.9510763 0.2504892 0.7710372 -0.5870842 0.6516634 0.5831702 -0.483366 0.1193738 -0.4129159 -0.9021527 0.06066536 -0.9726027 -0.223092 0.111546 0.2700587 -0.9569471 0.1252446 -0.4109589 -0.9021527 0.01565558 -0.9745597 -0.223092 0.109589 0.7906067 -0.6007828 0.06457926 -0.4500979 -0.890411 0.007827789 -0.9706458 -0.2387476 0.08023483 0.7866927 -0.6125244 0.03522505 -0.4500979 -0.8923679 0.02152642 -0.9667319 -0.2563601 0.09393346 0.2857143 -0.9530333 0.1350294 0.2837573 -0.9491194 0.08414873 0.7984344 -0.5968689 0.0704501 0.8121331 -0.5792564 0.0704501 0.297456 -0.9530333 0.01174168 -0.4716243 -0.8825831 0.08414873 -0.9589041 -0.2720157 0.05675147 0.8180039 -0.5714286 0.05479452 0.295499 -0.9530333 0.05088063 -0.3639922 -0.9295499 0.4148728 -0.5753425 -0.704501 0.5694716 -0.8003914 -0.18591 0.9178082 0.2367906 -0.3209393 0.5009785 -0.05088063 -0.8630137 0.2720157 -0.09197652 -0.9589041 0.05283757 -0.2152642 -0.9745597 0.05675147 0.2837573 -0.9569471 0.08610567 0.3209393 -0.9432485 0.1800391 0.2641879 -0.9471624 0.05675147 0.8238748 -0.5655577 0.08414873 0.8082192 -0.5831702 0.1252446 0.8023483 -0.5831702 0.1878669 0.7632094 -0.6183953 0.2093934 0.9765166 -0.05675147 0.1330724 0.9902152 -0.0332681 0.3189824 0.8923679 0.3209393 0.08414873 0.9960861 -0.02544031 0.146771 0.9158513 0.3737769 0.5205479 0.6653621 0.5342466 0.03522505 1 -0.01956947 0.09589041 0.9099804 0.4011742 0.1800391 0.6144814 0.7690802 0.7260274 0.4246575 0.5420744 0.1409002 0.5303327 0.8356164 0.04500978 0.8982387 0.4363992 0.02348337 1 -0.02348337 0.1722113 -0.09589041 0.9804305 0.9158513 0.2622309 0.3013699 0.08414873 0.479452 0.8727984 0.02348337 0.8806262 0.4755382 0.02935421 1 -0.02544031 0.05283757 0.4344423 0.9001957 0.02348337 1 -0.03522505 0.02152642 0.8669276 0.4990215 0.03522505 0.9980431 -0.04109589 0.005870841 0.849315 0.5283757 0.0665362 0.9980431 -0.0332681 0.005870841 0.8473581 0.5303327 0.04109589 0.3972603 0.9158513 -0.003913894 0.3757339 0.9275929 0.04305284 0.8375734 0.5440313 -0.009784736 0.3620352 0.9315069 0.1996086 0.9784736 -0.037182 0.6164383 0.7866927 -0.03131115 0.6477495 0.6105675 0.4559687 0.2074364 0.8082192 0.5499021 0.6771037 0.2387476 0.6966732 0.03131115 0.3620352 0.9315069 0.221135 0.3307241 0.9178082 0.6966732 -0.2270059 0.6790606 0.04109589 -0.3228963 0.9452055 0.2191781 -0.3189824 0.9217221 0.18591 -0.9315069 0.3150685 0.6457925 -0.7260274 0.2387476 0.6418787 -0.7455969 -0.1819961 0.2074364 -0.9510763 -0.2289628 0.06066536 -0.9471624 0.3131115 0.09197652 -0.9706458 -0.223092 0.005870841 -0.3424658 0.9393346 0.04109589 -0.9549902 0.295499 0.07240704 -0.9706458 -0.2289628 0.005870841 -0.3091977 0.9510763 0.03522505 -0.9510763 0.3091977 0.06066536 -0.9726027 -0.223092 0.04500978 -0.3072407 0.9510763 0.01761252 -0.9530333 0.2994129 0.01565558 -0.9745597 -0.223092 0.06849315 -0.2798434 0.9569471 0.02739726 -0.9530333 0.3033268 0.007827789 -0.9706458 -0.2387476 0.02152642 -0.9667319 -0.2563601 0.07240704 -0.9452055 0.3170255 0.08414873 -0.9589041 -0.2720157 0.1076321 -0.2465753 0.962818 0.146771 -0.9510763 0.2720157 0.5694716 -0.8003914 -0.18591 0.739726 -0.6731898 0.003913894 0.9178082 0.2367906 -0.3209393 0.9315069 0.3502935 -0.0998043 -0.01956947 0.6986302 0.7162427 -0.297456 0.6536204 0.6966732 -0.3209393 0.9452055 0.06066536 -0.2015656 0.9784736 0.05283757 0.7377691 0.3816047 0.55773 0.9510763 0.2641879 0.1604697 -0.2857143 0.9549902 0.08023483 -0.109589 0.9921722 -0.0704501 0.9589041 0.2446184 -0.1389433 0.8375734 0.4109589 -0.3581213 -0.4168297 0.9060665 0.07632094 -0.4383562 0.8962818 0.05283757 -0.3894325 0.9060665 0.1604697 -0.2661448 0.9510763 0.1526419 -0.5225049 0.8356164 0.1702544 -0.1448141 0.9863014 0.08219178 -0.1409002 0.9784736 0.146771 -0.5459883 0.8336595 0.08219178 -0.6457925 0.739726 0.1878669 -0.5596869 0.8258317 0.05870841 -0.6692759 0.7358121 0.09784736 -0.7573385 0.6183953 0.2113503 -0.6771037 0.7318982 0.08023483 -0.7749511 0.6203523 0.1174168 -0.8375734 0.4911937 0.2426614 -0.4481409 0.5792564 0.6810176 -0.5890411 0.3170255 0.7436399 -0.8590998 0.4931507 0.1389433 -0.8786693 0.3894325 0.2739726 -0.8101761 0.5831702 0.037182 -0.6927593 -0.4559687 0.55773 -0.7260274 -0.6849315 0.0704501 -0.9041096 0.3972603 0.1526419 -0.9080235 0.2915851 0.2994129 -0.8708415 0.4892368 0.007827789 -0.8414873 0.516634 -0.1565558 -0.6888454 -0.6888454 -0.2270059 -0.6966732 -0.553816 -0.4559687 -0.9432485 0.2876712 0.1585127 -0.9315069 0.1937378 0.3072407 -0.9217221 0.3874756 -0.007827789 -0.8610567 0.4755382 -0.1819961 -0.9745597 0.1702544 0.1506849 -0.9530333 0.05283757 0.2994129 -0.962818 0.2700587 -0.02739726 -0.9021527 0.3776908 -0.2054795 -0.9902152 0.037182 0.1369863 -0.9882583 0.1428571 -0.04892368 -0.9393346 0.2544031 -0.2289628 -0.9784736 -0.1585127 0.1272016 -0.9432485 -0.1585127 0.2896282 -0.9980431 0.0332681 -0.06066536 -0.960861 0.1330724 -0.2387476 -0.9393346 -0.3248532 0.1174168 -0.9021527 -0.332681 0.2759295 -0.9902152 -0.1330724 -0.05283757 -0.8767123 -0.4716243 0.1037182 -0.8375734 -0.483366 0.2544031 -0.9510763 -0.3033268 -0.04109589 -0.8923679 -0.4500979 -0.02935421 -0.7847358 -0.6125244 0.09197652 -0.7455969 -0.630137 0.2172211 -0.8062623 -0.5909981 -0.01761252 -0.6242661 -0.778865 0.0665362 -0.5831702 -0.7964775 0.1565558 -0.6379648 -0.7690802 -0.01369863 -0.4422701 -0.8962818 0.04305284 -0.4109589 -0.9060665 0.1056751 -0.4579256 -0.888454 -0.01174168 -0.2759295 -0.960861 0.02739726 -0.2504892 -0.9667319 0.06066536 -0.2876712 -0.9569471 -0.009784736 -0.1624266 -0.9863014 0.01956947 -0.1545988 -0.9882583 0.03913894 -0.1643836 -0.9863014 -0.01174168 -0.07632094 -0.9980431 0.007827789 -0.0665362 -0.9980431 0.01565558 -0.2328767 -0.9686888 0.08219178 -0.2348337 -0.9706458 0.05283757 -0.2367906 -0.9706458 -0.01174168 -0.07240704 -0.9980431 -0.01761252 -0.2504892 -0.9667319 -0.06066536 -0.06849315 -0.9980431 -0.0332681 -0.2876712 -0.9412916 -0.1819961 -0.1604697 -0.9863014 -0.05283757 -0.07240704 -0.9941292 -0.06849315 -0.2837573 -0.9569471 -0.07240704 -0.1448141 -0.9843444 -0.09589041 -0.4540117 -0.8845401 -0.1017613 -0.260274 -0.9549902 -0.1409002 -0.6340509 -0.7612525 -0.1409002 -0.4324853 -0.8727984 -0.2250489 -0.8003914 -0.5714286 -0.1761252 -0.5851272 -0.7495108 -0.3111546 -0.8845401 -0.4227006 -0.2015656 -0.7260274 -0.5714286 -0.3855186 -0.9354208 -0.2739726 -0.223092 -0.8082192 -0.4129159 -0.4207436 -0.5949119 -0.5851272 -0.5518591 -0.9667319 -0.1056751 -0.2367906 -0.8571429 -0.2778865 -0.4324853 -0.9686888 0.04305284 -0.2446184 -0.8943248 -0.1193738 -0.4305284 -0.6731898 -0.4324853 -0.6007828 -0.7221135 -0.3150685 -0.6164383 -0.9060665 0.03913894 -0.4207436 -0.7651663 -0.1643836 -0.6223092 -0.5322896 -0.4598826 -0.7103718 -0.9001957 0.1389433 -0.4129159 -0.4716243 -0.6046967 -0.6399217 -0.8786693 0.2524462 -0.4031311 -0.7886497 0.1330724 -0.5988258 -0.8454012 0.369863 -0.3855186 -0.776908 0.2544031 -0.5772994 -0.7436399 0.3737769 -0.553816 -0.8043053 0.4696673 -0.3639922 -0.702544 0.481409 -0.5244619 -0.7710372 0.5342466 -0.3463796 -0.6653621 0.5655577 -0.4892368 -0.7377691 0.5362035 -0.4109589 -0.6536204 -0.3307241 -0.6810176 -0.5303327 -0.09197652 -0.8434442 -0.6125244 0.6164383 -0.4931507 -0.4246575 0.1585127 -0.890411 -0.3307241 0.3052838 -0.8923679 -0.4853229 0.667319 -0.5655577 -0.4011742 0.7573385 -0.5146771 -0.2015656 0.407045 -0.890411 -0.09001957 0.5127202 -0.853229 -0.5146771 0.5890411 -0.6223092 -0.3209393 0.702544 -0.6360078 -0.2015656 0.8669276 -0.4559687 0.1076321 0.5499021 -0.8277887 0.3268102 0.6007828 -0.7299413 -0.2563601 0.8121331 -0.5244619 -0.1213307 0.9432485 -0.3111546 0.62818 0.4853229 -0.6086106 -0.1232877 0.8943248 -0.4305284 -0.1565558 0.8180039 -0.5518591 -0.08806262 0.9569471 -0.2759295 -0.07827789 0.9941292 -0.08610567 -0.04696673 0.9021527 -0.4285714 -0.09197652 0.9960861 0.01565558 -0.03913894 0.9941292 -0.09589041 -0.037182 0.962818 -0.2661448 -0.05088063 0.9980431 0.009784736 -0.05283757 0.9941292 0.08414873 -0.04305284 0.9882583 0.148728 0 1 0.001956947 0 0.9960861 0.09001957 0 0.9882583 0.1506849 0.04305284 0.9882583 0.148728 0.05283757 0.9941292 0.08414873 0.1409002 0.9784736 0.146771 0 0.9941292 -0.1037182 0.1448141 0.9863014 0.08219178 0.2661448 0.9510763 0.1526419 0.05088063 0.9980431 0.009784736 0.03913894 0.9941292 -0.09589041 0.09197652 0.9960861 0.01565558 0.2857143 0.9549902 0.08023483 0.3894325 0.9060665 0.1604697 0.2015656 0.9784736 0.05283757 0.4168297 0.9060665 0.07632094 0.5225049 0.8356164 0.1702544 0.3209393 0.9452055 0.06066536 0.5459883 0.8336595 0.08219178 0.6457925 0.739726 0.1878669 0.4383562 0.8962818 0.05283757 0.5596869 0.8258317 0.05870841 0.297456 0.6536204 0.6966732 0.01956947 0.6986302 0.7162427 -0.7377691 0.3816047 0.55773 -0.9510763 0.2641879 0.1604697 0.6692759 0.7358121 0.09784736 0.7573385 0.6183953 0.2113503 0.6771037 0.7318982 0.08023483 0.7749511 0.6203523 0.1174168 0.8375734 0.4911937 0.2426614 0.4481409 0.5792564 0.6810176 0.5890411 0.3170255 0.7436399 0.8590998 0.4931507 0.1389433 0.8786693 0.3894325 0.2739726 0.8101761 0.5831702 0.037182 0.6927593 -0.4559687 0.55773 0.7260274 -0.6849315 0.0704501 0.9041096 0.3972603 0.1526419 0.9080235 0.2915851 0.2994129 0.8708415 0.4892368 0.007827789 0.8414873 0.516634 -0.1565558 0.6888454 -0.6888454 -0.2270059 0.6966732 -0.553816 -0.4559687 0.9432485 0.2876712 0.1585127 0.9315069 0.1937378 0.3072407 0.9217221 0.3874756 -0.007827789 0.8610567 0.4755382 -0.1819961 0.9745597 0.1702544 0.1506849 0.9530333 0.05283757 0.2994129 0.962818 0.2700587 -0.02739726 0.9021527 0.3776908 -0.2054795 0.7710372 0.5342466 -0.3463796 0.8043053 0.4696673 -0.3639922 0.7377691 0.5362035 -0.4109589 0.6536204 -0.3307241 -0.6810176 0.5303327 -0.09197652 -0.8434442 0.6653621 0.5655577 -0.4892368 0.6125244 0.6164383 -0.4931507 0.4246575 0.1585127 -0.890411 0.3307241 0.3052838 -0.8923679 0.4011742 0.7573385 -0.5146771 0.2015656 0.407045 -0.890411 0.09001957 0.5127202 -0.853229 0.4853229 0.667319 -0.5655577 0.5146771 0.5890411 -0.6223092 0.2015656 0.8669276 -0.4559687 -0.1076321 0.5499021 -0.8277887 -0.3268102 0.6007828 -0.7299413 0.3209393 0.702544 -0.6360078 0.2563601 0.8121331 -0.5244619 0.1213307 0.9432485 -0.3111546 -0.62818 0.4853229 -0.6086106 -0.8375734 0.4109589 -0.3581213 0.1232877 0.8943248 -0.4305284 0.1565558 0.8180039 -0.5518591 0.109589 0.9921722 -0.0704501 -0.9589041 0.2446184 -0.1389433 0.07827789 0.9941292 -0.08610567 0.08806262 0.9569471 -0.2759295 0.037182 0.962818 -0.2661448 0.04696673 0.9021527 -0.4285714 0 0.962818 -0.2681018 0 0.9021527 -0.4305284 0.05870841 0.8258317 -0.5616438 -0.05870841 0.8258317 -0.5616438 0 0.8258317 -0.5636008 0.18591 0.7142857 -0.6751468 0.07436399 0.7142857 -0.6947162 0.3639922 0.5988258 -0.7123288 0.2035225 0.6007828 -0.7729941 0 0.7142857 -0.6986302 0.5459883 0.4970646 -0.6751468 0.08219178 0.592955 -0.8003914 0.3835616 0.4990215 -0.776908 0.2093934 0.4872798 -0.8473581 0.702544 0.481409 -0.5244619 0.5733855 0.3776908 -0.7260274 0.8454012 0.369863 -0.3855186 0.7436399 0.3737769 -0.553816 0.9393346 0.2544031 -0.2289628 0.8786693 0.2524462 -0.4031311 0.9882583 0.1428571 -0.04892368 0.960861 0.1330724 -0.2387476 0.776908 0.2544031 -0.5772994 0.9902152 0.037182 0.1369863 0.9980431 0.0332681 -0.06066536 0.9784736 -0.1585127 0.1272016 0.9432485 -0.1585127 0.2896282 0.9001957 0.1389433 -0.4129159 0.9686888 0.04305284 -0.2446184 0.9902152 -0.1330724 -0.05283757 0.7886497 0.1330724 -0.5988258 0.9667319 -0.1056751 -0.2367906 0.9060665 0.03913894 -0.4207436 0.8943248 -0.1193738 -0.4305284 0.9354208 -0.2739726 -0.223092 0.8571429 -0.2778865 -0.4324853 0.7651663 -0.1643836 -0.6223092 0.9510763 -0.3033268 -0.04109589 0.7847358 0.009784736 -0.6183953 0.9393346 -0.3248532 0.1174168 0.9021527 -0.332681 0.2759295 0.8767123 -0.4716243 0.1037182 0.8375734 -0.483366 0.2544031 0.8923679 -0.4500979 -0.02935421 0.7847358 -0.6125244 0.09197652 0.7455969 -0.630137 0.2172211 0.8062623 -0.5909981 -0.01761252 0.8845401 -0.4227006 -0.2015656 0.6242661 -0.778865 0.0665362 0.5831702 -0.7964775 0.1565558 0.8082192 -0.4129159 -0.4207436 0.8003914 -0.5714286 -0.1761252 0.7260274 -0.5714286 -0.3855186 0.6731898 -0.4324853 -0.6007828 0.5851272 -0.7495108 -0.3111546 0.5949119 -0.5851272 -0.5518591 0.6340509 -0.7612525 -0.1409002 0.4911937 -0.7377691 -0.4598826 0.6379648 -0.7690802 -0.01369863 0.4324853 -0.8727984 -0.2250489 0.4540117 -0.8845401 -0.1017613 0.4579256 -0.888454 -0.01174168 0.4422701 -0.8962818 0.04305284 0.4109589 -0.9060665 0.1056751 0.2837573 -0.9569471 -0.07240704 0.2759295 -0.960861 0.02739726 0.2485323 -0.9667319 0.06066536 0.2876712 -0.9569471 -0.009784736 0.1624266 -0.9863014 0.01956947 0.1545988 -0.9882583 0.03913894 0.1643836 -0.9863014 -0.01174168 0.1604697 -0.9863014 -0.05283757 0.07632094 -0.9980431 0.007827789 0.0665362 -0.9980431 0.01565558 0.2367906 -0.9686888 0.07827789 0.2544031 -0.964775 0.05675147 0.2485323 -0.9686888 -0.003913894 0.07240704 -0.9980431 -0.01761252 0.2504892 -0.9667319 -0.06066536 0.06849315 -0.9980431 -0.0332681 0.2876712 -0.9393346 -0.1819961 0.1448141 -0.9843444 -0.09589041 0.07240704 -0.9941292 -0.06849315 0.260274 -0.9549902 -0.1409002 0.3659491 -0.8669276 -0.3405088 0.2133072 -0.9530333 -0.2152642 0.1193738 -0.9823875 -0.1409002 0.3953033 -0.7358121 -0.5479452 0.297456 -0.8551859 -0.4246575 0.1722113 -0.9510763 -0.260274 0.4716243 -0.6046967 -0.6399217 0.2915851 -0.7436399 -0.6007828 0.2172211 -0.8551859 -0.4716243 0.1076321 -0.9804305 -0.1643836 0.1330724 -0.9452055 -0.297456 0.06849315 -0.9921722 -0.09589041 0.2641879 -0.8962818 -0.3561644 0.1741683 -0.8962818 -0.4090019 0.08806262 -0.9765166 -0.1917808 0.04305284 -0.9902152 -0.1252446 0.09393346 -0.888454 -0.4481409 0.07436399 -0.9412916 -0.3287671 0.02348337 -0.9882583 -0.1506849 0 -0.9001957 -0.4363992 0.05088063 -0.9745597 -0.2152642 0 -0.9863014 -0.1604697 0.01956947 -0.9726027 -0.2289628 0.02544031 -0.9393346 -0.3444227 0.1252446 -0.8571429 -0.5009785 0.04305284 -0.8590998 -0.5107632 0.1741683 -0.7534246 -0.6340509 0.0665362 -0.7573385 -0.6477495 0.3502935 -0.6164383 -0.704501 0.2093934 -0.6183953 -0.7573385 0.5322896 -0.4598826 -0.7103718 0.3874756 -0.4637965 -0.7964775 0.7221135 -0.3150685 -0.6164383 0.5655577 -0.334638 -0.7534246 0.5870842 -0.18591 -0.7886497 0.4031311 -0.3287671 -0.853229 0.2367906 -0.4579256 -0.8571429 0.4109589 -0.1741683 -0.8943248 0.111546 -0.4657534 -0.8786693 0.2485323 -0.3170255 -0.9158513 0.08806262 -0.6203523 -0.778865 0.1252446 -0.3131115 -0.9412916 0 -0.7592955 -0.6497065 0 -0.4755382 -0.8806262 0 -0.6262231 -0.778865 0 -0.8571429 -0.516634 -0.08806262 -0.6203523 -0.778865 0 -0.9373777 -0.3483366 -0.04305284 -0.8590998 -0.5107632 0 -0.9726027 -0.2367906 -0.02544031 -0.9393346 -0.3444227 -0.01956947 -0.9726027 -0.2289628 -0.02348337 -0.9882583 -0.1506849 -0.09393346 -0.888454 -0.4481409 -0.05088063 -0.9745597 -0.2152642 -0.04305284 -0.9902152 -0.1252446 -0.1741683 -0.8962818 -0.4090019 -0.07436399 -0.9412916 -0.3287671 -0.08806262 -0.9765166 -0.1917808 -0.06849315 -0.9921722 -0.09589041 -0.2641879 -0.8962818 -0.3561644 -0.1076321 -0.9804305 -0.1663405 -0.1330724 -0.9452055 -0.297456 -0.1193738 -0.9823875 -0.1409002 -0.1722113 -0.9510763 -0.260274 -0.2133072 -0.9530333 -0.2152642 -0.2172211 -0.8551859 -0.4716243 -0.3659491 -0.8669276 -0.3405088 -0.297456 -0.8551859 -0.4246575 -0.4911937 -0.7377691 -0.4598826 -0.3953033 -0.7358121 -0.5479452 -0.2915851 -0.7436399 -0.6007828 -0.3502935 -0.6164383 -0.704501 -0.1741683 -0.7534246 -0.6340509 -0.1252446 -0.8571429 -0.5009785 -0.0665362 -0.7573385 -0.6477495 -0.2093934 -0.6183953 -0.7573385 -0.111546 -0.4657534 -0.8786693 -0.3874756 -0.4637965 -0.7964775 -0.2367906 -0.4579256 -0.8571429 -0.5655577 -0.334638 -0.7534246 -0.4031311 -0.3287671 -0.853229 -0.2485323 -0.3170255 -0.9158513 -0.5870842 -0.18591 -0.7886497 -0.7847358 0.009784736 -0.6183953 -0.4109589 -0.1741683 -0.8943248 -0.592955 -0.01565558 -0.8062623 -0.5968689 0.111546 -0.7945206 -0.5949119 0.2407045 -0.7671233 -0.4031311 0.0998043 -0.9099804 -0.5733855 0.3776908 -0.7260274 -0.4011742 0.221135 -0.888454 -0.3972603 0.3659491 -0.8414873 -0.5459883 0.4970646 -0.6751468 -0.3835616 0.4990215 -0.776908 -0.3639922 0.5988258 -0.7123288 -0.2093934 0.4872798 -0.8473581 -0.18591 0.7142857 -0.6751468 -0.2035225 0.6007828 -0.7729941 -0.07436399 0.7142857 -0.6947162 -0.08219178 0.592955 -0.8003914 0 0.5890411 -0.8082192 0 0.4774951 -0.8786693 -0.08610567 0.479452 -0.8727984 0.08610567 0.479452 -0.8727984 0 0.3463796 -0.9373777 -0.09393346 0.3444227 -0.9334638 -0.2152642 0.3483366 -0.9119374 -0.2250489 0.2152642 -0.9510763 -0.1037182 0.2250489 -0.9686888 -0.2367906 0.1135029 -0.964775 -0.4109589 -0.01369863 -0.9119374 -0.2563601 -0.1604697 -0.9530333 -0.2504892 0.003913894 -0.9686888 -0.1135029 0.1311155 -0.9843444 -0.1291585 -0.146771 -0.9804305 -0.1252446 -0.3131115 -0.9412916 -0.1213307 0.01565558 -0.9921722 0 -0.3131115 -0.9491194 0 -0.1389433 -0.9902152 0 0.02152642 -1 0.1291585 -0.146771 -0.9804305 0.1213307 0.01565558 -0.9921722 0 0.1369863 -0.9902152 0.2563601 -0.1604697 -0.9530333 0.2504892 0.003913894 -0.9686888 0.1135029 0.1311155 -0.9843444 0 0.2309198 -0.9726027 0.1037182 0.2250489 -0.9686888 0.2367906 0.1135029 -0.964775 0.4109589 -0.01369863 -0.9119374 0.09393346 0.3444227 -0.9334638 0.592955 -0.01565558 -0.8062623 0.4031311 0.0998043 -0.9099804 0.5968689 0.111546 -0.7945206 0.2250489 0.2152642 -0.9510763 0.4011742 0.221135 -0.888454 0.5949119 0.2407045 -0.7671233 0.2152642 0.3483366 -0.9119374 0.3972603 0.3659491 -0.8414873 -0.6418787 -0.7455969 -0.1819961 -1 -0.03131115 0 -0.6868885 -0.2896282 -0.667319 -0.6457925 -0.7260274 0.2387476 -0.6829746 0.1917808 -0.704501 -0.6986302 -0.2270059 0.6790606 -0.6516634 0.5831702 -0.483366 -0.6771037 0.2387476 0.6966732 -0.6164383 0.7866927 -0.03131115 -0.6477495 0.6105675 0.4559687 0.6418787 -0.7455969 -0.1819961 0.6868885 -0.2896282 -0.667319 1 -0.03131115 0 0.6457925 -0.7260274 0.2387476 0.6829746 0.1917808 -0.704501 0.6966732 -0.2270059 0.6790606 0.6516634 0.5831702 -0.483366 0.6771037 0.2387476 0.6966732 0.6164383 0.7866927 -0.03131115 0.6477495 0.6105675 0.4559687 -0.001956947 -1 0.009784736 0.2720157 -0.9491194 0.1585127 0.1174168 -0.962818 0.2465753 -0.05479452 -0.964775 0.260274 0.3268102 -0.9452055 0.01565558 -0.2133072 -0.960861 0.1800391 0.3111546 -0.9393346 -0.1350294 -0.3091977 -0.9510763 0.04109589 0.06262231 -0.9510763 -0.3013699 -0.3033268 -0.9452055 -0.1154599 -0.2309198 -0.9412916 -0.2485323 0.001956947 -1 0.009784736 -0.1174168 -0.962818 0.2465753 -0.2720157 -0.9491194 0.1585127 0.05479452 -0.964775 0.260274 -0.3268102 -0.9452055 0.01565558 0.2133072 -0.960861 0.1800391 -0.3111546 -0.9393346 -0.1350294 0.3091977 -0.9510763 0.04109589 -0.06262231 -0.9510763 -0.3013699 0.3033268 -0.9452055 -0.1154599 0.2309198 -0.9412916 -0.2485323 0.2524462 -0.4148728 -0.8747554 0.332681 -0.62818 -0.704501 0 -0.444227 -0.8962818 0 -0.6888454 -0.7260274 0.6086106 -0.4579256 -0.6477495 0.5048923 -0.2857143 -0.81409 0.3620352 -0.7710372 -0.5244619 0 -0.8414873 -0.5401174 0.6634051 -0.5792564 -0.4735812 0.8023483 -0.1996086 -0.5616438 0.6575342 -0.05088063 -0.7514677 0.8727984 -0.2915851 -0.3894325 0.8806262 0.1213307 -0.4559687 0.704501 0.1976517 -0.6829746 0.9569471 0.06066536 -0.2837573 0.8238748 0.4383562 -0.3561644 0.6712329 0.4363992 -0.6007828 0.8943248 0.4090019 -0.1761252 0.6340509 0.7260274 -0.2622309 0.5225049 0.6829746 -0.5107632 0.6888454 0.7201566 -0.06849315 0.3444227 0.9158513 -0.2015656 0.258317 0.8375734 -0.481409 0.3737769 0.9275929 0.007827789 0 0.9823875 -0.183953 0 0.8747554 -0.4853229 -0.258317 0.8375734 -0.481409 0 1 0.03522505 -0.3444227 0.9158513 -0.2015656 -0.5225049 0.6829746 -0.5107632 0 0.9804305 0.1956947 -0.6340509 0.7260274 -0.2622309 -0.6712329 0.4363992 -0.6007828 -0.3737769 0.9275929 0.007827789 -0.8238748 0.4383562 -0.3561644 -0.704501 0.1976517 -0.6829746 -0.6888454 0.7201566 -0.06849315 -0.8806262 0.1213307 -0.4559687 -0.6575342 -0.05088063 -0.7514677 -0.8943248 0.4090019 -0.1761252 -0.3835616 0.9080235 0.1663405 -0.7103718 0.6966732 0.09001957 -0.9569471 0.06066536 -0.2837573 -0.8023483 -0.1996086 -0.5616438 -0.5048923 -0.2857143 -0.81409 -0.925636 0.3796478 -0.007827789 -0.6086106 -0.4579256 -0.6477495 -0.2524462 -0.4148728 -0.8747554 -0.8727984 -0.2915851 -0.3894325 -0.332681 -0.62818 -0.704501 0 -0.444227 -0.8962818 0 -0.6888454 -0.7260274 -0.6634051 -0.5792564 -0.4735812 -0.3620352 -0.7710372 -0.5244619 0 -0.8414873 -0.5401174 -0.9119374 -0.3600783 -0.1976517 -0.3776908 -0.8708415 -0.3131115 0 -0.9471624 -0.3228963 -0.6947162 -0.6653621 -0.2720157 -0.3776908 -0.9217221 -0.08414873 0 -0.9960861 -0.09197652 -0.7005871 -0.7123288 -0.04892368 -0.369863 -0.9217221 0.1135029 0 -0.9941292 0.1017613 -0.6868885 -0.7123288 0.1428571 -0.9178082 -0.3953033 0.01174168 -0.8982387 -0.3972603 0.1878669 -0.6634051 -0.6868885 0.295499 -0.3561644 -0.890411 0.2798434 0 -0.960861 0.2739726 0 -0.9138943 0.407045 -0.3444227 -0.8454012 0.4050881 0 -0.8669276 0.4990215 -0.8688846 -0.3816047 0.3150685 -0.6438356 -0.6516634 0.4011742 -0.3287671 -0.8043053 0.4951076 0 -0.816047 0.5792564 -0.8473581 -0.3561644 0.3953033 -0.3111546 -0.7455969 0.5890411 0 -0.5244619 -0.851272 -0.6183953 -0.6223092 0.481409 -0.3072407 -0.4227006 -0.853229 -0.5831702 -0.5733855 0.5753425 -0.8180039 -0.3405088 0.4618395 -0.7690802 -0.3033268 0.5636008 -0.5264188 -0.09001957 -0.8454012 -0.9217221 -0.005870841 0.3874756 -0.8571429 0.01956947 0.5146771 -0.8962818 -0.001956947 0.4422701 -0.8003914 0.3463796 0.4892368 -0.4951076 0.5362035 -0.6829746 -0.8395303 0.3463796 0.4207436 -0.8551859 0.3522505 0.3796478 -0.9412916 -0.02152642 0.334638 -0.8708415 0.3444227 0.3522505 -0.9706458 -0.02739726 0.2407045 -0.9960861 -0.01956947 0.08610567 -0.8923679 0.3424658 0.2915851 -0.9941292 0.01174168 -0.1056751 -0.9197652 0.3542074 0.1643836 -0.702544 0.6692759 0.2407045 -0.6810176 0.6497065 0.3365949 -0.3757339 0.8786693 0.295499 -0.3659491 0.8551859 0.3659491 -0.667319 0.6497065 0.3620352 0 0.9491194 0.3150685 -0.6575342 0.6555773 0.37182 -0.3620352 0.8571429 0.3659491 0 0.9275929 0.3737769 -0.6516634 0.6457925 0.3992172 -0.3561644 0.8590998 0.3659491 -0.6379648 0.6438356 0.4227006 -0.3561644 0.853229 0.3816047 -0.3542074 0.8454012 0.3992172 0 0.7632094 -0.6457925 0 0.9275929 0.3737769 0 0.9373777 0.3483366 0.3542074 0.8454012 0.3992172 0.4951076 0.5362035 -0.6829746 0 0.9315069 0.3659491 0.6379648 0.6438356 0.4227006 0 0.9315069 0.3659491 0.3561644 0.8590998 0.3659491 0.3561644 0.853229 0.3816047 0.3620352 0.8571429 0.3659491 0.6516634 0.6457925 0.3992172 0.6575342 0.6555773 0.37182 0.8003914 0.3463796 0.4892368 0.5264188 -0.09001957 -0.8454012 0.8395303 0.3463796 0.4207436 0.8571429 0.01956947 0.5146771 0.7690802 -0.3033268 0.5636008 0.3072407 -0.4227006 -0.853229 0.8962818 -0.001956947 0.4422701 0.8551859 0.3522505 0.3796478 0.667319 0.6497065 0.3620352 0.9217221 -0.005870841 0.3874756 0.3659491 0.8551859 0.3659491 0.8708415 0.3444227 0.3522505 0.6810176 0.6497065 0.3365949 0.3757339 0.8786693 0.295499 0.702544 0.6692759 0.2407045 0.3835616 0.9080235 0.1663405 0.7103718 0.6966732 0.09001957 0.925636 0.3796478 -0.007827789 0.9197652 0.3542074 0.1643836 0.9941292 0.01174168 -0.1056751 0.8923679 0.3424658 0.2915851 0.9960861 -0.01956947 0.08610567 0.9119374 -0.3600783 -0.1976517 0.9706458 -0.02739726 0.2407045 0.9178082 -0.3953033 0.01174168 0.6947162 -0.6653621 -0.2720157 0.9412916 -0.02152642 0.334638 0.8982387 -0.3972603 0.1878669 0.7005871 -0.7123288 -0.04892368 0.3776908 -0.8708415 -0.3131115 0 -0.9471624 -0.3228963 0.3776908 -0.9217221 -0.08414873 0 -0.9960861 -0.09197652 0.6868885 -0.7123288 0.1428571 0.369863 -0.9217221 0.1135029 0 -0.9941292 0.1017613 0.8688846 -0.3816047 0.3150685 0.6634051 -0.6868885 0.295499 0.3561644 -0.890411 0.2798434 0 -0.960861 0.2739726 0 -0.9138943 0.407045 0.3444227 -0.8454012 0.4050881 0 -0.8669276 0.4990215 0.6438356 -0.6516634 0.4011742 0.3287671 -0.8043053 0.4951076 0 -0.816047 0.5792564 0.8473581 -0.3561644 0.3953033 0.6183953 -0.6223092 0.481409 0.3111546 -0.7455969 0.5890411 0 -0.5244619 -0.851272 0.5831702 -0.5733855 0.5753425 0.8180039 -0.3405088 0.4618395 0 0.8747554 -0.4853229 0 0.7005871 -0.7123288 -0.258317 0.8375734 -0.481409 0.258317 0.8375734 -0.481409 -0.1682975 0.6927593 -0.702544 -0.5225049 0.6829746 -0.5107632 0.1682975 0.6927593 -0.702544 0.5225049 0.6829746 -0.5107632 0 0.4892368 -0.8727984 -0.3913894 0.5988258 -0.6986302 0.3913894 0.5988258 -0.6986302 -0.1624266 0.4461839 -0.8806262 -0.479452 0.4109589 -0.7749511 -0.6712329 0.4363992 -0.6007828 -0.2054795 0.2739726 -0.9393346 -0.4931507 0.2465753 -0.8336595 -0.704501 0.1976517 -0.6829746 -0.4677104 0.07827789 -0.8806262 -0.6575342 -0.05088063 -0.7514677 -0.1604697 0.111546 -0.9804305 -0.3796478 -0.1076321 -0.9178082 -0.5048923 -0.2857143 -0.81409 -0.1663405 -0.1819961 -0.9686888 -0.2524462 -0.4148728 -0.8747554 0 0.07632094 -0.9980431 0 -0.1819961 -0.9843444 0 -0.444227 -0.8962818 0.2524462 -0.4148728 -0.8747554 0.1663405 -0.1819961 -0.9686888 0.5048923 -0.2857143 -0.81409 0 0.2798434 -0.960861 0.3796478 -0.1076321 -0.9178082 0.6575342 -0.05088063 -0.7514677 0.1604697 0.111546 -0.9804305 0.2054795 0.2739726 -0.9393346 0.4677104 0.07827789 -0.8806262 0.704501 0.1976517 -0.6829746 0.4931507 0.2465753 -0.8336595 0.6712329 0.4363992 -0.6007828 0.479452 0.4109589 -0.7749511 0.1624266 0.4461839 -0.8806262 -0.2172211 -0.8571429 0.4677104 0 -0.8943248 0.4500979 -0.2641879 -0.8043053 0.5322896 0 -0.8571429 0.516634 -0.5048923 -0.6497065 0.5694716 -0.4481409 -0.7240704 0.5225049 -0.3013699 -0.7318982 0.6125244 0 -0.7945206 0.6066536 -0.5440313 -0.5694716 0.6164383 -0.3170255 -0.6594912 0.6810176 0 -0.7201566 0.6927593 -0.7338552 -0.3679061 0.5714286 -0.7064579 -0.4187867 0.5694716 -0.8336595 -0.01565558 0.5518591 -0.7514677 -0.2994129 0.5890411 -0.8571429 0.02739726 0.5127202 -0.7945206 0.3522505 0.4951076 -0.5772994 -0.4931507 0.6497065 -0.8180039 0.3874756 0.4246575 -0.6418787 0.6457925 0.4129159 -0.8649706 0.08414873 0.4951076 -0.6653621 0.6653621 0.3385518 -0.4266145 0.8454012 0.3170255 -0.8199608 0.4246575 0.3835616 -0.7651663 -0.223092 0.6046967 -0.4403131 0.8669276 0.2367906 -0.2524462 0.9236791 0.2857143 -0.6790606 0.6790606 0.2798434 -0.2700587 0.9432485 0.1878669 -0.0998043 0.960861 0.260274 -0.4696673 0.8669276 0.1643836 -0.1154599 0.9823875 0.1506849 0 0.9667319 0.2544031 -0.3052838 0.9471624 0.09393346 -0.704501 0.6771037 0.2172211 0 0.9902152 0.1389433 -0.516634 0.851272 0.09001957 -0.1409002 0.9882583 0.05088063 -0.3424658 0.9393346 0.009784736 0.1154599 0.9823875 0.1506849 0.0998043 0.960861 0.260274 0 1 0.0332681 0.2700587 0.9432485 0.1878669 0.2524462 0.9236791 0.2857143 0.1409002 0.9882583 0.05088063 0.3052838 0.9471624 0.09393346 0.4403131 0.8669276 0.2367906 0.4266145 0.8454012 0.3170255 0.4696673 0.8669276 0.1643836 0.6653621 0.6653621 0.3385518 0.6418787 0.6457925 0.4129159 0.6790606 0.6790606 0.2798434 0.8180039 0.3874756 0.4246575 0.7945206 0.3522505 0.4951076 0.8199608 0.4246575 0.3835616 0.8571429 0.02739726 0.5127202 0.8336595 -0.01565558 0.5518591 0.8649706 0.08414873 0.4951076 0.7338552 -0.3679061 0.5714286 0.7064579 -0.4187867 0.5694716 0.4481409 -0.7240704 0.5225049 0.7514677 -0.2994129 0.5890411 0.5048923 -0.6497065 0.5694716 0.2172211 -0.8571429 0.4677104 0.2641879 -0.8043053 0.5322896 0 -0.8943248 0.4500979 0 -0.8571429 0.516634 0.5440313 -0.5694716 0.6164383 0.3013699 -0.7318982 0.6125244 0 -0.7945206 0.6066536 0.3170255 -0.6594912 0.6810176 0 -0.7201566 0.6927593 0.5772994 -0.4931507 0.6497065 0.3365949 -0.5714286 0.7475538 0 -0.6418787 0.7651663 0 -0.5499021 0.8356164 0.7651663 -0.223092 0.6046967 0.369863 -0.4637965 0.8062623 0.5988258 -0.4011742 0.6927593 0 0.4520548 0.8923679 0.6262231 -0.2720157 0.7299413 0.7808219 -0.1428571 0.6066536 0.8610567 0.1448141 0.4892368 0.8375734 0.3150685 0.4461839 0.8688846 0.1702544 0.4657534 0.8219178 0.4500979 0.3463796 0.8434442 0.4422701 0.3072407 0.704501 0.6771037 0.2172211 0.6947162 0.6868885 0.2172211 0.7358121 0.6536204 0.1741683 0.516634 0.851272 0.09001957 0.5675147 0.8219178 0.04696673 0.3424658 0.9393346 0.009784736 0.3835616 0.9236791 0.02544031 0.3659491 0.9295499 -0.04500978 0.1624266 0.9863014 -0.0332681 0.1663405 0.9804305 -0.1017613 0 0.9980431 -0.04892368 0 1 -0.0332681 0 0.9941292 -0.1135029 -0.1624266 0.9863014 -0.0332681 -0.1663405 0.9804305 -0.1017613 -0.3835616 0.9236791 0.02544031 -0.3659491 0.9295499 -0.04500978 -0.5675147 0.8219178 0.04696673 -0.6947162 0.6868885 0.2172211 -0.7358121 0.6536204 0.1741683 -0.8434442 0.4422701 0.3072407 -0.8375734 0.3150685 0.4461839 -0.8219178 0.4500979 0.3463796 -0.8688846 0.1702544 0.4657534 -0.8610567 0.1448141 0.4892368 -0.7808219 -0.1428571 0.6066536 -0.5988258 -0.4011742 0.6927593 -0.6262231 -0.2720157 0.7299413 -0.369863 -0.4637965 0.8062623 0 -0.5499021 0.8356164 -0.3365949 -0.5714286 0.7475538 0 -0.6418787 0.7651663</float_array>
          <technique_common>
            <accessor source="#Body__mBody-normal-array" count="1939" stride="3">
              <param name="X" type="float" />
              <param name="Y" type="float" />
              <param name="Z" type="float" />
            </accessor>
          </technique_common>
        </source>
        <source id="Body__mBody-color">
          <float_array id="Body__mBody-color-array" count="7756">0 0 0 0 0 0 0 0 0 0 0 0 0 0 0 0 0 1 0 0 0 0 0 0 0 1 0 0 0 0 0 0 0 0 0 0 0 0 0 0 0 0 0 0 0 0 0 0 0 1 0 0 0 0 0 0 0 0 0 0 0 0 0 0 0 0 0 0 0 0 0 0 0 0 0 0 0 0 0 0 0 0 0 0 0 0 0 0 0 0 0 0 0 0 0 0 0 0 0 0 0 0 0 0 0 0 0 0 0 0 0 0 0 0 0 0 0 0 0 0 0 0 0 0 0 0 0 0 0 0 0 0 0 0 0 0 0 0 0 0 0 0 0 0 0 0 0 0 0 0 0 0 0 1 0 0 0 1 0 0 0 0 0 0 0 0 0 0 0 0 0 0 0 0 0 0 0 1 0 0 0 0 0 0 0 0 0 0 0 1 0 0 0 0 0 0 0 0 0 0 0 0 0 0 0 0 0 0 0 0 0 0 0 0 0 0 0 0 0 0 0 0 0 0 0 0 0 0 0 0 0 0 0.2 0 0 0 0 0 0 0 0.2 0 0 0 0 0 0 0 0 1 0 0 0.2 0 0 0 0.2 0 0 0 0.2 0 0 0 0 1 0 0 0.5019608 0 0 0 0.2 0 0 0 0 1 0 0 0.2 0 0 0 0.5019608 0 0 0 0.5019608 0 0 0 0.5019608 0 0 0 0.5019608 0 0 0 1 0 0 0 1 0 0 0 1 0 0 0 1 0 0 0 0 0 0 0 0 0 0 0 0 0 0 0 0 0 0 0 0 0 0 0 0 0 0 0 0 0 0 0 0 0 0 0 0 0 0 0 0 0 0 0 0 0 0 0 0 0 0 0 0 0 0 0 0 0 0 0 0 0 0 0 1 0 0 0 0 0 0 0 0 0 0 0 1 0 0 0 0.5019608 0 0 0 0 0 0 0 0.5019608 0 0 0 1 0 0 0 0.2 0 0 0 0.5019608 0 0 0 0 0 0 0 0.2 0 0 0 1 0 0 0 0.5019608 0 0 0 0 0 0 0 0 0 0 0 0 1 0 0 0 1 0 0 0.2 0 0 0 0.2 0 0 0 0 1 0 0 0.5019608 0 0 0 0.2 0 0 0 0 1 0 0 0.2 0 0 0 0.5019608 0 0 0 0.5019608 0 0 0 0.5019608 0 0 0 1 0 0 0 1 0 0 0 1 0 0 0 1 0 0 0 0 0 0 0 0 0 0 0 0 0 0 0 0 0 0 0 0 0 0 0 0 0 0 0 0 0 0 0 0 0 0 0 0 0 0 0 0 0 0 0 0 0 0 0 0 0 0 0 0 0 0 0 0 0 0 0 0 0 0 0 0 0 0 1 0 0 0 1 0 0 0 1 0 0 0 1 0 0 0 1 0 0 0 1 0 0 0 1 0 0 0 1 0 0 0 0.9019608 0 0 0 0.9019608 0 0 0 0.9019608 0 0 0 0 0 0 0 0 0 0 0 1 0 0 0 0 0 0 0 0 0 0 0 0.9019608 0 0 0 1 0 0 0 1 0 0 0 1 0 0 0 0.9019608 0 0 0 1 0 0 0 1 0 0 0 0.9019608 0 0 0 1 0 0 0 1 0 0 0 1 0 0 0 0.9019608 0 0 0 1 0 0 0 1 0 0 0 1 0 0 0 0.9019608 0 0 0 1 0 0 0 1 0 0 0 1 0 0 0 1 0 0 0 0 0 0 0 1 0 0 0 1 0 0 0 1 0 0 0 1 0 0 0 1 0 0 0 1 0 0 0 1 0 0 0 1 0 0 0 1 0 0 0 0 0 0 0 0 0 0 0 1 0 0 0 1 0 0 0 0 0 0 0 0 0 0 0 0.9019608 0 0 0 1 0 0 0 0.9019608 0 0 0 0 0 0 0 0.9019608 0 0 0 1 0 0 0 1 0 0 0 1 0 0 0 1 0 0 0 1 0 0 0 1 0 0 0 1 0 0 0 1 0 0 0 1 0 0 0 0 0 0 0 1 0 0 0 0 0 0 0 0 0 0 0 0 0 0 0 0 0 0 0 0 0 0 0 0 0 0 0 0 0 0 0 0 0 0 0 0 0 0 0 0 0 0 0 0 0 0 0 0 0 0 0 0 0 0 0 0 0 0 0 0 1 0 0 0 0 0 0 0 0 0 0 0 0 0 0 0 0 0 0 0 0 0 0 0 0 0 0 0 0 0 0 0 0 0 0 0 0 0 0 0 0 0 0 0 0 0 0 0 0 0 0 0 0 0 0 0 0 0 0 0 0 0 0 0 0 0 0 0 0 0 0 0 0 0 0 0 0 0 0 0 0 0 0 0 0 1 0 0 0 0 0 0 0 1 0 0 0 0 0 0 0 1 0 0 0 0 0 0 0 0 0 0 0 0 0 0 0 0 0 0 0 0 0 0 0 0 0 0 0 0 0 0 0 1 0 0 0 0 0 0 0 0 0 0 0 0 0 0 0 0 0 0 0 0 0 0 0 0 0 0 0 0 0 0 0 1 0 0 0 1 0 0 0.2 0 0 0 0.2 0 0 0 0.5019608 0 0 0 0.2 0 0 0 0.5019608 0 0 0 1 0 0 0 0 0 0 0 1 0 0 0 0 0 0 0 0.5019608 0 0 0 0.2 0 0 0 0 0 0 0 0 0 0 0 0 0 0 0 0 0 0 0 0.2 0 0 0 0 0 0 0 0 0 0 0 0.5019608 0 0 0 0 0 0 0 0 0 0 0 0 0 0 0 0 0 0 0 0 0 0 0 0 0 0 0 0 0 0 0 0 0 0 0 0 0 0 0 0 0 0 0 0 0 0 0 0 0 0 0 0 0 0 0 0 0 0 0 0 0 0 0 0 0 0 0 0 0 0 0 0 0 0 0 0 0 0 0 0 0 0 0 0 0 0 0 0.2 0 0 0 0 0 0 0 0.5019608 0 0 0 0.2 0 0 0 0.5019608 0 0 0 1 0 0 0 0.5019608 0 0 0 1 0 0 0 1 0 0 0 1 0 0 0 1 0 0 0 0 0 0 0 0 0 0 0 0 0 0 0 0 0 0 0 0 0 0 0 0 0 0 0 0 0 0 0 0 0 0 0 0 0 0 0 0 0 0 0 0 0 0 0 0 0 0 1 0 0 0 1 0 0 0 1 0 0 0 0 0 0 0 1 0 0 0 1 0 0 0 1 0 0 0 1 0 0 0 1 0 0 0 0.9019608 0 0 0 0.9019608 0 0 0 0 0 0 0 0 0 0 0 0.9019608 0 0 0 0.9019608 0 0 0 0 0 0 0 1 0 0 0 0.9019608 0 0 0 0 0 0 0 1 0 0 0 1 0 0 0 0 0 0 0 1 0 0 0 0 0 0 0 0 0 0 0 0 0 0 0 1 0 0 0 0 0 0 0 0 0 0 0 0 0 0 0 0 0 0 0 0 1 0 0 0 0 0 0 0 0 0 0 0 0 0 0 0 0 0 0 0 0.5019608 0 0 0 1 0 0 0 0.2 0 0 0 0.5019608 0 0 0 1 0 0 0 0.2 0 0 0 0 0 0 0 0.5019608 0 0 0 0.2 0 0 0 0 0 0 0 0 0 0 0 0.2 0 0 0 0 0 0 0 0 0 0 0 0 0 0 0 0 0 0 0 0 0 0 0 0 0 0 0 0 0 0 0 0 0 0 0 0 0 0 0 0 0 0 0 0 0 0 0 0 0 0 0 0 0 0 0 0 0 0 0 0 0 0 0 0 0 0 0 0 0 0 0 0 0 0 0 0 0 0 0 0 0 0 0 0 0 0 0 0 0 0 0 0 0 0 0 0 0 0 0 0.2 0 0 0 0.2 0 0 0 0 0 0 0 0.5019608 0 0 0 0 0 0 0 0 0 0 0 0 1 0 0 0 1 0 0 0 1 0 0 0 1 0 0 0.2 0 0 0 0.2 0 0 0 0.5019608 0 0 0 0.5019608 0 0 0 1 0 0 0 0.5019608 0 0 0 1 0 0 0 0 0 0 0 1 0 0 0 0 0 0 0 0 0 0 0 0 0 0 0 0 0 0 0 0 0 0 0 0 0 0 0 0 0 0 0 0 0 0 0 0 0 0 1 0 0 0 1 0 0 0 1 0 0 0 1 0 0 0 1 0 0 0 1 0 0 0 0.9019608 0 0 0 0.9019608 0 0 0 0 0 0 0 0 0 0 0 0.9019608 0 0 0 0.9019608 0 0 0 0 0 0 0 1 0 0 0 1 0 0 0 1 0 0 0 0.9019608 0 0 0 0 0 0 0 0 0 0 0 1 0 0 0 0 0 0 0 0 0 0 0 1 0 0 0 1 0 0 0 0 0 0 0 0 0 0 0 0 1 0 0 0 0 0 0 0 1 0 0 0 0 0 0 0 0 0 0 0 0.5019608 0 0 0 0 0 0 0 0 0 0 1 0 0 0 1 0 0 0 1 0 0 0 0.9019608 0 0 0 1 0 0 0 1 0 0 0 0 0 0 0 1 0 0 0 0.9019608 0 0 0 1 0 0 0 1 0 0 0 1 0 0 0 0.9019608 0 0 0 1 0 0 0 1 0 0 0 1 0 0 0 0.9019608 0 0 0 1 0 0 0 1 0 0 0 0.9019608 0 0 0 1 0 0 0 0 0 0 0 0 0 0 0 0 0 0 0 0 0 0 0 0 0 0 0 0 0 1 0 0 0 1 0 0 0 0 0 0 0 0 0 0 0 0 0 0 0 0 0 0 0 0 0 0 0 0 0 0 0 0 0 0 0 0 0 0 0 0 0 0 0 0 0 0 0 0 0 0 0 0 0 0 0 0 0 0 0 0 0 0 0 0 0 0 0 0 0 0 0 0 0 0 0 0 0 0 0 0 0 0 0 0 0 0 0 0 0 0 0 0 0 0 0 0 0 0 0 0 0 0 0 0 0 0 0 0 0 0 0 0 0 0 0 0 0 0 0 0 0 0 0 0 0 0 0 0 0 0 0 0 0 0 0 0 0 0 0 0 0 0 0 0 0 0 0 0 0 0 0 0 0 0 0 0 0 0 0 0 0 0 0 0 0 0 0 0 0 0 0 0 0 0 0 0 0 0 0 0 0 0 0 0 0 0 0 0 0 0 0 0 0 0 0 0 0 0 0 0 0 0 0 0 0 0 0 0 0 0 0 0 0 0 0 0 0 0 0 0 0 0 0 0 0 0 0 0 0 0 0 0 0 0 0 0 0 0 0 0 0 0 0 0 0 0 0 0 0 0 0 0 0 0 0 0 0 0 0 0 0 0 0 0 0 0 0 0 0 0 0 0 0 0 0 0 0 0 0 0 0 0 0 0 0 0 0 0 0 0 0 0 0 0 0 0 0 0 0 0 0 0 0 0 0 0 0 0 0 0 0 0 0 0 0 0 0 0 0 0 0 0 0 0 0 0 0 0 0 0 0 0 0 0 0 0 0 0 0 0 0 0 0 0 0 0 0 0 0 0 0 0 0 0 0 0 0 0 0 0 0 0 0 0 0 0 0 0 0 0 0 0 0 0 0 0 0 0 0 0 0 0 0 0 0 0 0 0 0 0 0 0 0 0 0 0 0 0 0 0 0 0 0 0 0 0 0 0 0 0 0 0 0 0 0 0 0 0 0 0 0 0 0 0 0 0 0 0 0 0 0 0 0 0 0 0 0 0 0 0 0 0 0 0 0 0 0 0 0 0 0 0 0 0 0 0 0 0 0 0 0 0 0 0 0 0 0 0 0 0 0 0 0 0 0 0 0 0 0 0 0 0 0 0 0 0 0 0 0 0 0 0 0 0 0 0 0 0 0 0 0 0 0 0 0 0 0 0 0 0 0 0 0 0 0 0 0 0 0 0 0 0 0 0 0 0 0 0 0 0 0 0 0 0 0 0 0 0 0 0 0 0 0 0 0 0 0 0 0 0 0 0 0 0 0 0 0 0 0 0 0 0 0 0 0 0 0 0 0 0 0 0 0 0 0 0 0 0 0 0 0 0 0 0 0 0 0 0 0 0 0 0 0 0 0 0 0 0 0 0 0 0 0 0 0 0 0 0 0 0 0 0 0 0 0 0 0 0 0 0 0 0 0 0 0 0 0 0 0 0 0 0 0 0 0 0 0 0 0 0 0 0 0 0 0 0 0 0 0 0 0 0 0 0 0 0 0 0 0 0 0 0 0 0 0 0 0 0 0 0 0 0 0 0 0 0 0 0 0 0 0 0 0 0 0 0 0 0 0 0 0 0 0 0 0 0 0 0 0 0 0 0 0 0 0 0 0 0 0 0 0 0 0 0 0 0 0 0 0 0 0 0 0 0 0 0 0 0 0 0 0 0 0 0 0 0 0 0 0 0 0 0 0 0 0 0 0 0 0 0 0 0 0 0 0 0 0 0 0 0 0 0 0 0 0 0 0 0 0 0 0 0 0 0 0 0 0 0 0 0 0 0 0 0 0 0 0 0 0 0 0 0 0 0 0 0 0 0 0 0 0 0 0 0 0 0 0 0 0 0 0 0 0 0 0 0 0 0 0 0 0 0 0 0 0 0 0 0 0 0 0 0 0 0 0 0 0 0 0 0 0 0 0 0 0 0 0 0 0 0 0 0 0 0 0 0 0 0 0 0 0 0 0 0 0 0 0 0 0 0 0 0 0 0 0 0 0 0 0 0 0 0 0 0 0 0 0 0 0 0 0 0 0 0 0 0 0 0 0 0 0 0 0 0 0 0 0 0 0 0 0 0 0 0 0 0 0 0 0 0 0 0 0 0 0 0 0 0 0 0 0 0 0 0 0 0 0 0 0 0 0 0 0 0 0 0 0 0 0 0 0 0 0 0 0 0 0 0 0 0 0 0 0 0 0 0 0 0 0 0 0 0 0 0 0 0 0 0 0 0 0 0 0 0 0 0 0 0 0 0 0 0 0 0 0 0 0 0 0 0 0 0 0 0 0 0 0 0 0 0 0 0 0 0 0 0 0 0 0 0 0 0 0 0 0 0 0 0 0 0 0 0 0 0 0 0 0 0 0 0 0 0 0 0 0 0 0 0 0 0 0 0 0 0 0 0 0 0 0 0 0 0 0 0 0 0 0 0 0 0 0 0 0 0 0 0 0 0 0 0 0 0 0 0 0 0 0 0 0 0 0 0 0 0 0 0 0 0 0 0 0 0 0 0 0 0 0 0 0 0 0 0 0 0 0 0 0 0 0 0 0 0 0 0 0 0 0 0 0 0 0 0 0 0 0 0 0 0 0 0 0 0 0 0 0 0 0 0 0 0 0 0 0 0 0 0 0 0 0 0 0 0 0 0 0 0 0 0 0 0 0 0 0 0 0 0 0 0 0 0 0 0 0 0 0 0 0 0 0 0 0 0 0 0 0 0 0 0 0 0 0 0 0 0 0 0 0 0 0 0 0 0 0 0 0 0 0 0 0 0 0 0 0 0 0 0 0 0 0 0 0 0 0 0 0 0 0 0 0 0 0 0 0 0 0 0 0 0 0 0 0 0 0 0 0 0 0 0 0 0 0 0 0 0 0 0 0 0 0 0 0 0 0 0 0 0 0 0 0 0 0 0 0 0 0 0 0 0 0 0 0 0 0 0 0 0 0 0 0 0 0 0 0 0 0 0 0 0 0 0 0 0 0 0 0 0 0 0 0 0 0 0 0 0 0 0 0 0 0 0 0 0 0 0 0 0 0 0 0 0 0 0 0 0 0 0 0 0 0 0 0 0 0 0 0 0 0 0 0 0 0 0 0 0 0 0 0 0 0 0 0 0 0 0 0 0 0 0 0 0 0 0 0 0 0 0 0 0 0 0 0 0 0 0 0 0 0 0 0 0 0 0 0 0 0 0 0 0 0 0 0 0 0 0 0 0 0 0 0 0 0 0 0 0 0 0 0 0 0 0 0 0 0 0 0 0 0 0 0 0 0 0 0 0 0 0 0 0 0 0 0 0 0 0 0 0 0 0 0 0 0 0 0 0 0 0 0 0 0 0 0 0 0 0 0 0 0 0 0 0 0 0 0 0 0 0 0 0 0 0 0 0 0 0 0 0 0 0 0 0 0 0 0 0 0 0 0 0 0 0 0 0 0 0 0 0 0 0 0 0 0 0 0 0 0 0 0 0 0 0 0 0 0 0 0 0 0 0 0 0 0 0 0 0 0 0 0 0 0 0 0 0 0 0 0 0 0 0 0 0 0 0 0 0 0 0 0 0 0 0 0 0 0 0 0 0 0 0 0 0 0 0 0 0 0 0 0 0 0 0 0 0 0 0 0 0 0 0 0 0 0 0 0 0 0 0 0 0 0 0 0 0 1 0 0 0 0 0 0 0 1 0 0 0 1 0 0 0 0 0 0 0 1 0 0 0 1 0 0 0 0 0 0 0 1 0 0 0 1 0 0 0 1 0 0 0 1 0 0 0 1 0 0 0 1 0 0 0 1 0 0 0 1 0 0 1 0 0 0 0 1 0 0 0 1 0 0 1 0 0 0 1 0 0 0 1 0 0 0 1 0 0 0 1 0 0 0 1 0 0 0 1 0 0 0 1 0 0 0 1 0 0 0 1 0 0 0 0 1 0 0 1 0 0 0 1 0 0 0 1 0 0 0 1 0 0 0 1 0 0 0 1 0 0 0 1 0 0 0 1 0 0 0 1 0 0 0 0 1 0 0 1 0 0 0 1 0 0 0 1 0 0 0 1 0 0 0 0 1 0 0 0 1 0 0 1 0 0 0 1 0 0 0 0 1 0 0 0 1 0 0 0 1 0 0 0 1 0 0 0 1 0 0 0 1 0 0 0 0 0 0 0 1 0 0 0 1 0 0 0 0 0 0 0 0 0 0 0 1 0 0 0 0 0 0 0 0 0 0 0 0 0 0 0 0 0 0 0 0 0 0 0 0 0 0 0 0 0 0 0 0 0 0 0 0 0 0 0 0 0 0 0 0 0 0 0 0 0 0 0 0 0 0 0 0 0 0 0 0 0 0 0 0 0 0 0 0 0 0 0 0 0 0 0 0 0 0 0 0 0 0 0 0 0 0 0 1 0 0 0 1 0 0 0 1 0 0 0 1 0 0 0 1 0 0 0 1 0 0 0 1 0 0 0 1 0 0 0 1 0 0 0 1 0 0 0 1 0 0 1 0 0 0 0 1 0 0 1 0 0 0 1 0 0 0 1 0 0 0 1 0 0 0 1 0 0 0 0 0 0 0 0 0 0 0 0 0 0 0 0 0 0 0 0 0 0 0 0 0 0 0 0 0 0 0 0 0 0 0 0 0 0 0 0 0 0 0 0 0 0 0 0 0 0 0 0 0 0 0 0 1 0 0 0 0 0 0 0 1 0 0 0 1 0 0 0 0 0 0 0 1 0 0 0 1 0 0 0 0 0 0 0 1 0 0 0 1 0 0 0 1 0 0 0 1 0 0 0 1 0 0 0 1 0 0 0 1 0 0 0 1 0 0 1 0 0 0 0 1 0 0 0 1 0 0 1 0 0 0 1 0 0 0 1 0 0 0 1 0 0 0 1 0 0 0 1 0 0 0 1 0 0 0 1 0 0 0 1 0 0 0 1 0 0 0 0 1 0 0 1 0 0 0 1 0 0 0 1 0 0 0 1 0 0 0 1 0 0 0 1 0 0 0 1 0 0 0 1 0 0 0 1 0 0 0 0 1 0 0 1 0 0 0 1 0 0 0 1 0 0 0 1 0 0 0 0 1 0 0 0 1 0 0 1 0 0 0 1 0 0 0 0 1 0 0 0 1 0 0 0 1 0 0 0 1 0 0 0 1 0 0 0 1 0 0 0 0 0 0 0 1 0 0 0 0 0 0 0 0 0 0 0 1 0 0 0 1 0 0 0 0 0 0 0 0 0 0 0 0 0 0 0 0 0 0 0 0 0 0 0 0 0 0 0 0 0 0 0 0 0 0 0 0 0 0 0 0 0 0 0 0 0 0 0 0 0 0 0 0 0 0 0 0 0 0 0 0 0 0 0 0 0 0 0 0 0 0 0 0 0 0 0 0 0 0 0 0 0 0 0 0 0 0 0 1 0 0 0 1 0 0 0 1 0 0 0 1 0 0 0 1 0 0 0 1 0 0 0 1 0 0 0 1 0 0 0 1 0 0 0 1 0 0 0 1 0 0 1 0 0 0 0 1 0 0 1 0 0 0 1 0 0 0 1 0 0 0 1 0 0 0 1 0 0 0 0 0 0 0 0 0 0 0 0 0 0 0 0 0 0 0 0 0 0 0 0 0 0 0 0 0 0 0 0 0 0 0 0 0 0 0 0 0 0 0 0 0 0 0 0 0 0 0 0 0 0 0 0 0 0 0 0 0 0 0 0 0 0 0 0 0 0 0 0 0 0 0 0 0 0 0 0 0 0 0 0 0 0 0 0 0 0 0 0 0 0 0 0 0 0 0 0 0 0 0 0 0 0 0 0 0 0 0 0 0 0 0 0 0 0 0 0 0 0 0 0 0 0 0 0 0 0 0 0 0 0 0 0 0 0 0 0 0 0 0 0 0 0 0 0 0 0 0 0 0 0 0 0 0 0 0 0 0 0 0 0 0 0 0 0 0 0 0 0 0 0 0 0 0 0 0 0 0 0 0 0 0 0 0 0 0 0 0 0 0 0 0 0 0 0 0 0 0 0 0 0 0 0 0 0 0 0 0 0 0 0 0 0 0 0 0 0 0 0 0 0 0 0 0 0 0 0 0 0 0 0 0 0 0 0 0 0 0 0 0 0 0 0 0 0 0 0 0 0 0 0 0 0 0 0 0 0 0 0 0 0 0 0 0 0 0 0 0 0 0 0 0 0 0 0 0 0 0 0 0 0 0 0 0 0 0 0 0 0 0 0 0 0 0 0 0 0 0 0 0 0 0 0 0 0 0 0 0 0 0 0 0 0 0 0 0 0 0 0 0 0 0 0 0 0 0 0 0 0 0 0 0 0 0 0 0 0 0 0 0 0 0 0 0 0 0 0 0 0 0 0 0 0 0 0 0 0 0 0 0 0 0 0 0 0 0 0 0 0 0 0 0 0 0 0 0 0 0 0 0 0 0 0 0 0 0 0 0 0 0 0 0 0 0 0 0 0 0 0 0 0 0 0 0 0 0 0 0 0 0 0 0 0 0 0 0 0 0 0 0 0 0 0 0 0 0 0 0 0 0 0 0 0 0 0 0 0 0 0 0 0 0 0 0 0 0 0 0 0 0 0 0 0 0 0 0 0 0 0 0 0 0 0 0 0 0 0 0 0 0 0 0 0 0 0 0 0 0 0 0 0 0 0 0 0 0 0 0 0 0 0 0 0 0 0 0 0 0 0 0 0 0 0 0 0 0 0 0 0 0 0 0 0 0 0 0 0 0 0 0 0 0 0 0 0 0 0 0 0 0 0 0 0 0 0 0 0 0 0 0 0 0 0 0 0 0 0 0 0 0 0 0 0 0 0 0 0 0 0 0 0 0 0 0 0 0 0 0 0 0 0 0 0 0 0 0 0 0 0 0 0 0 0 0 0 0 0 0 0 0 0 0 0 0 0 0 0 0 0 0 0 0 0 0 0 0 0 0 0 0 0 0 0 0 0 0 0 0 0 0 0 0 0 0 0 0 0 0 0 0 0 0 0 0 0 0 0 0 0 0 0 0 0 0 0 0 0 0 0 0 0 0 0 0 0 0 0 0 0 0 0 0 0 0 0 0 0 0 0 0 0 0 0 0 0 0 0 0 0 0 0 0 0 0 0 0 0 0 0 0 0 0 0 0 0 0 0 0 0 0 0 0 0 0 0 0 0 0 0 0 0 0 0 0 0 0 0 0 0 0 0 0 0 0 0 0 0 0 0 0 0 0 0 0 0 0 0 0 0 0 0 0 0 0 0 0 0 0 0 0 0 0 0 0 0 0 0 0 0 0 0 0 0 0 0 0 0 0 0 0 0 0 0 0 0 0 0 0 0 0 0 0 0 0 0 0 0 0 0 0 0 0 0 0 0 0 0 0 0 0 0 0 0 0 0 0 0 0 0 0 0 0 0 0 0 0 0 0 0 0 0 0 0 0 0 0 0 0 0 0 0 0 0 0 0 0 0 0 0 0 0 0 0 0 0 0 0 0 0 0 0 0 0 0 0 0 0 0 0 0 0 0 0 0 0 0 0 0 0 0 0 0 0 0 0 0 0 0 0 0 0 0 0 0 0 0 0 0 0 0 0 0 0 0 0 0 0 0 0 0 0 0 0 0 0 0 0 0 0 0 0 0 0 0 0 0 0 0 0 0 0 0 0 0 0 0 0 0 0 0 0 0 0 0 0 0 0 0 0 0 0 0 0 0 0 0 0 0 0 0 0 0 0 0 0 0 0 0 0 0 0 0 0 0 0 0 0 0 0 0 0 0 0 0 0 0 0 0 0 0 0 0 0 0 0 0 0 0 0 0 0 0 0 0 0 0 0 0 0 0 0 0 0 0 0 0 0 0 0 0 0 0 0 0 0 0 0 0 0 0 0 0 0 0 0 0 0 0 0 0 0 0 0 0 0 0 0 0 0 0 0 0 0 0 0 0 0 0 0 0 0 0 0 0 0 0 0 0 0 0 0 0 0 0 0 0 0 0 0 0 0 0 0 0 0 0 0 0 0 0 0 0 0 0 0 0 0 0 0 0 0 0 0 0 0 0 0 0 0 0 0 0 0 0 0 0 0 0 0 0 0 0 0 0 0 0 0 0 0 0 0 0 0 0 0 0 0 0 0 0 0 0 0 0 0 0 0 0 0 0 0 0 0 0 0 0 0 0 0 0 0 0 0 0 0 0 0 0 0 0 0 0 0 0 0 0 0 0 0 0 0 0 0 0 0 0 0 0 0 0 0 0 0 0 0 0 0 0 0 0 0 0 0 0 0 0 0 0 0 0 0 0 0 0 0 0 0 0 0 0 0 0 0 0 0 0 0 0 0 0 0 0 0 0 0 0 0 0 0 0 0 0 0 0 0 0 0 0 0 0 0 0 0 0 0 0 0 0 0 0 0 0 0 0 0 0 0 0 0 0 0 0 0 0 0 0 0 0 0 0 0 0 0 0 0 0 0 0 0 0 0 0 0 0 0 0 0 0 0 0 0 0 0 0 0 0 0 0 0 0 0 0 0 0 0 0 0 0 0 0 0 0 0 0 0 0 0 0 0 0 0 0 0 0 0 0 0 0 0 0 0 0 0 0 0 0 0 0 0 0 0 0 0 0 0 0 0 0 0 0 0 0 0 0 0 0 0 0 0 0 0 0 0 0 0 0 0 0 0 0 0 0 0 0 0 0 0 0 0 0 0 0 0 0 0 0 0 0 0 0 0 0 0 0 0 0 0 0 0 0 0 0 0 0 0 0 0 0 0 0 0 0 0 0 0 0 0 0 0 0 0 0 0 0 0 0 0 0 0 0 0 0 0 0 0 0 0 0 0 0 0 0 0 0 0 0 0 0 0 0 0 0 0 0 0 0 0 0 0 0 0 0 0 0 0 0 0 0 0 0 0 0 0 0 0 0 0 0 0 0 0 0 0 0 0 0 0 0 0 0 0 0 0 0 0 0 0 0 0 0 0 0 0 0 0 0 0 0 0 0 0 0 0 0 0 0 0 0 0 0 0 0 0 0 0 0 0 0 0 0 0 0 0 0 0 0 0 0 0 0 0 0 0 0 0 0 0 0 0 0 0 0 0 0 0 0 0 0 0 0 0 0 0 0 0 0 0 0 0 0 0 0 0 0 0 0 0 0 0 0 0 0 0 0 0 0 0 0 0 0 0 0 0 0 0 0 0 0 0 0 0 0 0 0 0 0 0 0 0 0 0 0 0 0 0 0 0 0 0 0 0 0 0 0 0 0 0 0 0 0 0 0 0 0 0 0 0 0 0 0 0 0 0 0 0 0 0 0 0 0 0 0 0 0 0 0 0 0 0 0 0 0 0 0 0 0 0 0 0 0 0 0 0 0 0 0 0 0 0 0 0 0 0 0 0 0 0 0 0 0 0 0 0 0 0 0 0 0 0 0 0 0 0 0 0 0 0 0 0 0 0 0 0 0 0 0 0 0 0 0 0 0 0 0 0 0 0 0 0 0 0 0 0 0 0 0 0 0 0 0 0 0 0 0 0 0 0 0 0 0 0 0 0 0 0 0 0 0 0 0 0 0 0 0 0 0 0 0 0 0 0 0 0 0 0 0 0 0 0 0 0 0 0 0 0 0 0 0 0 0 0 0 0 0 0 0 0 0 0 0 0 0 0 0 0 0 0 0 0 0 0 0 0 0 0 0 0 0 0 0 0 0 0 0 0 0 0 0 0 0 0 0 0 0 0 0 0 0 0 0 0 0 0 0 0 0 0 0 0 0 0 0 0 0 0 0 0 0 0 0 0 0 0 0 0 0 0 0 0 0 0 0 0 0 0 0 0 0 0 0 0 0 0 0 0 0 0 0 0 0 0 0 0 0 0 0 0 0 0 0 0 0 0 0 0 0 0 0 0 0 0 0 0 0 0 0 0 0 0 0 0 0 0 0 0 0 0 0 0 0 0 0 0 0 0 0 0 0 0 0 0 0 0 0 0 0 0 0 0 0 0 0 0 0 0 0 0 0 0 0 0 0 0 0 0 0 0 0 0 0 0 0 0 0 0 0 0 0 0 0 0 0 0 0 0 0 0 0 0 0 0 0 0 0 0 0 0 0 0 0 0 0 0 0 0 0 0 0 0 0 0 0 0 0 0 0 0 0 0 0 0 0 0 0 0 0 0 0 0 0 0 0 0 0 0 0 0 0 0 0 0 0 0 0 0 0 0 0 0 0 0 0 0 0 0 0 0 0 0 0 0 0 0 0 0 0 0 0 0 0 0 0 0 0 0 0 0 0 0 0 0 0 0 0 0 0 0 0 0 0 0 0 0 0 0 0 0 0 0 0 0 0 0 0 0 0 0 0 0 0 0 0 0 0 0 0 0 0 0 0 0 0 0 0 0 0 0 0 0 0 0 0 0 0 0 0 0 0 0 0 0 0 0 0 0 0 0 0 0 0 0 0 0 0 0 0 0 0 0 0 0 0 0 0 0 0 0 0 0 0 0 0 0 0 0 0 0 0 0 0 0 0 0 0 0 0 0 0 0 0 0 0 0 0 0 0 0 0 0 0 0 0 0 0 0 0 0 0 0 0 0 0 0 0 0 0 0 0 0 0 0 0 0 0 0 0 0 0 0 0 0 0 0 0 0 0 0 0 0 0 0 0 0 0 0 0 0 0 0 0 0 0 0 0 0 0 0 0 0 0 0 0 0 0 0 0 0 0 0 0 0 0 0 0 0 0 0 0 0 0 0 0 0 0 0 0 0 0 0 0 0 0 0 0 0 0 0 0 0 0 0 0 0 0 0 0 0 0 0 0 0 0 0 0 0 0 0 0 0 0 0 0 0 0 0 0 0 0 0 0 0 0 0 0 0 0 0 0 0 0 0 0 0 0 0 0 0 0 0 0 0 0 0 0 0 0 0 0 0 0 0 0 0 0 0 0 0 0 0 0 0 0 0 0 0 0 0 0 0 0 0 0 0 0 0 0 0 0 0 0 0 0 0 0 0 0 0 0 0 0 0 0 0 0 0 0 0 0 0 0 0 0 0 0 0 0 0 0 0 0 0 0 0 0 0 0 0 0 0 0 0 0 0 0 0 0 0 0 0 0 0 0 0 0 0 0 0 0 0 0 0 0 0 0 0 0 0 0 0 0 0 0 0 0 0 0 0 0 0 0 0 0 0 0 0 0 0 0 0 0 0 0 0 0 0 0 0 0 0 0 0 0 0 0 0 0 0 0 0 0 0 0 0 0 0 0 0 0 0 0 0 0 0 0 0 0 0 0 0 0 0 0 0 0 0 0 0 0 0 0 0 0 0 0 0 0 0 0 0 0 0 0 0 0 0 0 0 0 0 0 0 0 0 0 0 0 0 0 0 0 0 0 0 0 0 0 0 0 0 0 0 0 0 0 0 0 0 0 0 0 0 0 0 0 0 0 0 0 0 0 0 0 0 0 0 0 0 0 0 0 0 0 0 0 0 0 0 0 0 0 0 0 0 0 0 0 0 0 0 0 0 0 0 0 0 0 0 0 0 0 0 0 0 0 0 0 0 0 0 0 0 0 0 0 0 0 0 0 0 0 0 0 0 0 0 0 0 0 0 0 0 0 0 0 0 0 0 0 0 0 0 0 0 0 0 0 0 0 0 0 0 0 0 0 0 0 0 0 0 0 0 0 0 0 0 0 0 0 0 0 0 0 0 0 0 0 0 0 0 0 0 0 0 0 0 0 0 0 0 0 0 0 0 0 0 0 0 0 0 0 0 0 0 0 0 0 0 0 0 0 0 0 0 0 0 0 0 0 0 0 0 0 0 0 0 0 0 0 0 0 0 0 0 0 0 0 0 0 0 0 0 0 0 0 0 0 0 0 0 0 0 0 0 0 0 0 0 0 0 0 0 0 0 0 0 0 0 0 0 0 0 0 0 0 0 0 0 0 0 0 0 0 0 0 0 0 0 0 0 0 0 0 0 0 0 0 0 0 0 0 0 0 0 0 0 0 0 0 0 0 0 0 0 0 0 0 0 0 0 0 0 0 0 0 0 0 0 0 0 0 0 0 0 0 0 0 0 0 0 0 0 0 0 0 0 0 0 0 0 0 0 0 0 0 0 0 0 0 0 0 0 0 0 0 0 0 0 0 0 0 0 0 0 0 0 0 0 0 0 0 0 0 0 0 0 0 0 0 0 0 0 0 0 0 0 0 0 0 0 0 0 0 0 0 0 0 0 0 0 0 0 0 0 0 0 0 0 0 0 0 0 0 0 0 0 0 0 0 0 0 0 0 0 0 0 0 0 0 0 0 0 0 0 0 0 0 0 0 0 0 0 0 0 0 0 0 0 0 0 0 0 0 0 0 0 0 0 0 0 0 0 0 0 0 0 0 0 0 0 0 0 0 0 0 0 0 0 0 0 0 0 0 0 0 0 0 0 0 0 0 0 0 0 0 0 0 0 0 0 0 0 0 0 0 0 0 0 0 0 0 0 0 0 0 0 0 0 0 0 0 0 0 0 0 0 0 0 0 0 0 0 0 0 0 0 0 0 0 0 0 0 0 0 0 0 0 0 0 0 0 0 0 0 0 0 0 0 0 0 0 0 0 0 0 0 0 0 0 0 0 0 0 0 0 0 0 0 0 0 0 0 0 0 0 0 0 0 0 0 0 0 0 0 0 0 0 0 0 0 0 0 0 0 0 0 0 0 0 0 0 0 0 0 0 0 0 0 0 0 0 0 0 0 0 0 0 0 0 0 0 0 0 0 0 0 0 0 0 0 0 0 0 0 0 0 0 0 0 0 0 0 0 0 0 0 0 0 0 0 0 0 0 0 0 0 0 0 0 0 0 0 0 0 0 0 0 0 0 0 0 0 0 0 0 0 0 0 0 0 0 0 0 0 0 0 0 0 0 0 0 0 0 0 0 0 0 0 0 0 0 0 0 0 0 0 0 0 0 0 0 0 0 0 0 0 0 0 0 0 0 0 0 0 0 0 0 0 0 0 0 0 0 0 0 0 0 0 0 0 0 0 0 0 0 0 0 0 0 0 0 0 0 0 0 0 0 0 0 0 0 0 0 0 0 0 0 0 0 0 0 0 0 0 0 0 0 0 0 0 0 0 0 0 0 0 0 0 0 0</float_array>
          <technique_common>
            <accessor source="#Body__mBody-color-array" count="1939" stride="4">
              <param name="R" type="float" />
              <param name="G" type="float" />
              <param name="B" type="float" />
              <param name="A" type="float" />
            </accessor>
          </technique_common>
        </source>
        <source id="Body__mBody-texcoord">
          <float_array id="Body__mBody-texcoord-array" count="3878">0.8540475 0.6047456 0.849775 0.5960021 0.8601816 0.6005951 0.8553292 0.5897917 0.8693523 0.5952239 0.8601816 0.6005951 0.8646372 0.5779355 0.8472267 0.5781491 0.8451362 0.5842069 0.8432441 0.5901427 0.8331884 0.5858396 0.850721 0.5593042 0.8667125 0.5582971 0.8337682 0.5812619 0.821683 0.5841154 0.8553292 0.5897917 0.8432441 0.5901427 0.849775 0.5960021 0.8216678 0.5803616 0.8106813 0.5835813 0.8341039 0.5761349 0.8363622 0.55906 0.8213626 0.5757077 0.8107119 0.5798123 0.7996491 0.5803463 0.7996185 0.5841306 0.8107424 0.5750362 0.787625 0.5811399 0.7882811 0.5857786 0.8000305 0.5756619 0.7873503 0.5759823 0.776669 0.5842375 0.7787289 0.590219 0.8106966 0.5587243 0.7665827 0.5898833 0.7720302 0.5959868 0.774258 0.5780575 0.7609674 0.600473 0.7515221 0.5950713 0.7570001 0.5779355 0.7720302 0.5959868 0.7609674 0.600473 0.7671473 0.6045472 0.7706721 0.5593194 0.7547112 0.5584039 0.7850462 0.55906 0.765835 0.5433127 0.7493401 0.5416952 0.7815518 0.5437095 0.7994202 0.5587701 0.7979553 0.5435874 0.8106813 0.5435264 0.821973 0.5587549 0.8234226 0.5436484 0.8106813 0.5284047 0.8398108 0.5437552 0.8249332 0.5283284 0.7964294 0.5283131 0.8106813 0.5131152 0.7785153 0.5284047 0.7950256 0.5130847 0.7608301 0.5282063 0.7404898 0.5262531 0.7754635 0.5130084 0.7557793 0.512749 0.7350423 0.5123979 0.7195239 0.5232166 0.772549 0.4945144 0.7140002 0.5114977 0.6887007 0.5267262 0.6841077 0.514168 0.7504997 0.4931258 0.7290456 0.4916762 0.7062791 0.490196 0.6777294 0.4921035 0.7485161 0.4694591 0.6996109 0.4630961 0.6705883 0.4628366 0.725475 0.4664988 0.6969711 0.4355841 0.6667735 0.4318456 0.7244068 0.4398413 0.6972916 0.4111086 0.66804 0.4048982 0.6732738 0.3797207 0.7240558 0.4166629 0.7000381 0.3872892 0.748394 0.4436256 0.7489433 0.4212863 0.7255665 0.3927673 0.7712062 0.4466163 0.7494316 0.396521 0.7709468 0.4241398 0.7706416 0.3993438 0.7710078 0.472221 0.7921569 0.4262608 0.7921111 0.4487526 0.7926909 0.4736858 0.793164 0.4953842 0.8106813 0.4498207 0.8106813 0.4956588 0.8106813 0.4738994 0.8263371 0.5130847 0.8281987 0.4953842 0.8428321 0.5284352 0.8458992 0.5130084 0.8286717 0.4736858 0.8487983 0.4945144 0.8605325 0.5281758 0.8555428 0.5432975 0.8720683 0.5415884 0.8808728 0.5262226 0.8655833 0.512749 0.8863203 0.5123979 0.9018235 0.5232166 0.8708629 0.4931258 0.9073625 0.5114977 0.932662 0.5267109 0.9372549 0.514168 0.8923018 0.4916762 0.9150683 0.490196 0.9436332 0.4921035 0.8728313 0.4694591 0.9217365 0.4630961 0.9507744 0.4628366 0.8958724 0.4664988 0.9243916 0.4355841 0.9545891 0.4318456 0.8969558 0.4398413 0.9240711 0.4111086 0.9533074 0.4048982 0.9480736 0.3797207 0.8973068 0.4166629 0.9213092 0.3872892 0.8729534 0.4436256 0.8724193 0.4212863 0.8957809 0.3927673 0.8501564 0.4466163 0.871931 0.396521 0.8504158 0.4241398 0.8507057 0.3993438 0.8721446 0.3728999 0.8936294 0.3697566 0.9163653 0.364599 0.9391165 0.3562219 0.8907301 0.3548943 0.9111925 0.3498894 0.9312581 0.3412527 0.8741741 0.3575952 0.8847181 0.3405356 0.9047837 0.334844 0.9216449 0.3279622 0.9137865 0.3168231 0.8850843 0.3242695 0.8591592 0.329488 0.8604562 0.3228351 0.8346533 0.310811 0.855314 0.3451743 0.8531929 0.3587854 0.8336766 0.3333943 0.8515602 0.3747005 0.8339055 0.3467155 0.8326696 0.3599145 0.8316625 0.3761806 0.8106813 0.3469291 0.8106813 0.360647 0.8106813 0.3335012 0.7886778 0.3599145 0.7874571 0.3467155 0.8106813 0.3184558 0.787686 0.3333943 0.7681544 0.3587854 0.7660487 0.3451743 0.8214999 0.3162737 0.8298771 0.3140917 0.8237888 0.3005417 0.8210117 0.2824292 0.8252231 0.2837873 0.8173648 0.3001145 0.816083 0.2822309 0.8106813 0.3003281 0.8106813 0.2822309 0.8052796 0.2822309 0.8039979 0.3001145 0.8003357 0.2824292 0.7998627 0.3162737 0.7975585 0.3005417 0.7867094 0.310811 0.7961395 0.2837873 0.7914702 0.3140917 0.7622034 0.329488 0.7609064 0.3228351 0.736263 0.3242695 0.7366446 0.3405356 0.7471732 0.3575952 0.7165789 0.334844 0.7075761 0.3168231 0.6997177 0.3279622 0.6901045 0.3412527 0.7101701 0.3498894 0.6822309 0.3562219 0.7306172 0.3548943 0.7049973 0.364599 0.7277333 0.3697566 0.7492027 0.3728999 0.7697871 0.3747005 0.7896849 0.3761806 0.7914397 0.4009156 0.8106813 0.3774472 0.8009766 0.389334 0.8106813 0.3840696 0.7953918 0.401297 0.8203708 0.389334 0.7922637 0.4163577 0.8013275 0.414313 0.8299077 0.4009156 0.8259708 0.401297 0.8290989 0.4163577 0.8200351 0.414313 0.8106813 0.4231937 0.8106813 0.4200962 0.8292058 0.4262608 0.8106813 0.4277104 0.8292363 0.4487526 0.8503395 0.472221 0.7777676 0.9575494 0.7698939 0.9591364 0.7683986 0.9537652 0.7779202 0.9507591 0.7899595 0.9478905 0.7779812 0.9437705 0.7668574 0.9481499 0.7683986 0.9537652 0.7903715 0.9399558 0.7583123 0.9586633 0.7698939 0.9591364 0.7613031 0.9626001 0.7554131 0.9685512 0.7494774 0.964828 0.7583123 0.9586633 0.7531548 0.9733425 0.7494774 0.964828 0.7448844 0.9694819 0.7555199 0.954879 0.7433585 0.9610742 0.7341726 0.9661707 0.7425803 0.9761349 0.7301442 0.9873045 0.7412833 0.9884489 0.7288777 0.9449149 0.7425803 0.9761349 0.7490654 0.9887694 0.7506828 0.9781185 0.7448844 0.9694819 0.7531548 0.9733425 0.7365225 0.9426413 0.7116808 0.9218738 0.7050736 0.9228656 0.7461662 0.9386587 0.7328146 0.9154803 0.7598535 0.9316853 0.7214313 0.8950027 0.7740444 0.9273823 0.7495689 0.9097276 0.6989395 0.9017624 0.6941634 0.9137408 0.679118 0.9062638 0.6886702 0.8803387 0.667277 0.8901198 0.6526131 0.8615549 0.7105058 0.8711681 0.6775921 0.8526131 0.6377966 0.8247349 0.7428397 0.8896315 0.6664073 0.8160983 0.6322271 0.7846494 0.7004349 0.8455482 0.7333028 0.8646372 0.7687648 0.9052873 0.762829 0.8841993 0.7876402 0.9237354 0.7840391 0.9025254 0.7557793 0.8600595 0.7806363 0.8813306 0.8006409 0.9216754 0.7252766 0.8396429 0.8010376 0.9376059 0.7991913 0.9001297 0.8003357 0.9461662 0.7897002 0.9556115 0.7779202 0.9507591 0.7777676 0.9575494 0.7998322 0.9544976 0.7899595 0.9478905 0.7998322 0.9544976 0.8107119 0.9544976 0.8106813 0.9456168 0.8106508 0.9365683 0.8106966 0.9206836 0.820264 0.9376669 0.820737 0.9216754 0.8106966 0.8995804 0.8210422 0.9462425 0.8107119 0.9544976 0.821622 0.9545891 0.7972229 0.8793011 0.8221561 0.9001297 0.7766995 0.8568551 0.8106966 0.8785535 0.7489433 0.8360571 0.7946593 0.8547799 0.7725185 0.833051 0.7432975 0.8073854 0.7923247 0.8311284 0.7691768 0.8059357 0.7168994 0.8087434 0.7902037 0.8053101 0.6908827 0.8116426 0.7412223 0.7815824 0.6621042 0.78262 0.7135119 0.7812924 0.6872816 0.7817502 0.6628062 0.7530785 0.6344091 0.7504692 0.6873579 0.7545586 0.7141985 0.7556421 0.6677806 0.7259327 0.6415503 0.7195392 0.6902724 0.7283436 0.6750134 0.6998855 0.6531319 0.6914626 0.6955978 0.7034562 0.7175555 0.7314565 0.7205768 0.707042 0.7019761 0.685832 0.6818647 0.6822613 0.6625468 0.674052 0.7240101 0.6879835 0.6895552 0.6657816 0.67187 0.6583657 0.6788434 0.645945 0.7089799 0.6540627 0.7091478 0.6683909 0.7304494 0.6676127 0.7470359 0.6492103 0.7445945 0.6883497 0.7495842 0.6648356 0.7790799 0.6307317 0.7429618 0.7082018 0.7676662 0.6870222 0.741619 0.7328908 0.7665522 0.7082781 0.7404593 0.7563897 0.7658198 0.733135 0.7661707 0.7566034 0.78822 0.7072709 0.788632 0.7333333 0.7674372 0.781384 0.7890898 0.7566186 0.7896391 0.7812619 0.8106813 0.733196 0.8106813 0.8049897 0.8106813 0.7810483 0.8106813 0.7566644 0.8322728 0.7566186 0.8317083 0.7812619 0.8106813 0.8304722 0.8311589 0.8053101 0.8106813 0.8541085 0.8290379 0.8311132 0.8521858 0.805951 0.8267033 0.8547799 0.8241398 0.8792859 0.8488594 0.8330358 0.8446631 0.8568551 0.8407263 0.8813459 0.8373083 0.9025101 0.8656749 0.8599527 0.8337072 0.9237201 0.8586099 0.884123 0.8526131 0.9052567 0.8308995 0.9400473 0.8472877 0.927367 0.8313573 0.9480125 0.8313573 0.9480125 0.821622 0.9545891 0.831693 0.9557641 0.8433356 0.9509117 0.8434882 0.9577478 0.8432441 0.9438621 0.8433356 0.9509117 0.8615244 0.9316243 0.8544137 0.9481956 0.8528572 0.9538872 0.8434882 0.9577478 0.8513314 0.9593042 0.8528572 0.9538872 0.8719158 0.9096208 0.8753033 0.9385977 0.8787518 0.8894942 0.8887923 0.9153887 0.900267 0.8948959 0.8883497 0.8644999 0.9112383 0.8710918 0.9098802 0.9218433 0.8963607 0.8395666 0.8850691 0.942565 0.922591 0.9017472 0.8926833 0.9448692 0.9165637 0.9228351 0.9273518 0.9137255 0.9422598 0.9062791 0.9327688 0.8803387 0.9541008 0.8901198 0.9687495 0.8615549 0.9437705 0.8526284 0.983566 0.8247349 0.9212329 0.8455329 0.9549401 0.8160983 0.9891356 0.7846494 0.9305714 0.8116579 0.9592584 0.78262 0.9585565 0.7530785 0.9869536 0.7504692 0.934081 0.7817502 0.953582 0.7259327 0.9798123 0.7195392 0.9340047 0.7545586 0.9310902 0.7283436 0.9463493 0.6998855 0.9682155 0.6914626 0.9257649 0.7034562 0.9394827 0.6822613 0.9588006 0.674052 0.9193866 0.685832 0.9317922 0.6657816 0.9494774 0.6583657 0.9425192 0.645945 0.9123675 0.6540627 0.9122149 0.6683909 0.890898 0.6676127 0.8743267 0.6492103 0.8973526 0.6879835 0.9007706 0.707042 0.8767681 0.6883497 0.8717632 0.6648356 0.8422828 0.6307317 0.9037918 0.7314565 0.8784009 0.7082018 0.9071488 0.7556421 0.8797436 0.7328908 0.8536965 0.6870222 0.8548104 0.7082781 0.8809034 0.7563897 0.8555428 0.733135 0.9078507 0.7812924 0.9045396 0.8087434 0.8801251 0.7815824 0.8780652 0.8073396 0.8551766 0.7566034 0.8539101 0.781384 0.8724803 0.835935 0.8327306 0.7333333 0.8331426 0.7072709 0.8106813 0.7071336 0.8317998 0.6867323 0.8484016 0.6633097 0.7895628 0.6867323 0.8311132 0.6304265 0.8289921 0.6026245 0.8247806 0.6040741 0.8281376 0.6621348 0.8218814 0.630457 0.8192874 0.6041504 0.8106813 0.686595 0.8106813 0.661616 0.8106813 0.6307164 0.8106813 0.6040283 0.8020599 0.6041504 0.793225 0.6621348 0.7994812 0.630457 0.796582 0.6040741 0.772961 0.6633097 0.7902495 0.6304265 0.7923705 0.6026245 0.8725261 0.9888151 0.8702068 0.9782864 0.8785077 0.9762264 0.8805066 0.9884184 0.8785077 0.9762264 0.8924086 0.9870909 0.8878309 0.9660792 0.8762951 0.9695735 0.8702068 0.9782864 0.867689 0.9734951 0.8780652 0.9611048 0.8716411 0.9649195 0.867689 0.9734951 0.8654307 0.96878 0.8716411 0.9649195 0.8597848 0.9627374 0.8628824 0.9587548 0.8657817 0.9549096 0.8513314 0.9593042 0.8597848 0.9627374 0.3549401 0.3746395 0.3624018 0.3684596 0.3600366 0.375494 0.3647517 0.377142 0.3789731 0.3781033 0.3890745 0.3642939 0.3945525 0.3779507 0.4116732 0.3777981 0.4097505 0.3652858 0.4263981 0.3659877 0.4234531 0.3752956 0.427512 0.3720455 0.4330053 0.3704128 0.5924926 0.3681086 0.6 0.3746395 0.5947051 0.3753414 0.5897765 0.3767757 0.5753872 0.3777524 0.5655604 0.3629969 0.5597619 0.3776303 0.5424888 0.3775693 0.544686 0.3638971 0.527657 0.3649347 0.5304952 0.3749752 0.5263447 0.3715572 0.5206226 0.3699245 0.227985 0.01246661 0.2534981 0.01246661 0.227985 0.01803619 0.2534981 0.01803619 0.2760357 0.01246661 0.2321965 0.04097044 0.2760357 0.01803619 0.2601358 0.04097044 0.2982071 0.01803619 0.2982071 0.01246661 0.2831617 0.04097044 0.3239643 0.01803619 0.3239643 0.01246661 0.3439231 0.01246661 0.3052109 0.04097044 0.2831617 0.0651713 0.2601358 0.0651713 0.2321965 0.0651713 0.2601358 0.07429618 0.2321965 0.07429618 0.3052109 0.0651713 0.2601358 0.08268863 0.2321965 0.08268863 0.2321965 0.1055009 0.2831617 0.07429618 0.2601358 0.1055009 0.2321965 0.1147783 0.2601358 0.1147783 0.2831617 0.08268863 0.2831617 0.1055009 0.2831617 0.1147783 0.3052109 0.07429618 0.3052109 0.08268863 0.3052109 0.1055009 0.3052109 0.1147783 0.3317922 0.07429618 0.3317922 0.1055009 0.3317922 0.1147783 0.3317922 0.08268863 0.3576257 0.1147783 0.3576257 0.1055009 0.3828183 0.1147783 0.3576257 0.08268863 0.3828183 0.1055009 0.407538 0.1147783 0.3576257 0.07429618 0.3828183 0.08268863 0.407538 0.1055009 0.4343786 0.1147783 0.4343786 0.1055009 0.407538 0.08268863 0.4343786 0.08268863 0.3828183 0.07429618 0.407538 0.07429618 0.4343786 0.07429618 0.3576257 0.0651713 0.3828183 0.0651713 0.407538 0.0651713 0.4343786 0.0651713 0.3828183 0.04097044 0.407538 0.04097044 0.4343786 0.04097044 0.4073854 0.03123522 0.4298314 0.01803619 0.3925231 0.02755779 0.4095216 0.01803619 0.4095216 0.01246661 0.4298314 0.01246661 0.3940185 0.01246661 0.3940185 0.01803619 0.3777981 0.01246661 0.3780575 0.02664226 0.3777981 0.01803619 0.3603876 0.01803619 0.3603876 0.01246661 0.3576257 0.04097044 0.361944 0.02749676 0.3439231 0.01803619 0.347158 0.03028917 0.3317922 0.04097044 0.3317922 0.0651713 0.1912718 0.01246661 0.2168002 0.01246661 0.2168002 0.01803619 0.1912718 0.01803619 0.2125887 0.0409857 0.1687495 0.01246661 0.1846494 0.0409857 0.1687495 0.01803619 0.1846494 0.0651713 0.2125887 0.0651713 0.1616236 0.0409857 0.1846494 0.07431144 0.2125887 0.07431144 0.1616236 0.0651713 0.1846494 0.08268863 0.2125887 0.08268863 0.2125887 0.1055009 0.1616236 0.07431144 0.1846494 0.1055009 0.2125887 0.1147783 0.1846494 0.1147783 0.1616236 0.08268863 0.1616236 0.1055009 0.1616236 0.1147783 0.1395743 0.07431144 0.1395743 0.1055009 0.1395743 0.1147783 0.1395743 0.08268863 0.1129931 0.1055009 0.1129931 0.1147783 0.08715954 0.1147783 0.1129931 0.08268863 0.08715954 0.1055009 0.06198215 0.1147783 0.08715954 0.08268863 0.06198215 0.1055009 0.03724727 0.1147783 0.1129931 0.07431144 0.03724727 0.1055009 0.01039139 0.1147783 0.01039139 0.1055009 0.06198215 0.08268863 0.03724727 0.08268863 0.01039139 0.08268863 0.08715954 0.07431144 0.06198215 0.07431144 0.03724727 0.07431144 0.01039139 0.07431144 0.08715954 0.0651713 0.06198215 0.0651713 0.03724727 0.0651713 0.01039139 0.0651713 0.06198215 0.0409857 0.03724727 0.0409857 0.01039139 0.0409857 0.03739986 0.03123522 0.01495384 0.01803619 0.05227741 0.02755779 0.03527886 0.01803619 0.01495384 0.01246661 0.03527886 0.01246661 0.05078202 0.01246661 0.05078202 0.01803619 0.06700236 0.01246661 0.06672771 0.02664226 0.06700236 0.01803619 0.08439765 0.01803619 0.08439765 0.01246661 0.08715954 0.0409857 0.08284123 0.02751201 0.1008469 0.01803619 0.1008469 0.01246661 0.09762722 0.03030443 0.1129931 0.0409857 0.1208209 0.01803619 0.1208209 0.01246661 0.1465782 0.01246661 0.1129931 0.0651713 0.1395743 0.0651713 0.1395743 0.0409857 0.1465782 0.01803619 0.6477913 0.2337682 0.6374761 0.2267643 0.6500343 0.2039521 0.6614633 0.2132754 0.6653696 0.1855955 0.6602579 0.2411841 0.6774243 0.1971313 0.6800641 0.1702297 0.6744793 0.2227359 0.6759441 0.2491646 0.6932173 0.1853971 0.6943771 0.1575494 0.6906844 0.2098573 0.6891279 0.2320287 0.695079 0.2577096 0.707454 0.1765011 0.7059587 0.1494926 0.7070726 0.2431678 0.7194476 0.2662699 0.7023728 0.2205539 0.7051652 0.1992828 0.7278858 0.2560464 0.742031 0.2744793 0.7175708 0.2331274 0.7155871 0.2124666 0.7453117 0.2671244 0.7593652 0.2806897 0.7369497 0.2476997 0.7738003 0.2853742 0.7760281 0.2784466 0.7656214 0.2703899 0.7512627 0.259678 0.7275654 0.2253758 0.7454795 0.2410773 0.7573358 0.2540932 0.7732662 0.2649882 0.7811093 0.2728161 0.7534752 0.2361181 0.7805753 0.2607462 0.7862058 0.2692607 0.7640345 0.2502022 0.7705501 0.2469367 0.7616999 0.2317845 0.7385214 0.2198367 0.7489433 0.2157931 0.7271382 0.2063172 0.7392996 0.2014954 0.718349 0.191928 0.7316701 0.1855344 0.7218586 0.1693599 0.7143511 0.1423819 0.7506371 0.1803311 0.7321584 0.1592126 0.7382773 0.150515 0.7220722 0.1357748 0.7537652 0.1673762 0.7435721 0.1380789 0.7289082 0.125948 0.7584955 0.1557641 0.7350729 0.1148699 0.7469291 0.1253986 0.7638209 0.1418631 0.7708247 0.1278859 0.7730221 0.1575036 0.774609 0.1432059 0.7910124 0.1288777 0.7716488 0.1687648 0.7908903 0.1437247 0.7891814 0.1571832 0.8106813 0.1422141 0.8106813 0.1275807 0.8303655 0.1289235 0.7883726 0.16878 0.8304723 0.1437858 0.7712825 0.1805905 0.8467842 0.1433738 0.8505379 0.1279774 0.7544518 0.1984283 0.8575265 0.1421378 0.8742962 0.1252766 0.7620508 0.2130923 0.886305 0.1148852 0.8925612 0.1261463 0.8776684 0.1381857 0.8994888 0.1362631 0.8628672 0.1561456 0.8830549 0.1506371 0.9070878 0.1425803 0.8483101 0.157763 0.8675975 0.1677577 0.8890975 0.1595331 0.899443 0.1695735 0.9154345 0.1496147 0.8707408 0.1806668 0.8496681 0.1689631 0.8321813 0.1571679 0.8106813 0.1563592 0.8106813 0.1680171 0.83299 0.1687495 0.8106813 0.1796902 0.8500649 0.1806821 0.8328984 0.1800717 0.7884489 0.1800259 0.8106661 0.1954223 0.7721828 0.1962768 0.7882658 0.1952697 0.7761959 0.2112459 0.7709773 0.2285954 0.7909209 0.2100862 0.7818723 0.2270237 0.7780728 0.2442665 0.7944762 0.2263066 0.7912566 0.2573129 0.7857938 0.2423133 0.7948729 0.2653697 0.7972534 0.2413825 0.800473 0.2555733 0.8025635 0.2632791 0.8107119 0.2261082 0.8107119 0.2547799 0.8106356 0.2628824 0.8186923 0.2632944 0.8107576 0.2407721 0.8207675 0.2556801 0.8264439 0.2653697 0.824094 0.2413062 0.8299839 0.2575113 0.8352178 0.2692302 0.8268406 0.226215 0.8407111 0.2609445 0.8403601 0.272755 0.8355078 0.2422217 0.8431983 0.2441902 0.8394598 0.2269627 0.8106508 0.2097963 0.8303197 0.2099794 0.8330052 0.1952392 0.8451362 0.2112001 0.8491493 0.196292 0.8503853 0.2285954 0.8593881 0.2130923 0.8669566 0.1985046 0.850721 0.2468757 0.8596628 0.2317998 0.8726024 0.2157168 0.8479896 0.2651408 0.8454108 0.2784008 0.8572366 0.2501564 0.8679026 0.2361028 0.8639658 0.2540475 0.8556344 0.2704509 0.8619059 0.2806592 0.8476387 0.2852827 0.8760357 0.2670329 0.8793316 0.2743725 0.8700847 0.259617 0.8759136 0.2410315 0.8844739 0.2476234 0.8935378 0.2559549 0.9019913 0.2661631 0.8830091 0.2197452 0.9144121 0.2430762 0.9264057 0.2575723 0.9039444 0.2330358 0.8939651 0.2252842 0.9320363 0.2320897 0.9452964 0.2491493 0.9187915 0.2206454 0.905684 0.2125429 0.9468223 0.2227817 0.961059 0.2411841 0.9305409 0.2099336 0.9598688 0.2132754 0.9736019 0.233753 0.9712978 0.2038758 0.9839475 0.226688 0.9560083 0.1854886 0.9439231 0.197116 0.9413291 0.1701534 0.9281148 0.1854276 0.9270161 0.1575494 0.9160449 0.1993744 0.9138476 0.1766079 0.9028763 0.19205 0.8896468 0.1857328 0.8941939 0.2064241 0.8821088 0.2016022 0.0627451 0.3219806 0.0627451 0.3013352 0.07705806 0.3219806 0.07705806 0.3013352 0.1134661 0.3219806 0.07705806 0.2872053 0.0627451 0.2872053 0.1134661 0.3013352 0.1877775 0.3219806 0.1134661 0.2872053 0.07705806 0.2700694 0.0627451 0.2700694 0.1877775 0.3013352 0.1982147 0.3219806 0.1877775 0.2872053 0.1982147 0.3013352 0.2079194 0.3219806 0.1134661 0.2700694 0.2079194 0.3013352 0.2425116 0.3219806 0.1877775 0.2700694 0.2425116 0.3011368 0.261677 0.3238422 0.2079194 0.2872053 0.1982147 0.2872053 0.1982147 0.2700694 0.2079194 0.2700694 0.2425116 0.2872206 0.263035 0.3011368 0.271809 0.325124 0.2425116 0.2700694 0.2645151 0.2872206 0.2765087 0.3011368 0.2843824 0.3129625 0.2779126 0.3269551 0.2784314 0.3297322 0.2968185 0.3183337 0.299443 0.3011368 0.2877851 0.3011368 0.279118 0.2872206 0.2920272 0.2872206 0.3016556 0.2872206 0.2655375 0.2700694 0.2800488 0.2700694 0.2925765 0.2700694 0.3017777 0.2700694 0.2997635 0.2551766 0.290837 0.2551766 0.2984054 0.2392309 0.2794995 0.2551766 0.2901198 0.2392309 0.292958 0.2231022 0.2653239 0.2551766 0.2801404 0.2392309 0.2864881 0.2231022 0.2797131 0.2047303 0.2778973 0.2231022 0.2659953 0.2392309 0.2425116 0.2551766 0.2722515 0.2047303 0.2771496 0.1997558 0.2653239 0.2231022 0.2425116 0.2392309 0.2079194 0.2551766 0.2425116 0.2231022 0.1982147 0.2551766 0.2079194 0.2392309 0.1877775 0.2551766 0.1982147 0.2392309 0.2079194 0.2231022 0.1134661 0.2551766 0.1877775 0.2392309 0.1982147 0.2231022 0.1134661 0.2392309 0.07705806 0.2551766 0.0627451 0.2551766 0.0627451 0.2392309 0.07705806 0.2392309 0.0627451 0.2231022 0.1877775 0.2231022 0.1134661 0.2231022 0.07705806 0.2231022 0.0627451 0.2047303 0.1134661 0.2047303 0.07705806 0.2047303 0.07705806 0.1872282 0.0627451 0.1872282 0.0627451 0.1567101 0.07705806 0.1567101 0.1134661 0.1872282 0.1134661 0.1567101 0.1877775 0.2047303 0.1877775 0.1872282 0.1877775 0.1567101 0.1982147 0.2047303 0.1982147 0.1872282 0.1982147 0.1567101 0.2079194 0.2047303 0.2079194 0.1872282 0.2079194 0.1567101 0.2425116 0.2047303 0.2425116 0.1872282 0.2425116 0.1567101 0.2619821 0.1567101 0.2609293 0.1872282 0.2715496 0.1567101 0.2633707 0.2047303 0.2661784 0.1872282 0.2743114 0.1567101 0.2747692 0.1872282 0.278584 0.1567101 0.2757458 0.1872282 0.0627451 0.3763485 0.0627451 0.3555352 0.0771191 0.3555352 0.0771191 0.3763485 0.1134661 0.3555352 0.0771191 0.3903716 0.0627451 0.3903716 0.1134661 0.3763485 0.1879606 0.3555352 0.1134661 0.3903716 0.0771191 0.4078279 0.0627451 0.4078279 0.1879606 0.3763485 0.1983215 0.3555352 0.1879606 0.3903716 0.1983215 0.3763485 0.2078737 0.3555352 0.1134661 0.4078279 0.2078737 0.3763485 0.2425116 0.3555352 0.1879606 0.4078279 0.2425116 0.3763485 0.261677 0.3541009 0.2078737 0.3903716 0.1983215 0.3903716 0.1983215 0.4078279 0.2078737 0.4078279 0.2425116 0.3903716 0.2630198 0.3763485 0.271809 0.3528191 0.2425116 0.4082704 0.2644999 0.3903716 0.2764782 0.3763485 0.2843214 0.3649805 0.277882 0.350988 0.2784314 0.3482109 0.2968338 0.3596094 0.2992599 0.3763485 0.2876783 0.3763485 0.2791028 0.3903716 0.2920272 0.3903716 0.3016708 0.3903716 0.2655375 0.4082704 0.2800488 0.4082704 0.2925765 0.4082704 0.3017777 0.4082704 0.2997482 0.4226749 0.2908217 0.4226749 0.2983902 0.4387426 0.2794842 0.4226749 0.2901198 0.4387426 0.2929732 0.4551309 0.2653086 0.4226749 0.2801404 0.4387426 0.2864576 0.4551309 0.2796826 0.4737163 0.277882 0.4551309 0.2659953 0.4387426 0.2425116 0.4226749 0.2722515 0.4737163 0.2771344 0.4781719 0.2652934 0.4551309 0.2425116 0.4387426 0.2078737 0.4226749 0.2425116 0.4551309 0.1983215 0.4226749 0.2078737 0.4387426 0.1879606 0.4226749 0.1983215 0.4387426 0.1134661 0.4226749 0.1879606 0.4387426 0.2078737 0.4551309 0.1983215 0.4551309 0.1134661 0.4387426 0.1879606 0.4551309 0.0771191 0.4226749 0.0627451 0.4226749 0.0627451 0.4387426 0.0771191 0.4387426 0.0627451 0.4551309 0.1134661 0.4551309 0.0771191 0.4551309 0.0627451 0.4737163 0.1134661 0.4737163 0.0771191 0.4737163 0.0771191 0.4906844 0.0627451 0.4906844 0.0627451 0.5212177 0.0771191 0.5212177 0.1134661 0.4906844 0.1134661 0.5212177 0.1879606 0.4737163 0.1879606 0.4906844 0.1879606 0.5212177 0.1983215 0.4737163 0.1983215 0.4906844 0.1983215 0.5212177 0.2078737 0.4737163 0.2078737 0.4906844 0.2078737 0.5212177 0.2425116 0.4737163 0.2425116 0.4906844 0.2425116 0.5212177 0.2619669 0.5212177 0.2609293 0.4906844 0.2715496 0.5212177 0.2633555 0.4737163 0.2661784 0.4906844 0.2743114 0.5212177 0.274754 0.4906844 0.278584 0.5212177 0.2757458 0.4906844 0.3681239 0.9380178 0.3741665 0.9358206 0.3844053 0.9355307 0.3618677 0.9445945 0.3627375 0.936553 0.358236 0.9305867 0.387274 0.956466 0.3521172 0.9229114 0.3551232 0.9224231 0.3551995 0.9130236 0.416556 0.9414054 0.4116121 0.9212024 0.4223697 0.9618067 0.3922484 0.9766995 0.4448005 0.9480278 0.3536889 0.9679866 0.3587244 0.9883116 0.437995 0.9287251 0.4643626 0.9354391 0.4315557 0.9091631 0.456199 0.9165789 0.4889753 0.9167773 0.4471351 0.8988327 0.4788281 0.8981613 0.5146716 0.8931106 0.4507515 0.8906233 0.456611 0.8845807 0.5018997 0.8739758 0.5390555 0.8640726 0.4685893 0.8803845 0.4593728 0.8783093 0.4569162 0.8718395 0.5214924 0.8449531 0.558053 0.8313726 0.4871748 0.857084 0.452781 0.8620432 0.4488899 0.8670939 0.4406653 0.8628519 0.535729 0.8151217 0.5701381 0.8002289 0.5031205 0.8287785 0.4653086 0.8383764 0.5443045 0.7879606 0.5768673 0.7692683 0.5134966 0.8018616 0.476173 0.8134127 0.5490044 0.762829 0.5191119 0.7786984 0.4834974 0.7888304 0.5507134 0.7382925 0.5786221 0.7414817 0.5219501 0.7562982 0.4874495 0.7696803 0.5485008 0.7125963 0.5760586 0.7102007 0.5222706 0.7358205 0.5450523 0.6932937 0.5701686 0.6876478 0.5199359 0.7144732 0.5177844 0.6959029 0.5387198 0.6710308 0.5616693 0.6629435 0.5129015 0.6758984 0.5301595 0.648661 0.548516 0.637644 0.5073472 0.6565957 0.5127794 0.6198062 0.5276722 0.6083314 0.4941634 0.6292668 0.4892806 0.590982 0.4993362 0.5806668 0.4755932 0.6005493 0.464271 0.5690242 0.4716258 0.5608606 0.4544747 0.5772183 0.4459907 0.5544823 0.4514382 0.5485618 0.4353857 0.53991 0.4305943 0.5439689 0.4254673 0.5482566 0.4376135 0.5603724 0.4117952 0.5545892 0.4242924 0.5663996 0.394934 0.5602655 0.4380713 0.5835813 0.3975738 0.5713283 0.4565652 0.60795 0.4206607 0.5871214 0.4723888 0.6358129 0.4359655 0.6130007 0.4816663 0.6621042 0.4473945 0.6409094 0.4860304 0.6793469 0.4537728 0.6637827 0.4886397 0.6966659 0.4571145 0.6796979 0.4896315 0.7128557 0.4590372 0.6952621 0.4297246 0.6766308 0.4911421 0.7313191 0.4597696 0.7097734 0.4896925 0.7494926 0.4606394 0.7265736 0.4301366 0.691722 0.4298314 0.7059281 0.4595865 0.7436179 0.4299382 0.7217823 0.4030518 0.6882887 0.4577706 0.7614862 0.4036927 0.6734416 0.4547952 0.779675 0.4272374 0.7541772 0.4488136 0.8018768 0.4247654 0.7714962 0.4204013 0.7917907 0.440177 0.8249485 0.4154421 0.8144045 0.4318456 0.8485389 0.4104677 0.838819 0.4299382 0.8547494 0.4305791 0.859617 0.4210575 0.8597238 0.405829 0.8559396 0.4108492 0.861799 0.3994812 0.8660105 0.3857633 0.8523384 0.383978 0.8652171 0.3875028 0.8717632 0.3773556 0.8791638 0.3884031 0.8323491 0.3632868 0.8487678 0.3616083 0.8820783 0.3677882 0.8875105 0.3615778 0.8949111 0.3629206 0.8657359 0.3528344 0.9020523 0.3571984 0.9036393 0.3415274 0.8827497 0.3416342 0.8644693 0.3423972 0.902327 0.3447471 0.9243458 0.3201953 0.8831159 0.3490044 0.9485161 0.3210803 0.9283437 0.3200732 0.9042039 0.323476 0.9530022 0.3252308 0.9731746 0.3278401 0.9940947 0.2994888 0.9547112 0.2993057 0.9745632 0.2990616 0.9953308 0.2703593 0.993637 0.2734112 0.9727626 0.2396887 0.9873961 0.2996719 0.9289998 0.2451209 0.9671626 0.2065766 0.9754025 0.2755016 0.9526513 0.2782635 0.928069 0.2500191 0.9477684 0.2118715 0.9552453 0.1769741 0.9603723 0.2372015 0.9436179 0.183093 0.9401389 0.1549706 0.9465171 0.2148775 0.9341726 0.1620203 0.927306 0.1357748 0.9338827 0.1883574 0.9202259 0.1687953 0.9079118 0.2251316 0.9345998 0.2310826 0.9369192 0.236408 0.9355917 0.2409552 0.9297475 0.1441062 0.915053 0.1115282 0.9153277 0.1533684 0.8971695 0.1217212 0.8967422 0.08607614 0.891844 0.1499504 0.8890822 0.1441672 0.8832227 0.09878691 0.8726788 0.06178378 0.8629587 0.1321431 0.8791333 0.1413901 0.8771191 0.1436484 0.8708324 0.0792401 0.8437629 0.0427863 0.8303807 0.1134813 0.855848 0.1476921 0.8611429 0.1515068 0.8662699 0.1595026 0.8620127 0.06503395 0.8139772 0.03068589 0.7992675 0.09756619 0.8275731 0.1352712 0.8373083 0.05647364 0.786862 0.02395666 0.7682765 0.08722057 0.8006867 0.1244831 0.8122683 0.1685512 0.8474708 0.1603876 0.8238499 0.1703975 0.8537117 0.1697414 0.8586252 0.1793851 0.8584878 0.1900816 0.8376745 0.1948425 0.8545663 0.189807 0.8603647 0.2014954 0.8643625 0.2166476 0.8638285 0.2130159 0.8702678 0.2227207 0.8778973 0.2148013 0.8510872 0.2121767 0.831281 0.2383307 0.8813764 0.2321202 0.8867323 0.2382086 0.8943008 0.2372168 0.8479133 0.2373846 0.8649272 0.2468757 0.9014878 0.2424659 0.9030899 0.2443275 0.912398 0.2584115 0.8822767 0.2585641 0.8639963 0.2472267 0.9222248 0.2442054 0.921706 0.2545815 0.9237659 0.2573282 0.9018692 0.2796368 0.9039597 0.2797436 0.882887 0.2998551 0.9044175 0.2999771 0.8837262 0.2799725 0.8639506 0.3201953 0.8641794 0.3000839 0.8642099 0.2582284 0.8446937 0.2801404 0.8433814 0.2354009 0.8266881 0.2577096 0.8238346 0.3001907 0.8431983 0.2087434 0.8069276 0.2797742 0.822507 0.2337835 0.8018158 0.2561227 0.7990539 0.1851835 0.8133364 0.2062867 0.7845731 0.1518425 0.800763 0.1803159 0.790753 0.1172198 0.787686 0.1459525 0.7785763 0.08165102 0.7775387 0.1133135 0.7685207 0.1760128 0.770489 0.05180438 0.7617304 0.07885863 0.7551385 0.05012589 0.7371938 0.02221714 0.7404593 0.1430381 0.7603876 0.1111315 0.7483482 0.0785687 0.7346761 0.1736172 0.7531853 0.1097276 0.73019 0.141268 0.7425345 0.1402762 0.7255055 0.1112993 0.7117265 0.141207 0.7087206 0.1710079 0.7208209 0.08096437 0.7133287 0.1724117 0.7366445 0.05238422 0.7114824 0.02482643 0.7091478 0.05587854 0.6921797 0.03076219 0.6865644 0.08317693 0.6947585 0.06230259 0.6699016 0.03933776 0.6618143 0.08810559 0.6747692 0.1123369 0.695552 0.07124437 0.6474556 0.05275044 0.6364233 0.1419699 0.6942245 0.1150073 0.6782483 0.1439536 0.6786755 0.1709163 0.6908064 0.1472648 0.6627299 0.1713893 0.6757305 0.1194629 0.6609445 0.1727321 0.6598001 0.0940261 0.655375 0.1538415 0.6399634 0.1288319 0.6347753 0.1070573 0.6281682 0.08845655 0.618677 0.07359426 0.607187 0.1447929 0.6069734 0.1121233 0.5898985 0.1021134 0.5795681 0.1257954 0.5995117 0.1373159 0.5680476 0.1299916 0.5598688 0.1470817 0.5762875 0.1634852 0.582681 0.1557031 0.5535668 0.1502708 0.5476463 0.1664149 0.5390555 0.171191 0.5431296 0.1763027 0.5474327 0.1640497 0.5594873 0.1899596 0.5538415 0.1773709 0.5655757 0.2068208 0.5596094 0.1808652 0.5862974 0.2041047 0.5706416 0.1654231 0.6121004 0.1765164 0.6386511 0.1853819 0.6147403 0.1974823 0.5875486 0.1973297 0.6571145 0.1999237 0.6379492 0.2056764 0.6147097 0.197467 0.6726787 0.2243534 0.6545815 0.2257114 0.6353856 0.2146792 0.5881742 0.2284276 0.6137179 0.2223087 0.5714961 0.2251469 0.5616541 0.2515755 0.562295 0.234638 0.5879453 0.2536049 0.5712062 0.2780041 0.5616693 0.2524758 0.6114442 0.2780194 0.5705348 0.3009384 0.561944 0.2546731 0.5866789 0.3008927 0.5709316 0.2787213 0.5858396 0.2780957 0.6100557 0.2512398 0.633051 0.2774701 0.6313726 0.2499886 0.6522469 0.2763714 0.6507972 0.2249943 0.6699779 0.2511635 0.6678874 0.1980468 0.6875105 0.2255589 0.6846724 0.1711604 0.704982 0.199176 0.7016404 0.1994354 0.7168231 0.2267185 0.698909 0.2514992 0.6826276 0.2276951 0.7136186 0.2773175 0.6808881 0.2521859 0.6972152 0.2773632 0.6659495 0.2774853 0.6959182 0.300679 0.6514382 0.3006027 0.6801862 0.300618 0.6652628 0.3006943 0.6317235 0.3238727 0.6661478 0.3007553 0.6104066 0.3239185 0.6315557 0.3008316 0.5853056 0.3233997 0.6102235 0.3229267 0.5860075 0.3237659 0.5707027 0.3238727 0.5618372 0.3469597 0.5870298 0.3481498 0.5715572 0.3502556 0.5626459 0.3490044 0.6118104 0.3669642 0.5884184 0.3794003 0.5720607 0.3766384 0.5622034 0.3868925 0.5887846 0.373022 0.6142519 0.4040742 0.5882658 0.3957275 0.6153811 0.4160067 0.6155337 0.3756313 0.6359503 0.4247501 0.6395056 0.4013733 0.6386664 0.4283818 0.6607156 0.4039063 0.6579232 0.3770047 0.6552377 0.3761959 0.670573 0.3514153 0.6527047 0.3501335 0.6334325 0.3250019 0.6510566 0.3500572 0.6682841 0.3238727 0.6810864 0.3755703 0.6852674 0.3496605 0.6830243 0.4018769 0.7024338 0.3743649 0.6995193 0.3489281 0.6976424 0.4015564 0.7176318 0.4284886 0.7376059 0.3733425 0.714229 0.4001373 0.7329214 0.3990234 0.7489281 0.3972381 0.765835 0.3714656 0.745098 0.3944762 0.7854734 0.3704738 0.7619287 0.3687648 0.7808042 0.391928 0.8078889 0.3669337 0.8025483 0.3652094 0.8274968 0.3445945 0.7995422 0.3422141 0.8452125 0.3428855 0.8243534 0.3202564 0.8436103 0.3207904 0.8227512 0.3002823 0.8223239 0.3003586 0.7978027 0.3214771 0.7982452 0.2792401 0.7980163 0.3004196 0.7759671 0.3223163 0.7765011 0.3458457 0.7779507 0.3467003 0.7596704 0.3227283 0.7583276 0.3474022 0.7428092 0.3722896 0.7292439 0.3487602 0.7123064 0.3478904 0.7268635 0.3230182 0.7414359 0.3236591 0.7109483 0.3236439 0.6961166 0.3232471 0.7253834 0.3005722 0.6956283 0.3005417 0.7104906 0.3005112 0.7248646 0.277409 0.7107347 0.27776 0.7251698 0.3004807 0.7409781 0.2522927 0.7118791 0.2531167 0.7264363 0.2779431 0.7412223 0.3004501 0.7578546 0.278172 0.7580987 0.2535439 0.7423667 0.228687 0.7286183 0.2785077 0.776257 0.2007935 0.7320974 0.2294499 0.7444419 0.2018616 0.7480888 0.2541848 0.7592126 0.230396 0.7612726 0.2035859 0.7649806 0.254963 0.7774624 0.2320287 0.7801023 0.05156023 0.2881361 0.02818341 0.3019913 0.03981079 0.2771649 0.05152972 0.3159075 0.02163729 0.277882 0.03952087 0.3261616 0.01010147 0.286717 0.02301061 0.3262074 0.003921569 0.3020828 0.0100557 0.3174487 0.05156023 0.389807 0.03981079 0.4007935 0.02818341 0.3759518 0.05152972 0.3620356 0.02163729 0.4000763 0.03952087 0.3517815 0.01010147 0.3912261 0.02301061 0.3517357 0.003921569 0.3758602 0.0100557 0.3604944 0.5250629 0.0363012 0.5454185 0.05165178 0.5382162 0.0618906 0.5249561 0.06697184 0.5458763 0.03637749 0.5115129 0.06178379 0.5397726 0.01898223 0.504921 0.05148393 0.5251545 0.0115816 0.504509 0.03624016 0.51075 0.01887542 0.4764935 0.0363012 0.4633555 0.0618906 0.4561532 0.05165178 0.4766003 0.06697184 0.4556802 0.03637749 0.4900587 0.06178379 0.461799 0.01898223 0.4966354 0.05148393 0.4764172 0.0115816 0.4970474 0.03624016 0.4908217 0.01887542 0.3439384 0.1305256 0.3439384 0.1489586 0.3246357 0.1305256 0.3246357 0.1489586 0.3636225 0.1489586 0.3636225 0.1305256 0.3439384 0.1666285 0.3246357 0.1666285 0.3636225 0.1666285 0.382742 0.1489586 0.382742 0.1305256 0.382742 0.1666285 0.4012512 0.1489586 0.4012512 0.1305256 0.4012512 0.1666285 0.4206302 0.1489586 0.4206302 0.1305256 0.4206302 0.1666285 0.4394293 0.1489586 0.4394293 0.1305256 0.4394293 0.1666285 0.4580606 0.1489586 0.4580606 0.1305256 0.4580606 0.1666285 0.4768444 0.1489586 0.4768444 0.1305256 0.4956436 0.1305256 0.4768444 0.1666285 0.4956436 0.1489586 0.5142596 0.1305256 0.4768444 0.1871061 0.5142596 0.1489586 0.5330586 0.1305256 0.4956436 0.1666285 0.5330586 0.1489586 0.5524376 0.1305256 0.5142596 0.1666285 0.5524376 0.1489586 0.5709468 0.1305256 0.5330586 0.1666285 0.4956436 0.1871061 0.5142596 0.1871061 0.5524376 0.1666285 0.5709468 0.1489586 0.5900664 0.1305256 0.5330586 0.1871061 0.5900664 0.1489586 0.6097505 0.1305256 0.5709468 0.1666285 0.6097505 0.1489586 0.6290684 0.1305256 0.6290684 0.1489586 0.5900664 0.1666285 0.6097505 0.1666285 0.6290684 0.1666285 0.5709468 0.1871061 0.6097505 0.1871061 0.6290684 0.1871061 0.5900664 0.1871061 0.6097505 0.2077211 0.6290684 0.2077211 0.5900664 0.2077211 0.6097505 0.2278935 0.6290684 0.2278935 0.5900664 0.2278935 0.5709468 0.2077211 0.5709468 0.2278935 0.5900664 0.2499886 0.6097505 0.2499886 0.6290684 0.2499886 0.6290684 0.2698405 0.6097505 0.2698405 0.6290684 0.2995346 0.5709468 0.2499886 0.5900664 0.2698405 0.6097505 0.2995346 0.6290684 0.3278096 0.5709468 0.2698405 0.6097505 0.3278096 0.6290684 0.3476005 0.5900664 0.2995346 0.5900664 0.3476005 0.5900664 0.3278096 0.5709468 0.2995346 0.5709468 0.3278096 0.5524376 0.3476005 0.5524376 0.2698405 0.5524376 0.3278096 0.5524376 0.2995346 0.5330586 0.3278096 0.5142596 0.3476005 0.5330586 0.2995346 0.5330586 0.2698405 0.5524376 0.2499886 0.5330586 0.2499886 0.5524376 0.2278935 0.5524376 0.2077211 0.5330586 0.2278935 0.5524376 0.1871061 0.5330586 0.2077211 0.5142596 0.2077211 0.5142596 0.2278935 0.4956436 0.2077211 0.4956436 0.2278935 0.5142596 0.2499886 0.4768444 0.2077211 0.5142596 0.2698405 0.4956436 0.2499886 0.4768444 0.2278935 0.5142596 0.2995346 0.4956436 0.2698405 0.5142596 0.3278096 0.4956436 0.2995346 0.4956436 0.3278096 0.4768444 0.3476005 0.4768444 0.2995346 0.4768444 0.3278096 0.4580606 0.3278096 0.4394293 0.3476005 0.4768444 0.2698405 0.4394293 0.3278096 0.4768444 0.2499886 0.4580606 0.2698405 0.4580606 0.2995346 0.4580606 0.2499886 0.4394293 0.2995346 0.4394293 0.2698405 0.4206302 0.3278096 0.4012512 0.3476005 0.4206302 0.2995346 0.4012512 0.3278096 0.382742 0.3278096 0.3636225 0.3476005 0.4012512 0.2995346 0.4206302 0.2698405 0.4394293 0.2499886 0.4012512 0.2698405 0.4580606 0.2278935 0.4206302 0.2499886 0.4394293 0.2278935 0.4580606 0.2077211 0.4394293 0.2077211 0.4580606 0.1871061 0.4394293 0.1871061 0.4206302 0.1871061 0.4206302 0.2077211 0.4012512 0.1871061 0.4206302 0.2278935 0.4012512 0.2077211 0.382742 0.1871061 0.4012512 0.2278935 0.382742 0.2077211 0.3636225 0.1871061 0.4012512 0.2499886 0.382742 0.2278935 0.3636225 0.2077211 0.3439384 0.1871061 0.3246357 0.1871061 0.3439384 0.2077211 0.3246357 0.2077211 0.3636225 0.2278935 0.3439384 0.2278935 0.3246357 0.2278935 0.382742 0.2499886 0.3636225 0.2499886 0.3439384 0.2499886 0.3246357 0.2499886 0.3246357 0.2698405 0.3439384 0.2698405 0.3246357 0.2995346 0.3636225 0.2698405 0.3439384 0.2995346 0.3246357 0.3278096 0.382742 0.2698405 0.3636225 0.2995346 0.3439384 0.3278096 0.3246357 0.3476005 0.3636225 0.3278096 0.382742 0.2995346 0.6175479 0.1171435 0.6175479 0.09654385 0.6379339 0.1134508 0.5971618 0.1134508 0.6334325 0.09448385 0.6547799 0.1023117 0.6016785 0.09448385 0.5803159 0.1023117 0.6175479 0.07878232 0.641947 0.08940262 0.5931487 0.08940262 0.632578 0.07835507 0.6471046 0.07998776 0.6658579 0.08551157 0.6323949 0.0659495 0.6495308 0.0659495 0.6695506 0.06593424 0.6470588 0.05191118 0.6658121 0.04635692 0.6326391 0.05349815 0.6419165 0.04251164 0.6547189 0.02957201 0.6333867 0.03746092 0.6378729 0.01847869 0.6175479 0.05342185 0.6175479 0.03556877 0.6175479 0.01481652 0.5972229 0.01847869 0.601709 0.03746092 0.5803769 0.02957201 0.6175479 0.06596476 0.5931792 0.04251164 0.5692836 0.04635692 0.6024567 0.05349815 0.6027008 0.0659495 0.588037 0.05191118 0.5655451 0.06593424 0.585565 0.0659495 0.5692378 0.08551157 0.5879912 0.07998776 0.6025177 0.07835507 0.7004043 0.05635154 0.6939498 0.03546196 0.7210346 0.04763865 0.7155566 0.02915996 0.727367 0.0631876 0.7081102 0.07386893 0.7409781 0.03916991 0.7365072 0.02377355 0.7461051 0.0518654 0.7611505 0.03126574 0.7587701 0.0198825 0.7343404 0.07614249 0.7172503 0.08986038 0.7316243 0.09938198 0.7519646 0.06221104 0.7444572 0.08389407 0.7463951 0.1050736 0.7653315 0.04086363 0.756344 0.08931106 0.7621881 0.1088426 0.7590448 0.06834513 0.7692989 0.09301901 0.7765927 0.1087968 0.7677882 0.07307547 0.7695125 0.04763865 0.7806363 0.09373617 0.7893034 0.1085069 0.7778134 0.07568473 0.7910582 0.09410238 0.8009766 0.1082628 0.7858549 0.07663083 0.8013428 0.09405661 0.8106813 0.108156 0.7940184 0.07725644 0.7874876 0.05786222 0.8106813 0.09419394 0.7928435 0.05900663 0.8025482 0.07742429 0.7984283 0.05932707 0.8200198 0.09405661 0.8203861 0.1082628 0.8106813 0.07740903 0.8303044 0.09410238 0.8320592 0.1085069 0.8188144 0.07742429 0.8273289 0.07725644 0.8407263 0.09373617 0.84477 0.1087968 0.8355078 0.07663083 0.8520485 0.09301901 0.8591592 0.1088426 0.843534 0.07568473 0.8649881 0.0892958 0.8749523 0.1050584 0.8535134 0.0730297 0.8769054 0.08389407 0.8897383 0.09939724 0.8623179 0.06834513 0.8870222 0.07614249 0.9041123 0.08986038 0.9132525 0.07386893 0.8693981 0.06221104 0.8939956 0.0631876 0.920943 0.05635154 0.900328 0.04763865 0.9273975 0.03546196 0.9057908 0.02915996 0.8752575 0.0518654 0.8803845 0.03916991 0.8848554 0.02377355 0.8602121 0.03126574 0.8625925 0.0198825 0.8560311 0.04086363 0.8418708 0.02465856 0.8432288 0.01696801 0.8172274 0.01628137 0.8518502 0.04763865 0.8170596 0.01887542 0.8394446 0.03100634 0.8106813 0.02044708 0.8164187 0.02175939 0.8365453 0.03572136 0.8465553 0.05241472 0.8154116 0.02374303 0.8329137 0.03910887 0.8404669 0.055848 0.8285954 0.0412299 0.8338597 0.05784696 0.8132448 0.02522314 0.8252384 0.0425269 0.8285038 0.05899137 0.8222018 0.04328984 0.8229343 0.05932707 0.8119173 0.02575725 0.8183413 0.04390019 0.8170138 0.05984586 0.8144045 0.04394597 0.8106813 0.05989164 0.8106813 0.02597088 0.8106813 0.04396123 0.8043488 0.05984586 0.8069581 0.04394597 0.8094301 0.02575725 0.8030213 0.04390019 0.7991608 0.04328984 0.8081178 0.02522314 0.796109 0.0425269 0.7927672 0.0412299 0.8059357 0.02374303 0.7808652 0.05586326 0.7884489 0.03910887 0.7747921 0.05241472 0.784802 0.03572136 0.781918 0.03100634 0.8049439 0.02175939 0.8043031 0.01887542 0.8041199 0.01628137 0.7794919 0.02465856 0.7781338 0.01696801</float_array>
          <technique_common>
            <accessor source="#Body__mBody-texcoord-array" count="1939" stride="2">
              <param name="S" type="float" />
              <param name="T" type="float" />
            </accessor>
          </technique_common>
        </source>
        <vertices id="Body__mBody-vertex">
          <input semantic="POSITION" source="#Body__mBody-position" />
        </vertices>
        <triangles material="mBody" count="3194">
          <input semantic="VERTEX" source="#Body__mBody-vertex" offset="0" />
          <input semantic="NORMAL" source="#Body__mBody-normal" offset="1" />
          <input semantic="COLOR" source="#Body__mBody-color" offset="2" set="0" />
          <input semantic="TEXCOORD" source="#Body__mBody-texcoord" offset="3" set="0" />
          <p>0 0 0 0 1 1 1 1 2 2 2 2 1 1 1 1 3 3 3 3 2 2 2 2 3 3 3 3 4 4 4 4 5 5 5 5 6 6 6 6 4 4 4 4 3 3 3 3 3 3 3 3 7 7 7 7 6 6 6 6 3 3 3 3 8 8 8 8 7 7 7 7 8 8 8 8 9 9 9 9 10 10 10 10 6 6 6 6 7 7 7 7 11 11 11 11 6 6 6 6 11 11 11 11 12 12 12 12 13 13 13 13 8 8 8 8 10 10 10 10 8 8 8 8 13 13 13 13 7 7 7 7 13 13 13 13 10 10 10 10 14 14 14 14 8 8 8 8 15 15 15 15 16 16 16 16 15 15 15 15 17 17 17 17 16 16 16 16 18 18 18 18 13 13 13 13 14 14 14 14 18 18 18 18 14 14 14 14 19 19 19 19 13 13 13 13 20 20 20 20 7 7 7 7 13 13 13 13 18 18 18 18 20 20 20 20 7 7 7 7 20 20 20 20 21 21 21 21 11 11 11 11 7 7 7 7 21 21 21 21 18 18 18 18 22 22 22 22 20 20 20 20 23 23 23 23 18 18 18 18 19 19 19 19 18 18 18 18 23 23 23 23 22 22 22 22 24 24 24 24 23 23 23 23 19 19 19 19 25 25 25 25 24 24 24 24 19 19 19 19 23 23 23 23 26 26 26 26 22 22 22 22 24 24 24 24 25 25 25 25 27 27 27 27 25 25 25 25 28 28 28 28 27 27 27 27 24 24 24 24 29 29 29 29 23 23 23 23 29 29 29 29 26 26 26 26 23 23 23 23 24 24 24 24 27 27 27 27 30 30 30 30 29 29 29 29 24 24 24 24 30 30 30 30 27 27 27 27 28 28 28 28 31 31 31 31 28 28 28 28 32 32 32 32 31 31 31 31 26 26 26 26 29 29 29 29 33 33 33 33 22 22 22 22 26 26 26 26 33 33 33 33 34 34 34 34 31 31 31 31 32 32 32 32 35 35 35 35 34 34 34 34 32 32 32 32 27 27 27 27 31 31 31 31 36 36 36 36 31 31 31 31 34 34 34 34 36 36 36 36 30 30 30 30 27 27 27 27 36 36 36 36 34 34 34 34 37 37 37 37 38 38 38 38 39 39 39 39 34 34 34 34 38 38 38 38 36 36 36 36 34 34 34 34 39 39 39 39 34 34 34 34 40 40 40 40 41 41 41 41 40 40 40 40 42 42 42 42 41 41 41 41 39 39 39 39 43 43 43 43 36 36 36 36 39 39 39 39 44 44 44 44 43 43 43 43 30 30 30 30 36 36 36 36 45 45 45 45 36 36 36 36 43 43 43 43 45 45 45 45 43 43 43 43 44 44 44 44 46 46 46 46 44 44 44 44 47 47 47 47 46 46 46 46 45 45 45 45 43 43 43 43 48 48 48 48 43 43 43 43 46 46 46 46 48 48 48 48 30 30 30 30 45 45 45 45 49 49 49 49 29 29 29 29 30 30 30 30 49 49 49 49 29 29 29 29 49 49 49 49 33 33 33 33 49 49 49 49 45 45 45 45 50 50 50 50 45 45 45 45 48 48 48 48 50 50 50 50 33 33 33 33 49 49 49 49 51 51 51 51 49 49 49 49 50 50 50 50 51 51 51 51 52 52 52 52 33 33 33 33 51 51 51 51 52 52 52 52 22 22 22 22 33 33 33 33 22 22 22 22 52 52 52 52 20 20 20 20 52 52 52 52 21 21 21 21 20 20 20 20 53 53 53 53 52 52 52 52 51 51 51 51 52 52 52 52 53 53 53 53 21 21 21 21 51 51 51 51 50 50 50 50 54 54 54 54 53 53 53 53 51 51 51 51 54 54 54 54 53 53 53 53 55 55 55 55 21 21 21 21 11 11 11 11 21 21 21 21 55 55 55 55 56 56 56 56 53 53 53 53 54 54 54 54 53 53 53 53 56 56 56 56 55 55 55 55 50 50 50 50 57 57 57 57 54 54 54 54 50 50 50 50 48 48 48 48 57 57 57 57 56 56 56 56 54 54 54 54 58 58 58 58 54 54 54 54 57 57 57 57 58 58 58 58 48 48 48 48 59 59 59 59 57 57 57 57 48 48 48 48 46 46 46 46 59 59 59 59 57 57 57 57 60 60 60 60 58 58 58 58 57 57 57 57 59 59 59 59 60 60 60 60 46 46 46 46 61 61 61 61 59 59 59 59 46 46 46 46 47 47 47 47 61 61 61 61 47 47 47 47 62 62 62 62 61 61 61 61 59 59 59 59 61 61 61 61 63 63 63 63 59 59 59 59 63 63 63 63 60 60 60 60 61 61 61 61 62 62 62 62 64 64 64 64 61 61 61 61 64 64 64 64 63 63 63 63 62 62 62 62 65 65 65 65 64 64 64 64 66 66 66 66 65 65 65 65 62 62 62 62 63 63 63 63 64 64 64 64 67 67 67 67 66 66 66 66 68 68 68 68 65 65 65 65 68 68 68 68 66 66 66 66 69 69 69 69 70 70 70 70 68 68 68 68 69 69 69 69 64 64 64 64 65 65 65 65 71 71 71 71 64 64 64 64 71 71 71 71 67 67 67 67 65 65 65 65 68 68 68 68 72 72 72 72 65 65 65 65 72 72 72 72 71 71 71 71 68 68 68 68 70 70 70 70 73 73 73 73 68 68 68 68 73 73 73 73 72 72 72 72 70 70 70 70 74 74 74 74 73 73 73 73 71 71 71 71 72 72 72 72 75 75 75 75 73 73 73 73 74 74 74 74 76 76 76 76 74 74 74 74 77 77 77 77 76 76 76 76 72 72 72 72 73 73 73 73 78 78 78 78 73 73 73 73 76 76 76 76 78 78 78 78 72 72 72 72 78 78 78 78 75 75 75 75 76 76 76 76 77 77 77 77 79 79 79 79 77 77 77 77 80 80 80 80 79 79 79 79 78 78 78 78 76 76 76 76 81 81 81 81 76 76 76 76 79 79 79 79 81 81 81 81 79 79 79 79 80 80 80 80 82 82 82 82 80 80 80 80 83 83 83 83 82 82 82 82 83 83 83 83 84 84 84 84 82 82 82 82 79 79 79 79 82 82 82 82 85 85 85 85 81 81 81 81 79 79 79 79 85 85 85 85 84 84 84 84 86 86 86 86 82 82 82 82 82 82 82 82 86 86 86 86 85 85 85 85 78 78 78 78 81 81 81 81 87 87 87 87 75 75 75 75 78 78 78 78 87 87 87 87 81 81 81 81 85 85 85 85 88 88 88 88 87 87 87 87 81 81 81 81 88 88 88 88 86 86 86 86 89 89 89 89 85 85 85 85 75 75 75 75 87 87 87 87 90 90 90 90 85 85 85 85 89 89 89 89 91 91 91 91 88 88 88 88 85 85 85 85 91 91 91 91 87 87 87 87 88 88 88 88 92 92 92 92 90 90 90 90 87 87 87 87 92 92 92 92 88 88 88 88 91 91 91 91 93 93 93 93 92 92 92 92 88 88 88 88 93 93 93 93 94 94 94 94 75 75 75 75 90 90 90 90 71 71 71 71 75 75 75 75 94 94 94 94 67 67 67 67 71 71 71 71 94 94 94 94 90 90 90 90 92 92 92 92 95 95 95 95 94 94 94 94 90 90 90 90 96 96 96 96 96 96 96 96 90 90 90 90 95 95 95 95 67 67 67 67 94 94 94 94 97 97 97 97 97 97 97 97 94 94 94 94 96 96 96 96 98 98 98 98 67 67 67 67 97 97 97 97 63 63 63 63 67 67 67 67 98 98 98 98 60 60 60 60 63 63 63 63 98 98 98 98 97 97 97 97 96 96 96 96 99 99 99 99 60 60 60 60 98 98 98 98 100 100 100 100 58 58 58 58 60 60 60 60 100 100 100 100 98 98 98 98 97 97 97 97 101 101 101 101 100 100 100 100 98 98 98 98 101 101 101 101 101 101 101 101 97 97 97 97 99 99 99 99 102 102 102 102 58 58 58 58 100 100 100 100 102 102 102 102 56 56 56 56 58 58 58 58 103 103 103 103 100 100 100 100 101 101 101 101 103 103 103 103 102 102 102 102 100 100 100 100 56 56 56 56 102 102 102 102 104 104 104 104 56 56 56 56 104 104 104 104 55 55 55 55 102 102 102 102 103 103 103 103 105 105 105 105 102 102 102 102 105 105 105 105 104 104 104 104 106 106 106 106 103 103 103 103 101 101 101 101 106 106 106 106 101 101 101 101 99 99 99 99 103 103 103 103 107 107 107 107 105 105 105 105 103 103 103 103 106 106 106 106 107 107 107 107 108 108 108 108 104 104 104 104 105 105 105 105 109 109 109 109 55 55 55 55 104 104 104 104 108 108 108 108 109 109 109 109 104 104 104 104 109 109 109 109 11 11 11 11 55 55 55 55 12 12 12 12 11 11 11 11 109 109 109 109 110 110 110 110 12 12 12 12 109 109 109 109 110 110 110 110 109 109 109 109 108 108 108 108 111 111 111 111 110 110 110 110 108 108 108 108 112 112 112 112 108 108 108 108 105 105 105 105 111 111 111 111 108 108 108 108 112 112 112 112 112 112 112 112 105 105 105 105 107 107 107 107 113 113 113 113 111 111 111 111 112 112 112 112 114 114 114 114 111 111 111 111 113 113 113 113 115 115 115 115 112 112 112 112 107 107 107 107 113 113 113 113 112 112 112 112 115 115 115 115 114 114 114 114 113 113 113 113 116 116 116 116 114 114 114 114 116 116 116 116 117 117 117 117 116 116 116 116 118 118 118 118 117 117 117 117 113 113 113 113 119 119 119 119 116 116 116 116 119 119 119 119 113 113 113 113 115 115 115 115 118 118 118 118 116 116 116 116 120 120 120 120 119 119 119 119 120 120 120 120 116 116 116 116 121 121 121 121 118 118 118 118 120 120 120 120 119 119 119 119 115 115 115 115 122 122 122 122 121 121 121 121 120 120 120 120 123 123 123 123 124 124 124 124 121 121 121 121 123 123 123 123 119 119 119 119 125 125 125 125 120 120 120 120 125 125 125 125 123 123 123 123 120 120 120 120 125 125 125 125 119 119 119 119 122 122 122 122 123 123 123 123 126 126 126 126 124 124 124 124 126 126 126 126 127 127 127 127 124 124 124 124 125 125 125 125 128 128 128 128 123 123 123 123 128 128 128 128 126 126 126 126 123 123 123 123 126 126 126 126 129 129 129 129 127 127 127 127 129 129 129 129 130 130 130 130 127 127 127 127 130 130 130 130 129 129 129 129 131 131 131 131 132 132 132 132 129 129 129 129 126 126 126 126 128 128 128 128 132 132 132 132 126 126 126 126 129 129 129 129 133 133 133 133 131 131 131 131 133 133 133 133 129 129 129 129 132 132 132 132 134 134 134 134 128 128 128 128 125 125 125 125 122 122 122 122 134 134 134 134 125 125 125 125 132 132 132 132 128 128 128 128 135 135 135 135 128 128 128 128 134 134 134 134 135 135 135 135 136 136 136 136 133 133 133 133 132 132 132 132 134 134 134 134 122 122 122 122 137 137 137 137 136 136 136 136 132 132 132 132 138 138 138 138 132 132 132 132 135 135 135 135 138 138 138 138 135 135 135 135 134 134 134 134 139 139 139 139 134 134 134 134 137 137 137 137 139 139 139 139 138 138 138 138 135 135 135 135 140 140 140 140 135 135 135 135 139 139 139 139 140 140 140 140 136 136 136 136 138 138 138 138 141 141 141 141 136 136 136 136 142 142 142 142 133 133 133 133 142 142 142 142 136 136 136 136 141 141 141 141 131 131 131 131 133 133 133 133 143 143 143 143 142 142 142 142 143 143 143 143 133 133 133 133 144 144 144 144 131 131 131 131 143 143 143 143 142 142 142 142 145 145 145 145 143 143 143 143 143 143 143 143 146 146 146 146 144 144 144 144 145 145 145 145 146 146 146 146 143 143 143 143 146 146 146 146 147 147 147 147 144 144 144 144 145 145 145 145 142 142 142 142 148 148 148 148 142 142 142 142 141 141 141 141 148 148 148 148 145 145 145 145 149 149 149 149 146 146 146 146 148 148 148 148 149 149 149 149 145 145 145 145 146 146 146 146 150 150 150 150 147 147 147 147 149 149 149 149 150 150 150 150 146 146 146 146 150 150 150 150 151 151 151 151 147 147 147 147 151 151 151 151 150 150 150 150 152 152 152 152 152 152 152 152 150 150 150 150 153 153 153 153 153 153 153 153 150 150 150 150 149 149 149 149 153 153 153 153 149 149 149 149 154 154 154 154 154 154 154 154 155 155 155 155 153 153 153 153 156 156 156 156 155 155 155 155 154 154 154 154 157 157 157 157 149 149 149 149 148 148 148 148 149 149 149 149 157 157 157 157 154 154 154 154 157 157 157 157 148 148 148 148 158 158 158 158 148 148 148 148 141 141 141 141 158 158 158 158 154 154 154 154 157 157 157 157 159 159 159 159 141 141 141 141 160 160 160 160 158 158 158 158 141 141 141 141 138 138 138 138 160 160 160 160 138 138 138 138 140 140 140 140 160 160 160 160 161 161 161 161 157 157 157 157 158 158 158 158 157 157 157 157 161 161 161 161 159 159 159 159 162 162 162 162 158 158 158 158 160 160 160 160 162 162 162 162 161 161 161 161 158 158 158 158 160 160 160 160 140 140 140 140 163 163 163 163 163 163 163 163 162 162 162 162 160 160 160 160 161 161 161 161 162 162 162 162 164 164 164 164 162 162 162 162 163 163 163 163 165 165 165 165 162 162 162 162 165 165 165 165 164 164 164 164 161 161 161 161 164 164 164 164 166 166 166 166 159 159 159 159 161 161 161 161 166 166 166 166 165 165 165 165 167 167 167 167 164 164 164 164 166 166 166 166 164 164 164 164 168 168 168 168 167 167 167 167 168 168 168 168 164 164 164 164 159 159 159 159 166 166 166 166 169 169 169 169 170 170 170 170 166 166 166 166 168 168 168 168 170 170 170 170 169 169 169 169 166 166 166 166 167 167 167 167 171 171 171 171 168 168 168 168 172 172 172 172 170 170 170 170 168 168 168 168 171 171 171 171 172 172 172 172 168 168 168 168 169 169 169 169 173 173 173 173 159 159 159 159 173 173 173 173 154 154 154 154 159 159 159 159 173 173 173 173 174 174 174 174 154 154 154 154 154 154 154 154 174 174 174 174 156 156 156 156 174 174 174 174 173 173 173 173 175 175 175 175 156 156 156 156 174 174 174 174 175 175 175 175 156 156 156 156 176 176 176 176 177 177 177 177 156 156 156 156 175 175 175 175 176 176 176 176 173 173 173 173 178 178 178 178 175 175 175 175 175 175 175 175 178 178 178 178 176 176 176 176 173 173 173 173 169 169 169 169 178 178 178 178 178 178 178 178 179 179 179 179 176 176 176 176 178 178 178 178 180 180 180 180 179 179 179 179 169 169 169 169 180 180 180 180 178 178 178 178 180 180 180 180 181 181 181 181 179 179 179 179 182 182 182 182 181 181 181 181 180 180 180 180 183 183 183 183 182 182 182 182 180 180 180 180 183 183 183 183 180 180 180 180 169 169 169 169 182 182 182 182 183 183 183 183 184 184 184 184 185 185 185 185 183 183 183 183 169 169 169 169 169 169 169 169 170 170 170 170 185 185 185 185 183 183 183 183 186 186 186 186 184 184 184 184 183 183 183 183 185 185 185 185 186 186 186 186 187 187 187 187 188 188 188 188 184 184 184 184 187 187 187 187 184 184 184 184 186 186 186 186 185 185 185 185 189 189 189 189 186 186 186 186 187 187 187 187 186 186 186 186 189 189 189 189 185 185 185 185 170 170 170 170 190 190 190 190 185 185 185 185 190 190 190 190 189 189 189 189 190 190 190 190 187 187 187 187 189 189 189 189 187 187 187 187 190 190 190 190 191 191 191 191 190 190 190 190 170 170 170 170 172 172 172 172 190 190 190 190 192 192 192 192 191 191 191 191 193 193 193 193 190 190 190 190 172 172 172 172 192 192 192 192 190 190 190 190 193 193 193 193 172 172 172 172 194 194 194 194 193 193 193 193 172 172 172 172 171 171 171 171 194 194 194 194 192 192 192 192 193 193 193 193 195 195 195 195 196 196 196 196 192 192 192 192 195 195 195 195 197 197 197 197 196 196 196 196 195 195 195 195 198 198 198 198 197 197 197 197 195 195 195 195 199 199 199 199 198 198 198 198 195 195 195 195 199 199 199 199 195 195 195 195 193 193 193 193 200 200 200 200 198 198 198 198 199 199 199 199 201 201 201 201 199 199 199 199 193 193 193 193 194 194 194 194 201 201 201 201 193 193 193 193 202 202 202 202 200 200 200 200 199 199 199 199 199 199 199 199 201 201 201 201 202 202 202 202 200 200 200 200 202 202 202 202 84 84 84 84 202 202 202 202 86 86 86 86 84 84 84 84 201 201 201 201 203 203 203 203 202 202 202 202 202 202 202 202 203 203 203 203 86 86 86 86 201 201 201 201 194 194 194 194 203 203 203 203 203 203 203 203 89 89 89 89 86 86 86 86 194 194 194 194 204 204 204 204 203 203 203 203 203 203 203 203 204 204 204 204 89 89 89 89 204 204 204 204 194 194 194 194 171 171 171 171 204 204 204 204 91 91 91 91 89 89 89 89 205 205 205 205 204 204 204 204 171 171 171 171 91 91 91 91 204 204 204 204 205 205 205 205 205 205 205 205 171 171 171 171 167 167 167 167 93 93 93 93 91 91 91 91 205 205 205 205 206 206 206 206 205 205 205 205 167 167 167 167 205 205 205 205 206 206 206 206 93 93 93 93 206 206 206 206 167 167 167 167 165 165 165 165 206 206 206 206 207 207 207 207 93 93 93 93 208 208 208 208 206 206 206 206 165 165 165 165 163 163 163 163 208 208 208 208 165 165 165 165 207 207 207 207 206 206 206 206 209 209 209 209 209 209 209 209 206 206 206 206 208 208 208 208 210 210 210 210 209 209 209 209 208 208 208 208 211 211 211 211 207 207 207 207 209 209 209 209 212 212 212 212 210 210 210 210 208 208 208 208 163 163 163 163 212 212 212 212 208 208 208 208 207 207 207 207 211 211 211 211 213 213 213 213 213 213 213 213 93 93 93 93 207 207 207 207 213 213 213 213 92 92 92 92 93 93 93 93 211 211 211 211 214 214 214 214 213 213 213 213 213 213 213 213 95 95 95 95 92 92 92 92 212 212 212 212 163 163 163 163 215 215 215 215 216 216 216 216 212 212 212 212 215 215 215 215 140 140 140 140 215 215 215 215 163 163 163 163 216 216 216 216 215 215 215 215 217 217 217 217 217 217 217 217 215 215 215 215 140 140 140 140 218 218 218 218 216 216 216 216 217 217 217 217 217 217 217 217 140 140 140 140 139 139 139 139 217 217 217 217 219 219 219 219 218 218 218 218 219 219 219 219 220 220 220 220 218 218 218 218 220 220 220 220 219 219 219 219 214 214 214 214 219 219 219 219 213 213 213 213 214 214 214 214 213 213 213 213 219 219 219 219 95 95 95 95 217 217 217 217 139 139 139 139 221 221 221 221 217 217 217 217 221 221 221 221 219 219 219 219 221 221 221 221 139 139 139 139 137 137 137 137 219 219 219 219 222 222 222 222 95 95 95 95 221 221 221 221 222 222 222 222 219 219 219 219 96 96 96 96 95 95 95 95 222 222 222 222 99 99 99 99 96 96 96 96 222 222 222 222 221 221 221 221 223 223 223 223 222 222 222 222 223 223 223 223 99 99 99 99 222 222 222 222 223 223 223 223 221 221 221 221 137 137 137 137 223 223 223 223 106 106 106 106 99 99 99 99 223 223 223 223 137 137 137 137 224 224 224 224 106 106 106 106 223 223 223 223 224 224 224 224 122 122 122 122 224 224 224 224 137 137 137 137 106 106 106 106 224 224 224 224 107 107 107 107 122 122 122 122 115 115 115 115 224 224 224 224 115 115 115 115 107 107 107 107 224 224 224 224 225 225 225 225 226 226 226 226 227 227 227 227 228 228 228 228 225 225 225 225 227 227 227 227 229 229 229 229 228 228 228 228 230 230 230 230 230 230 230 230 228 228 228 228 231 231 231 231 228 228 228 228 232 232 232 232 231 231 231 231 233 233 233 233 229 229 229 229 230 230 230 230 234 234 234 234 232 232 232 232 235 235 235 235 236 236 236 236 234 234 234 234 235 235 235 235 236 236 236 236 237 237 237 237 238 238 238 238 239 239 239 239 236 236 236 236 238 238 238 238 237 237 237 237 240 240 240 240 241 241 241 241 240 240 240 240 242 242 242 242 241 241 241 241 239 239 239 239 243 243 243 243 232 232 232 232 239 239 239 239 241 241 241 241 243 243 243 243 243 243 243 243 231 231 231 231 232 232 232 232 241 241 241 241 242 242 242 242 244 244 244 244 241 241 241 241 244 244 244 244 243 243 243 243 242 242 242 242 245 245 245 245 244 244 244 244 246 246 246 246 245 245 245 245 242 242 242 242 246 246 246 246 247 247 247 247 245 245 245 245 248 248 248 248 247 247 247 247 246 246 246 246 244 244 244 244 245 245 245 245 249 249 249 249 248 248 248 248 250 250 250 250 251 251 251 251 250 250 250 250 252 252 252 252 251 251 251 251 246 246 246 246 253 253 253 253 252 252 252 252 253 253 253 253 254 254 254 254 252 252 252 252 244 244 244 244 249 249 249 249 255 255 255 255 244 244 244 244 255 255 255 255 243 243 243 243 255 255 255 255 249 249 249 249 256 256 256 256 249 249 249 249 257 257 257 257 256 256 256 256 255 255 255 255 258 258 258 258 243 243 243 243 243 243 243 243 258 258 258 258 231 231 231 231 259 259 259 259 258 258 258 258 255 255 255 255 256 256 256 256 259 259 259 259 255 255 255 255 258 258 258 258 260 260 260 260 231 231 231 231 258 258 258 258 259 259 259 259 260 260 260 260 230 230 230 230 231 231 231 231 260 260 260 260 261 261 261 261 259 259 259 259 256 256 256 256 262 262 262 262 230 230 230 230 260 260 260 260 259 259 259 259 263 263 263 263 260 260 260 260 262 262 262 262 260 260 260 260 263 263 263 263 259 259 259 259 261 261 261 261 263 263 263 263 230 230 230 230 262 262 262 262 233 233 233 233 264 264 264 264 261 261 261 261 256 256 256 256 264 264 264 264 256 256 256 256 257 257 257 257 265 265 265 265 264 264 264 264 257 257 257 257 264 264 264 264 265 265 265 265 266 266 266 266 264 264 264 264 266 266 266 266 267 267 267 267 266 266 266 266 268 268 268 268 267 267 267 267 267 267 267 267 268 268 268 268 269 269 269 269 261 261 261 261 264 264 264 264 270 270 270 270 264 264 264 264 267 267 267 267 270 270 270 270 271 271 271 271 267 267 267 267 269 269 269 269 270 270 270 270 267 267 267 267 271 271 271 271 271 271 271 271 269 269 269 269 272 272 272 272 261 261 261 261 270 270 270 270 273 273 273 273 261 261 261 261 273 273 273 273 263 263 263 263 274 274 274 274 271 271 271 271 272 272 272 272 272 272 272 272 275 275 275 275 274 274 274 274 276 276 276 276 270 270 270 270 271 271 271 271 271 271 271 271 274 274 274 274 276 276 276 276 270 270 270 270 277 277 277 277 273 273 273 273 270 270 270 270 276 276 276 276 277 277 277 277 278 278 278 278 263 263 263 263 273 273 273 273 278 278 278 278 262 262 262 262 263 263 263 263 279 279 279 279 273 273 273 273 277 277 277 277 279 279 279 279 278 278 278 278 273 273 273 273 262 262 262 262 278 278 278 278 280 280 280 280 262 262 262 262 280 280 280 280 233 233 233 233 278 278 278 278 279 279 279 279 281 281 281 281 278 278 278 278 281 281 281 281 280 280 280 280 282 282 282 282 279 279 279 279 277 277 277 277 279 279 279 279 283 283 283 283 281 281 281 281 279 279 279 279 282 282 282 282 283 283 283 283 284 284 284 284 280 280 280 280 281 281 281 281 277 277 277 277 285 285 285 285 282 282 282 282 276 276 276 276 285 285 285 285 277 277 277 277 284 284 284 284 286 286 286 286 280 280 280 280 286 286 286 286 233 233 233 233 280 280 280 280 287 287 287 287 284 284 284 284 281 281 281 281 287 287 287 287 281 281 281 281 283 283 283 283 286 286 286 286 288 288 288 288 233 233 233 233 288 288 288 288 229 229 229 229 233 233 233 233 229 229 229 229 289 289 289 289 290 290 290 290 289 289 289 289 291 291 291 291 290 290 290 290 292 292 292 292 289 289 289 289 293 293 293 293 288 288 288 288 292 292 292 292 293 293 293 293 294 294 294 294 288 288 288 288 295 295 295 295 288 288 288 288 296 296 296 296 295 295 295 295 288 288 288 288 286 286 286 286 296 296 296 296 286 286 286 286 297 297 297 297 296 296 296 296 286 286 286 286 284 284 284 284 297 297 297 297 284 284 284 284 298 298 298 298 297 297 297 297 284 284 284 284 287 287 287 287 298 298 298 298 296 296 296 296 297 297 297 297 299 299 299 299 298 298 298 298 300 300 300 300 297 297 297 297 300 300 300 300 299 299 299 299 297 297 297 297 287 287 287 287 301 301 301 301 298 298 298 298 302 302 302 302 296 296 296 296 299 299 299 299 303 303 303 303 296 296 296 296 302 302 302 302 304 304 304 304 303 303 303 303 302 302 302 302 287 287 287 287 305 305 305 305 301 301 301 301 305 305 305 305 287 287 287 287 283 283 283 283 301 301 301 301 306 306 306 306 298 298 298 298 306 306 306 306 300 300 300 300 298 298 298 298 305 305 305 305 283 283 283 283 307 307 307 307 282 282 282 282 307 307 307 307 283 283 283 283 305 305 305 305 308 308 308 308 301 301 301 301 282 282 282 282 309 309 309 309 307 307 307 307 285 285 285 285 309 309 309 309 282 282 282 282 310 310 310 310 305 305 305 305 307 307 307 307 305 305 305 305 310 310 310 310 308 308 308 308 309 309 309 309 311 311 311 311 307 307 307 307 310 310 310 310 307 307 307 307 311 311 311 311 312 312 312 312 309 309 309 309 285 285 285 285 309 309 309 309 312 312 312 312 311 311 311 311 313 313 313 313 310 310 310 310 311 311 311 311 312 312 312 312 314 314 314 314 311 311 311 311 311 311 311 311 314 314 314 314 313 313 313 313 315 315 315 315 312 312 312 312 285 285 285 285 314 314 314 314 316 316 316 316 313 313 313 313 317 317 317 317 315 315 315 315 285 285 285 285 276 276 276 276 317 317 317 317 285 285 285 285 274 274 274 274 317 317 317 317 276 276 276 276 318 318 318 318 312 312 312 312 315 315 315 315 274 274 274 274 319 319 319 319 317 317 317 317 275 275 275 275 319 319 319 319 274 274 274 274 320 320 320 320 315 315 315 315 317 317 317 317 320 320 320 320 318 318 318 318 315 315 315 315 319 319 319 319 321 321 321 321 317 317 317 317 321 321 321 321 320 320 320 320 317 317 317 317 322 322 322 322 319 319 319 319 275 275 275 275 323 323 323 323 322 322 322 322 275 275 275 275 324 324 324 324 321 321 321 321 319 319 319 319 322 322 322 322 324 324 324 324 319 319 319 319 325 325 325 325 320 320 320 320 321 321 321 321 324 324 324 324 325 325 325 325 321 321 321 321 326 326 326 326 322 322 322 322 323 323 323 323 327 327 327 327 326 326 326 326 323 323 323 323 328 328 328 328 324 324 324 324 322 322 322 322 326 326 326 326 328 328 328 328 322 322 322 322 326 326 326 326 327 327 327 327 329 329 329 329 327 327 327 327 330 330 330 330 329 329 329 329 328 328 328 328 326 326 326 326 331 331 331 331 326 326 326 326 329 329 329 329 331 331 331 331 328 328 328 328 332 332 332 332 324 324 324 324 332 332 332 332 325 325 325 325 324 324 324 324 328 328 328 328 331 331 331 331 333 333 333 333 332 332 332 332 328 328 328 328 333 333 333 333 334 334 334 334 331 331 331 331 329 329 329 329 335 335 335 335 329 329 329 329 330 330 330 330 335 335 335 335 334 334 334 334 329 329 329 329 336 336 336 336 335 335 335 335 330 330 330 330 334 334 334 334 337 337 337 337 331 331 331 331 337 337 337 337 333 333 333 333 331 331 331 331 335 335 335 335 336 336 336 336 338 338 338 338 336 336 336 336 339 339 339 339 338 338 338 338 339 339 339 339 340 340 340 340 338 338 338 338 338 338 338 338 340 340 340 340 341 341 341 341 338 338 338 338 342 342 342 342 335 335 335 335 341 341 341 341 342 342 342 342 338 338 338 338 342 342 342 342 334 334 334 334 335 335 335 335 341 341 341 341 343 343 343 343 342 342 342 342 334 334 334 334 342 342 342 342 343 343 343 343 337 337 337 337 334 334 334 334 343 343 343 343 344 344 344 344 343 343 343 343 341 341 341 341 337 337 337 337 343 343 343 343 345 345 345 345 337 337 337 337 345 345 345 345 333 333 333 333 346 346 346 346 343 343 343 343 344 344 344 344 343 343 343 343 346 346 346 346 345 345 345 345 346 346 346 346 344 344 344 344 347 347 347 347 345 345 345 345 348 348 348 348 333 333 333 333 333 333 333 333 348 348 348 348 332 332 332 332 345 345 345 345 346 346 346 346 349 349 349 349 348 348 348 348 345 345 345 345 349 349 349 349 348 348 348 348 350 350 350 350 332 332 332 332 332 332 332 332 350 350 350 350 325 325 325 325 351 351 351 351 348 348 348 348 349 349 349 349 348 348 348 348 351 351 351 351 350 350 350 350 350 350 350 350 352 352 352 352 325 325 325 325 325 325 325 325 352 352 352 352 320 320 320 320 352 352 352 352 318 318 318 318 320 320 320 320 351 351 351 351 353 353 353 353 350 350 350 350 350 350 350 350 353 353 353 353 352 352 352 352 352 352 352 352 354 354 354 354 318 318 318 318 353 353 353 353 354 354 354 354 352 352 352 352 351 351 351 351 355 355 355 355 353 353 353 353 351 351 351 351 349 349 349 349 355 355 355 355 353 353 353 353 356 356 356 356 354 354 354 354 355 355 355 355 356 356 356 356 353 353 353 353 354 354 354 354 357 357 357 357 318 318 318 318 318 318 318 318 357 357 357 357 312 312 312 312 357 357 357 357 314 314 314 314 312 312 312 312 357 357 357 357 354 354 354 354 358 358 358 358 356 356 356 356 358 358 358 358 354 354 354 354 357 357 357 357 359 359 359 359 314 314 314 314 359 359 359 359 357 357 357 357 358 358 358 358 359 359 359 359 316 316 316 316 314 314 314 314 356 356 356 356 360 360 360 360 358 358 358 358 316 316 316 316 359 359 359 359 361 361 361 361 359 359 359 359 358 358 358 358 362 362 362 362 359 359 359 359 362 362 362 362 361 361 361 361 358 358 358 358 363 363 363 363 362 362 362 362 360 360 360 360 363 363 363 363 358 358 358 358 363 363 363 363 364 364 364 364 362 362 362 362 363 363 363 363 360 360 360 360 364 364 364 364 361 361 361 361 362 362 362 362 365 365 365 365 364 364 364 364 365 365 365 365 362 362 362 362 316 316 316 316 361 361 361 361 366 366 366 366 313 313 313 313 316 316 316 316 366 366 366 366 310 310 310 310 313 313 313 313 366 366 366 366 367 367 367 367 361 361 361 361 365 365 365 365 366 366 366 366 361 361 361 361 367 367 367 367 368 368 368 368 310 310 310 310 366 366 366 366 310 310 310 310 368 368 368 368 308 308 308 308 369 369 369 369 366 366 366 366 367 367 367 367 366 366 366 366 369 369 369 369 368 368 368 368 367 367 367 367 365 365 365 365 370 370 370 370 369 369 369 369 367 367 367 367 370 370 370 370 368 368 368 368 371 371 371 371 308 308 308 308 369 369 369 369 371 371 371 371 368 368 368 368 371 371 371 371 372 372 372 372 308 308 308 308 308 308 308 308 372 372 372 372 301 301 301 301 372 372 372 372 306 306 306 306 301 301 301 301 369 369 369 369 373 373 373 373 371 371 371 371 373 373 373 373 369 369 369 369 370 370 370 370 371 371 371 371 374 374 374 374 372 372 372 372 373 373 373 373 374 374 374 374 371 371 371 371 306 306 306 306 372 372 372 372 375 375 375 375 374 374 374 374 375 375 375 375 372 372 372 372 376 376 376 376 306 306 306 306 375 375 375 375 306 306 306 306 376 376 376 376 300 300 300 300 374 374 374 374 377 377 377 377 375 375 375 375 376 376 376 376 378 378 378 378 300 300 300 300 300 300 300 300 378 378 378 378 299 299 299 299 375 375 375 375 379 379 379 379 376 376 376 376 377 377 377 377 379 379 379 379 375 375 375 375 376 376 376 376 380 380 380 380 378 378 378 378 379 379 379 379 380 380 380 380 376 376 376 376 378 378 378 378 381 381 381 381 299 299 299 299 302 302 302 302 299 299 299 299 381 381 381 381 380 380 380 380 382 382 382 382 378 378 378 378 378 378 378 378 382 382 382 382 381 381 381 381 383 383 383 383 302 302 302 302 381 381 381 381 302 302 302 302 384 384 384 384 385 385 385 385 384 384 384 384 386 386 386 386 385 385 385 385 383 383 383 383 387 387 387 387 386 386 386 386 387 387 387 387 388 388 388 388 386 386 386 386 383 383 383 383 381 381 381 381 389 389 389 389 382 382 382 382 389 389 389 389 381 381 381 381 390 390 390 390 383 383 383 383 389 389 389 389 382 382 382 382 391 391 391 391 389 389 389 389 390 390 390 390 389 389 389 389 392 392 392 392 391 391 391 391 392 392 392 392 389 389 389 389 390 390 390 390 393 393 393 393 394 394 394 394 393 393 393 393 395 395 395 395 394 394 394 394 396 396 396 396 390 390 390 390 392 392 392 392 397 397 397 397 391 391 391 391 382 382 382 382 380 380 380 380 397 397 397 397 382 382 382 382 392 392 392 392 391 391 391 391 398 398 398 398 397 397 397 397 380 380 380 380 399 399 399 399 380 380 380 380 379 379 379 379 399 399 399 399 397 397 397 397 400 400 400 400 391 391 391 391 400 400 400 400 398 398 398 398 391 391 391 391 399 399 399 399 401 401 401 401 397 397 397 397 401 401 401 401 400 400 400 400 397 397 397 397 402 402 402 402 399 399 399 399 379 379 379 379 377 377 377 377 402 402 402 402 379 379 379 379 403 403 403 403 401 401 401 401 399 399 399 399 402 402 402 402 403 403 403 403 399 399 399 399 404 404 404 404 400 400 400 400 401 401 401 401 402 402 402 402 377 377 377 377 405 405 405 405 404 404 404 404 406 406 406 406 400 400 400 400 406 406 406 406 398 398 398 398 400 400 400 400 407 407 407 407 404 404 404 404 401 401 401 401 407 407 407 407 401 401 401 401 403 403 403 403 408 408 408 408 406 406 406 406 404 404 404 404 409 409 409 409 408 408 408 408 404 404 404 404 404 404 404 404 407 407 407 407 409 409 409 409 407 407 407 407 410 410 410 410 409 409 409 409 407 407 407 407 411 411 411 411 410 410 410 410 407 407 407 407 412 412 412 412 411 411 411 411 412 412 412 412 407 407 407 407 403 403 403 403 411 411 411 411 412 412 412 412 413 413 413 413 413 413 413 413 412 412 412 412 414 414 414 414 412 412 412 412 415 415 415 415 414 414 414 414 415 415 415 415 412 412 412 412 403 403 403 403 414 414 414 414 415 415 415 415 416 416 416 416 417 417 417 417 415 415 415 415 403 403 403 403 417 417 417 417 403 403 403 403 402 402 402 402 405 405 405 405 417 417 417 417 402 402 402 402 415 415 415 415 418 418 418 418 416 416 416 416 415 415 415 415 417 417 417 417 418 418 418 418 416 416 416 416 418 418 418 418 419 419 419 419 417 417 417 417 420 420 420 420 418 418 418 418 417 417 417 417 405 405 405 405 420 420 420 420 418 418 418 418 421 421 421 421 419 419 419 419 418 418 418 418 420 420 420 420 421 421 421 421 421 421 421 421 422 422 422 422 419 419 419 419 422 422 422 422 423 423 423 423 419 419 419 419 420 420 420 420 424 424 424 424 421 421 421 421 422 422 422 422 425 425 425 425 423 423 423 423 425 425 425 425 426 426 426 426 423 423 423 423 427 427 427 427 422 422 422 422 421 421 421 421 424 424 424 424 427 427 427 427 421 421 421 421 428 428 428 428 425 425 425 425 422 422 422 422 427 427 427 427 428 428 428 428 422 422 422 422 425 425 425 425 429 429 429 429 426 426 426 426 429 429 429 429 430 430 430 430 426 426 426 426 425 425 425 425 428 428 428 428 431 431 431 431 429 429 429 429 425 425 425 425 431 431 431 431 429 429 429 429 432 432 432 432 430 430 430 430 432 432 432 432 433 433 433 433 430 430 430 430 429 429 429 429 431 431 431 431 434 434 434 434 432 432 432 432 429 429 429 429 434 434 434 434 432 432 432 432 435 435 435 435 433 433 433 433 435 435 435 435 436 436 436 436 433 433 433 433 436 436 436 436 435 435 435 435 437 437 437 437 435 435 435 435 438 438 438 438 437 437 437 437 439 439 439 439 435 435 435 435 432 432 432 432 438 438 438 438 435 435 435 435 439 439 439 439 434 434 434 434 439 439 439 439 432 432 432 432 438 438 438 438 439 439 439 439 440 440 440 440 440 440 440 440 439 439 439 439 434 434 434 434 441 441 441 441 438 438 438 438 440 440 440 440 442 442 442 442 434 434 434 434 431 431 431 431 442 442 442 442 440 440 440 440 434 434 434 434 443 443 443 443 442 442 442 442 431 431 431 431 443 443 443 443 431 431 431 431 428 428 428 428 442 442 442 442 444 444 444 444 440 440 440 440 444 444 444 444 442 442 442 442 443 443 443 443 445 445 445 445 441 441 441 441 440 440 440 440 444 444 444 444 445 445 445 445 440 440 440 440 445 445 445 445 446 446 446 446 441 441 441 441 447 447 447 447 443 443 443 443 428 428 428 428 447 447 447 447 428 428 428 428 427 427 427 427 448 448 448 448 444 444 444 444 443 443 443 443 448 448 448 448 443 443 443 443 447 447 447 447 449 449 449 449 447 447 447 447 427 427 427 427 449 449 449 449 427 427 427 427 424 424 424 424 450 450 450 450 448 448 448 448 447 447 447 447 450 450 450 450 447 447 447 447 449 449 449 449 451 451 451 451 444 444 444 444 448 448 448 448 445 445 445 445 444 444 444 444 451 451 451 451 452 452 452 452 448 448 448 448 450 450 450 450 452 452 452 452 451 451 451 451 448 448 448 448 453 453 453 453 450 450 450 450 449 449 449 449 454 454 454 454 452 452 452 452 450 450 450 450 454 454 454 454 450 450 450 450 453 453 453 453 455 455 455 455 449 449 449 449 424 424 424 424 453 453 453 453 449 449 449 449 455 455 455 455 455 455 455 455 424 424 424 424 420 420 420 420 456 456 456 456 455 455 455 455 420 420 420 420 405 405 405 405 456 456 456 456 420 420 420 420 457 457 457 457 453 453 453 453 455 455 455 455 457 457 457 457 455 455 455 455 456 456 456 456 458 458 458 458 456 456 456 456 405 405 405 405 458 458 458 458 457 457 457 457 456 456 456 456 459 459 459 459 453 453 453 453 457 457 457 457 459 459 459 459 454 454 454 454 453 453 453 453 460 460 460 460 457 457 457 457 458 458 458 458 460 460 460 460 459 459 459 459 457 457 457 457 461 461 461 461 458 458 458 458 405 405 405 405 377 377 377 377 461 461 461 461 405 405 405 405 377 377 377 377 374 374 374 374 461 461 461 461 374 374 374 374 373 373 373 373 461 461 461 461 461 461 461 461 373 373 373 373 458 458 458 458 373 373 373 373 370 370 370 370 458 458 458 458 370 370 370 370 460 460 460 460 458 458 458 458 365 365 365 365 460 460 460 460 370 370 370 370 460 460 460 460 365 365 365 365 364 364 364 364 459 459 459 459 460 460 460 460 364 364 364 364 364 364 364 364 462 462 462 462 459 459 459 459 462 462 462 462 454 454 454 454 459 459 459 459 360 360 360 360 462 462 462 462 364 364 364 364 462 462 462 462 463 463 463 463 454 454 454 454 463 463 463 463 452 452 452 452 454 454 454 454 452 452 452 452 463 463 463 463 451 451 451 451 360 360 360 360 464 464 464 464 462 462 462 462 464 464 464 464 463 463 463 463 462 462 462 462 360 360 360 360 356 356 356 356 464 464 464 464 356 356 356 356 355 355 355 355 464 464 464 464 463 463 463 463 465 465 465 465 451 451 451 451 463 463 463 463 464 464 464 464 465 465 465 465 451 451 451 451 465 465 465 465 466 466 466 466 466 466 466 466 445 445 445 445 451 451 451 451 464 464 464 464 355 355 355 355 467 467 467 467 349 349 349 349 467 467 467 467 355 355 355 355 468 468 468 468 445 445 445 445 466 466 466 466 445 445 445 445 468 468 468 468 446 446 446 446 469 469 469 469 446 446 446 446 470 470 470 470 470 470 470 470 446 446 446 446 468 468 468 468 466 466 466 466 471 471 471 471 468 468 468 468 465 465 465 465 471 471 471 471 466 466 466 466 468 468 468 468 472 472 472 472 470 470 470 470 471 471 471 471 472 472 472 472 468 468 468 468 472 472 472 472 473 473 473 473 470 470 470 470 465 465 465 465 474 474 474 474 471 471 471 471 464 464 464 464 474 474 474 474 465 465 465 465 474 474 474 474 464 464 464 464 467 467 467 467 471 471 471 471 475 475 475 475 472 472 472 472 474 474 474 474 475 475 475 475 471 471 471 471 472 472 472 472 476 476 476 476 473 473 473 473 475 475 475 475 476 476 476 476 472 472 472 472 476 476 476 476 477 477 477 477 473 473 473 473 477 477 477 477 476 476 476 476 478 478 478 478 475 475 475 475 474 474 474 474 479 479 479 479 474 474 474 474 467 467 467 467 479 479 479 479 476 476 476 476 475 475 475 475 480 480 480 480 476 476 476 476 480 480 480 480 478 478 478 478 475 475 475 475 479 479 479 479 480 480 480 480 478 478 478 478 480 480 480 480 481 481 481 481 482 482 482 482 479 479 479 479 467 467 467 467 349 349 349 349 482 482 482 482 467 467 467 467 346 346 346 346 482 482 482 482 349 349 349 349 480 480 480 480 479 479 479 479 483 483 483 483 479 479 479 479 482 482 482 482 483 483 483 483 483 483 483 483 482 482 482 482 346 346 346 346 480 480 480 480 483 483 483 483 481 481 481 481 346 346 346 346 347 347 347 347 483 483 483 483 481 481 481 481 483 483 483 483 347 347 347 347 484 484 484 484 481 481 481 481 347 347 347 347 485 485 485 485 486 486 486 486 487 487 487 487 488 488 488 488 485 485 485 485 487 487 487 487 488 488 488 488 489 489 489 489 490 490 490 490 489 489 489 489 491 491 491 491 490 490 490 490 489 489 489 489 492 492 492 492 491 491 491 491 492 492 492 492 489 489 489 489 493 493 493 493 494 494 494 494 492 492 492 492 493 493 493 493 491 491 491 491 492 492 492 492 495 495 495 495 495 495 495 495 408 408 408 408 491 491 491 491 495 495 495 495 406 406 406 406 408 408 408 408 492 492 492 492 496 496 496 496 495 495 495 495 496 496 496 496 492 492 492 492 497 497 497 497 498 498 498 498 496 496 496 496 497 497 497 497 499 499 499 499 498 498 498 498 500 500 500 500 501 501 501 501 499 499 499 499 500 500 500 500 495 495 495 495 496 496 496 496 502 502 502 502 495 495 495 495 502 502 502 502 406 406 406 406 496 496 496 496 501 501 501 501 502 502 502 502 502 502 502 502 398 398 398 398 406 406 406 406 502 502 502 502 392 392 392 392 398 398 398 398 396 396 396 396 392 392 392 392 502 502 502 502 501 501 501 501 396 396 396 396 502 502 502 502 503 503 503 503 396 396 396 396 501 501 501 501 504 504 504 504 503 503 503 503 501 501 501 501 505 505 505 505 506 506 506 506 507 507 507 507 507 507 507 507 506 506 506 506 508 508 508 508 506 506 506 506 509 509 509 509 508 508 508 508 506 506 506 506 510 510 510 510 509 509 509 509 509 509 509 509 510 510 510 510 511 511 511 511 512 512 512 512 511 511 511 511 510 510 510 510 512 512 512 512 510 510 510 510 513 513 513 513 512 512 512 512 513 513 513 513 514 514 514 514 512 512 512 512 514 514 514 514 515 515 515 515 514 514 514 514 516 516 516 516 515 515 515 515 514 514 514 514 517 517 517 517 516 516 516 516 518 518 518 518 519 519 519 519 520 520 520 520 520 520 520 520 521 521 521 521 518 518 518 518 518 518 518 518 521 521 521 521 522 522 522 522 518 518 518 518 522 522 522 522 523 523 523 523 522 522 522 522 524 524 524 524 523 523 523 523 525 525 525 525 523 523 523 523 524 524 524 524 525 525 525 525 526 526 526 526 523 523 523 523 525 525 525 525 527 527 527 527 526 526 526 526 525 525 525 525 528 528 528 528 527 527 527 527 527 527 527 527 528 528 528 528 529 529 529 529 527 527 527 527 529 529 529 529 530 530 530 530 531 531 531 531 532 532 532 532 533 533 533 533 532 532 532 532 534 534 534 534 533 533 533 533 532 532 532 532 535 535 535 535 534 534 534 534 536 536 536 536 533 533 533 533 534 534 534 534 535 535 535 535 537 537 537 537 534 534 534 534 534 534 534 534 538 538 538 538 536 536 536 536 537 537 537 537 535 535 535 535 539 539 539 539 535 535 535 535 540 540 540 540 539 539 539 539 534 534 534 534 537 537 537 537 541 541 541 541 541 541 541 541 537 537 537 537 539 539 539 539 541 541 541 541 538 538 538 538 534 534 534 534 542 542 542 542 539 539 539 539 540 540 540 540 543 543 543 543 542 542 542 542 540 540 540 540 542 542 542 542 543 543 543 543 544 544 544 544 539 539 539 539 545 545 545 545 541 541 541 541 545 545 545 545 539 539 539 539 542 542 542 542 541 541 541 541 546 546 546 546 538 538 538 538 546 546 546 546 541 541 541 541 545 545 545 545 538 538 538 538 547 547 547 547 536 536 536 536 546 546 546 546 547 547 547 547 538 538 538 538 547 547 547 547 548 548 548 548 536 536 536 536 547 547 547 547 549 549 549 549 548 548 548 548 549 549 549 549 547 547 547 547 546 546 546 546 549 549 549 549 550 550 550 550 548 548 548 548 551 551 551 551 546 546 546 546 545 545 545 545 549 549 549 549 552 552 552 552 550 550 550 550 552 552 552 552 553 553 553 553 550 550 550 550 554 554 554 554 553 553 553 553 552 552 552 552 555 555 555 555 549 549 549 549 546 546 546 546 552 552 552 552 549 549 549 549 555 555 555 555 546 546 546 546 551 551 551 551 555 555 555 555 556 556 556 556 554 554 554 554 552 552 552 552 557 557 557 557 554 554 554 554 556 556 556 556 558 558 558 558 557 557 557 557 556 556 556 556 559 559 559 559 552 552 552 552 555 555 555 555 556 556 556 556 552 552 552 552 559 559 559 559 558 558 558 558 556 556 556 556 560 560 560 560 560 560 560 560 556 556 556 556 559 559 559 559 561 561 561 561 558 558 558 558 560 560 560 560 555 555 555 555 562 562 562 562 559 559 559 559 551 551 551 551 562 562 562 562 555 555 555 555 559 559 559 559 563 563 563 563 560 560 560 560 562 562 562 562 563 563 563 563 559 559 559 559 560 560 560 560 564 564 564 564 561 561 561 561 563 563 563 563 564 564 564 564 560 560 560 560 564 564 564 564 565 565 565 565 561 561 561 561 563 563 563 563 562 562 562 562 566 566 566 566 564 564 564 564 567 567 567 567 565 565 565 565 567 567 567 567 568 568 568 568 565 565 565 565 563 563 563 563 569 569 569 569 564 564 564 564 569 569 569 569 567 567 567 567 564 564 564 564 569 569 569 569 563 563 563 563 566 566 566 566 568 568 568 568 567 567 567 567 570 570 570 570 567 567 567 567 571 571 571 571 570 570 570 570 570 570 570 570 571 571 571 571 572 572 572 572 569 569 569 569 573 573 573 573 567 567 567 567 573 573 573 573 571 571 571 571 567 567 567 567 571 571 571 571 574 574 574 574 572 572 572 572 571 571 571 571 573 573 573 573 574 574 574 574 572 572 572 572 574 574 574 574 575 575 575 575 576 576 576 576 573 573 573 573 569 569 569 569 566 566 566 566 576 576 576 576 569 569 569 569 573 573 573 573 577 577 577 577 574 574 574 574 573 573 573 573 576 576 576 576 577 577 577 577 574 574 574 574 578 578 578 578 575 575 575 575 578 578 578 578 574 574 574 574 577 577 577 577 579 579 579 579 575 575 575 575 578 578 578 578 580 580 580 580 579 579 579 579 578 578 578 578 580 580 580 580 578 578 578 578 581 581 581 581 581 581 581 581 578 578 578 578 577 577 577 577 582 582 582 582 580 580 580 580 581 581 581 581 577 577 577 577 583 583 583 583 581 581 581 581 576 576 576 576 583 583 583 583 577 577 577 577 582 582 582 582 581 581 581 581 584 584 584 584 583 583 583 583 584 584 584 584 581 581 581 581 585 585 585 585 582 582 582 582 584 584 584 584 576 576 576 576 586 586 586 586 583 583 583 583 586 586 586 586 576 576 576 576 566 566 566 566 583 583 583 583 587 587 587 587 584 584 584 584 586 586 586 586 587 587 587 587 583 583 583 583 585 585 585 585 584 584 584 584 588 588 588 588 587 587 587 587 588 588 588 588 584 584 584 584 589 589 589 589 585 585 585 585 588 588 588 588 588 588 588 588 587 587 587 587 590 590 590 590 590 590 590 590 587 587 587 587 586 586 586 586 589 589 589 589 588 588 588 588 591 591 591 591 591 591 591 591 588 588 588 588 590 590 590 590 592 592 592 592 589 589 589 589 591 591 591 591 592 592 592 592 591 591 591 591 593 593 593 593 594 594 594 594 592 592 592 592 593 593 593 593 595 595 595 595 593 593 593 593 591 591 591 591 590 590 590 590 595 595 595 595 591 591 591 591 594 594 594 594 593 593 593 593 596 596 596 596 596 596 596 596 593 593 593 593 595 595 595 595 597 597 597 597 598 598 598 598 594 594 594 594 596 596 596 596 597 597 597 597 594 594 594 594 597 597 597 597 596 596 596 596 599 599 599 599 596 596 596 596 600 600 600 600 599 599 599 599 600 600 600 600 596 596 596 596 595 595 595 595 599 599 599 599 600 600 600 600 601 601 601 601 600 600 600 600 595 595 595 595 602 602 602 602 590 590 590 590 602 602 602 602 595 595 595 595 600 600 600 600 603 603 603 603 601 601 601 601 603 603 603 603 600 600 600 600 602 602 602 602 603 603 603 603 604 604 604 604 601 601 601 601 603 603 603 603 602 602 602 602 604 604 604 604 604 604 604 604 605 605 605 605 601 601 601 601 602 602 602 602 590 590 590 590 606 606 606 606 606 606 606 606 590 590 590 590 586 586 586 586 602 602 602 602 607 607 607 607 604 604 604 604 606 606 606 606 607 607 607 607 602 602 602 602 604 604 604 604 608 608 608 608 605 605 605 605 608 608 608 608 544 544 544 544 605 605 605 605 608 608 608 608 542 542 542 542 544 544 544 544 604 604 604 604 607 607 607 607 609 609 609 609 608 608 608 608 604 604 604 604 609 609 609 609 609 609 609 609 607 607 607 607 606 606 606 606 610 610 610 610 542 542 542 542 608 608 608 608 608 608 608 608 609 609 609 609 610 610 610 610 609 609 609 609 606 606 606 606 610 610 610 610 606 606 606 606 586 586 586 586 610 610 610 610 542 542 542 542 610 610 610 610 545 545 545 545 551 551 551 551 545 545 545 545 610 610 610 610 586 586 586 586 611 611 611 611 610 610 610 610 611 611 611 611 551 551 551 551 610 610 610 610 611 611 611 611 586 586 586 586 566 566 566 566 562 562 562 562 551 551 551 551 611 611 611 611 566 566 566 566 562 562 562 562 611 611 611 611 612 612 612 612 613 613 613 613 614 614 614 614 615 615 615 615 612 612 612 612 614 614 614 614 616 616 616 616 615 615 615 615 614 614 614 614 617 617 617 617 612 612 612 612 615 615 615 615 615 615 615 615 616 616 616 616 618 618 618 618 619 619 619 619 617 617 617 617 615 615 615 615 620 620 620 620 618 618 618 618 616 616 616 616 621 621 621 621 620 620 620 620 616 616 616 616 622 622 622 622 615 615 615 615 618 618 618 618 615 615 615 615 622 622 622 622 619 619 619 619 623 623 623 623 620 620 620 620 621 621 621 621 624 624 624 624 623 623 623 623 621 621 621 621 618 618 618 618 620 620 620 620 625 625 625 625 620 620 620 620 623 623 623 623 625 625 625 625 622 622 622 622 618 618 618 618 625 625 625 625 626 626 626 626 623 623 623 623 624 624 624 624 627 627 627 627 626 626 626 626 624 624 624 624 627 627 627 627 628 628 628 628 626 626 626 626 623 623 623 623 629 629 629 629 625 625 625 625 623 623 623 623 626 626 626 626 629 629 629 629 628 628 628 628 630 630 630 630 626 626 626 626 628 628 628 628 631 631 631 631 630 630 630 630 631 631 631 631 632 632 632 632 630 630 630 630 626 626 626 626 630 630 630 630 633 633 633 633 626 626 626 626 633 633 633 633 629 629 629 629 630 630 630 630 632 632 632 632 634 634 634 634 630 630 630 630 634 634 634 634 633 633 633 633 632 632 632 632 635 635 635 635 634 634 634 634 636 636 636 636 629 629 629 629 633 633 633 633 637 637 637 637 634 634 634 634 635 635 635 635 638 638 638 638 637 637 637 637 635 635 635 635 639 639 639 639 633 633 633 633 634 634 634 634 637 637 637 637 639 639 639 639 634 634 634 634 639 639 639 639 636 636 636 636 633 633 633 633 640 640 640 640 637 637 637 637 638 638 638 638 641 641 641 641 640 640 640 640 638 638 638 638 641 641 641 641 642 642 642 642 640 640 640 640 643 643 643 643 639 639 639 639 637 637 637 637 640 640 640 640 643 643 643 643 637 637 637 637 642 642 642 642 644 644 644 644 640 640 640 640 644 644 644 644 642 642 642 642 645 645 645 645 646 646 646 646 643 643 643 643 640 640 640 640 644 644 644 644 646 646 646 646 640 640 640 640 647 647 647 647 644 644 644 644 645 645 645 645 644 644 644 644 647 647 647 647 646 646 646 646 647 647 647 647 645 645 645 645 648 648 648 648 639 639 639 639 643 643 643 643 649 649 649 649 636 636 636 636 639 639 639 639 649 649 649 649 650 650 650 650 647 647 647 647 648 648 648 648 648 648 648 648 651 651 651 651 650 650 650 650 651 651 651 651 652 652 652 652 650 650 650 650 647 647 647 647 650 650 650 650 653 653 653 653 647 647 647 647 653 653 653 653 646 646 646 646 650 650 650 650 652 652 652 652 654 654 654 654 650 650 650 650 654 654 654 654 653 653 653 653 652 652 652 652 655 655 655 655 654 654 654 654 646 646 646 646 653 653 653 653 656 656 656 656 646 646 646 646 656 656 656 656 643 643 643 643 656 656 656 656 649 649 649 649 643 643 643 643 657 657 657 657 653 653 653 653 654 654 654 654 653 653 653 653 657 657 657 657 656 656 656 656 654 654 654 654 655 655 655 655 658 658 658 658 658 658 658 658 657 657 657 657 654 654 654 654 655 655 655 655 659 659 659 659 658 658 658 658 656 656 656 656 657 657 657 657 660 660 660 660 656 656 656 656 660 660 660 660 649 649 649 649 661 661 661 661 657 657 657 657 658 658 658 658 657 657 657 657 661 661 661 661 660 660 660 660 658 658 658 658 659 659 659 659 662 662 662 662 662 662 662 662 661 661 661 661 658 658 658 658 659 659 659 659 663 663 663 663 662 662 662 662 661 661 661 661 662 662 662 662 664 664 664 664 661 661 661 661 664 664 664 664 660 660 660 660 662 662 662 662 663 663 663 663 665 665 665 665 662 662 662 662 665 665 665 665 664 664 664 664 663 663 663 663 666 666 666 666 665 665 665 665 666 666 666 666 667 667 667 667 665 665 665 665 668 668 668 668 667 667 667 667 666 666 666 666 669 669 669 669 665 665 665 665 667 667 667 667 664 664 664 664 665 665 665 665 669 669 669 669 668 668 668 668 670 670 670 670 667 667 667 667 667 667 667 667 670 670 670 670 669 669 669 669 671 671 671 671 672 672 672 672 668 668 668 668 672 672 672 672 670 670 670 670 668 668 668 668 670 670 670 670 672 672 672 672 673 673 673 673 674 674 674 674 670 670 670 670 673 673 673 673 670 670 670 670 674 674 674 674 669 669 669 669 674 674 674 674 673 673 673 673 675 675 675 675 669 669 669 669 674 674 674 674 676 676 676 676 664 664 664 664 669 669 669 669 676 676 676 676 677 677 677 677 674 674 674 674 675 675 675 675 674 674 674 674 677 677 677 677 676 676 676 676 678 678 678 678 677 677 677 677 675 675 675 675 676 676 676 676 677 677 677 677 678 678 678 678 679 679 679 679 678 678 678 678 675 675 675 675 676 676 676 676 680 680 680 680 664 664 664 664 664 664 664 664 680 680 680 680 660 660 660 660 681 681 681 681 676 676 676 676 678 678 678 678 680 680 680 680 676 676 676 676 681 681 681 681 682 682 682 682 678 678 678 678 679 679 679 679 683 683 683 683 682 682 682 682 679 679 679 679 684 684 684 684 681 681 681 681 678 678 678 678 684 684 684 684 680 680 680 680 681 681 681 681 682 682 682 682 684 684 684 684 678 678 678 678 684 684 684 684 685 685 685 685 680 680 680 680 682 682 682 682 685 685 685 685 684 684 684 684 680 680 680 680 685 685 685 685 660 660 660 660 686 686 686 686 682 682 682 682 683 683 683 683 685 685 685 685 682 682 682 682 686 686 686 686 687 687 687 687 686 686 686 686 683 683 683 683 686 686 686 686 687 687 687 687 688 688 688 688 685 685 685 685 689 689 689 689 660 660 660 660 660 660 660 660 689 689 689 689 649 649 649 649 636 636 636 636 649 649 649 649 689 689 689 689 690 690 690 690 636 636 636 636 689 689 689 689 690 690 690 690 689 689 689 689 685 685 685 685 636 636 636 636 690 690 690 690 629 629 629 629 690 690 690 690 625 625 625 625 629 629 629 629 691 691 691 691 690 690 690 690 685 685 685 685 625 625 625 625 690 690 690 690 691 691 691 691 686 686 686 686 691 691 691 691 685 685 685 685 622 622 622 622 625 625 625 625 691 691 691 691 691 691 691 691 686 686 686 686 692 692 692 692 692 692 692 692 622 622 622 622 691 691 691 691 692 692 692 692 686 686 686 686 688 688 688 688 622 622 622 622 692 692 692 692 619 619 619 619 688 688 688 688 617 617 617 617 692 692 692 692 617 617 617 617 619 619 619 619 692 692 692 692 693 693 693 693 694 694 694 694 695 695 695 695 696 696 696 696 693 693 693 693 695 695 695 695 695 695 695 695 697 697 697 697 696 696 696 696 698 698 698 698 693 693 693 693 696 696 696 696 697 697 697 697 699 699 699 699 696 696 696 696 699 699 699 699 697 697 697 697 700 700 700 700 701 701 701 701 698 698 698 698 696 696 696 696 696 696 696 696 699 699 699 699 701 701 701 701 698 698 698 698 701 701 701 701 702 702 702 702 703 703 703 703 699 699 699 699 700 700 700 700 703 703 703 703 700 700 700 700 704 704 704 704 699 699 699 699 705 705 705 705 701 701 701 701 699 699 699 699 703 703 703 703 705 705 705 705 701 701 701 701 706 706 706 706 702 702 702 702 701 701 701 701 705 705 705 705 706 706 706 706 707 707 707 707 702 702 702 702 706 706 706 706 708 708 708 708 703 703 703 703 704 704 704 704 704 704 704 704 709 709 709 709 708 708 708 708 710 710 710 710 707 707 707 707 706 706 706 706 711 711 711 711 707 707 707 707 710 710 710 710 705 705 705 705 712 712 712 712 706 706 706 706 710 710 710 710 706 706 706 706 712 712 712 712 703 703 703 703 713 713 713 713 705 705 705 705 712 712 712 712 705 705 705 705 713 713 713 713 703 703 703 703 708 708 708 708 713 713 713 713 714 714 714 714 711 711 711 711 710 710 710 710 711 711 711 711 714 714 714 714 715 715 715 715 716 716 716 716 710 710 710 710 712 712 712 712 714 714 714 714 710 710 710 710 716 716 716 716 717 717 717 717 712 712 712 712 713 713 713 713 716 716 716 716 712 712 712 712 717 717 717 717 714 714 714 714 718 718 718 718 715 715 715 715 718 718 718 718 719 719 719 719 715 715 715 715 720 720 720 720 714 714 714 714 716 716 716 716 714 714 714 714 720 720 720 720 718 718 718 718 721 721 721 721 719 719 719 719 722 722 722 722 718 718 718 718 723 723 723 723 719 719 719 719 719 719 719 719 723 723 723 723 722 722 722 722 720 720 720 720 724 724 724 724 718 718 718 718 724 724 724 724 723 723 723 723 718 718 718 718 720 720 720 720 716 716 716 716 725 725 725 725 725 725 725 725 716 716 716 716 717 717 717 717 720 720 720 720 726 726 726 726 724 724 724 724 726 726 726 726 720 720 720 720 725 725 725 725 723 723 723 723 724 724 724 724 727 727 727 727 726 726 726 726 727 727 727 727 724 724 724 724 722 722 722 722 723 723 723 723 728 728 728 728 728 728 728 728 723 723 723 723 727 727 727 727 729 729 729 729 722 722 722 722 728 728 728 728 726 726 726 726 730 730 730 730 727 727 727 727 729 729 729 729 728 728 728 728 731 731 731 731 732 732 732 732 729 729 729 729 731 731 731 731 728 728 728 728 727 727 727 727 733 733 733 733 730 730 730 730 733 733 733 733 727 727 727 727 733 733 733 733 734 734 734 734 728 728 728 728 734 734 734 734 731 731 731 731 728 728 728 728 730 730 730 730 735 735 735 735 733 733 733 733 735 735 735 735 734 734 734 734 733 733 733 733 736 736 736 736 730 730 730 730 726 726 726 726 725 725 725 725 736 736 736 736 726 726 726 726 737 737 737 737 735 735 735 735 730 730 730 730 736 736 736 736 737 737 737 737 730 730 730 730 738 738 738 738 736 736 736 736 725 725 725 725 717 717 717 717 738 738 738 738 725 725 725 725 739 739 739 739 737 737 737 737 736 736 736 736 738 738 738 738 739 739 739 739 736 736 736 736 740 740 740 740 738 738 738 738 717 717 717 717 713 713 713 713 740 740 740 740 717 717 717 717 708 708 708 708 740 740 740 740 713 713 713 713 738 738 738 738 740 740 740 740 741 741 741 741 739 739 739 739 738 738 738 738 741 741 741 741 708 708 708 708 742 742 742 742 740 740 740 740 742 742 742 742 741 741 741 741 740 740 740 740 709 709 709 709 742 742 742 742 708 708 708 708 742 742 742 742 709 709 709 709 743 743 743 743 739 739 739 739 741 741 741 741 744 744 744 744 744 744 744 744 741 741 741 741 742 742 742 742 745 745 745 745 742 742 742 742 743 743 743 743 742 742 742 742 745 745 745 745 744 744 744 744 745 745 745 745 743 743 743 743 746 746 746 746 743 743 743 743 747 747 747 747 746 746 746 746 745 745 745 745 748 748 748 748 744 744 744 744 748 748 748 748 745 745 745 745 746 746 746 746 746 746 746 746 747 747 747 747 749 749 749 749 747 747 747 747 750 750 750 750 749 749 749 749 751 751 751 751 748 748 748 748 746 746 746 746 751 751 751 751 746 746 746 746 749 749 749 749 750 750 750 750 752 752 752 752 753 753 753 753 749 749 749 749 750 750 750 750 753 753 753 753 754 754 754 754 749 749 749 749 753 753 753 753 754 754 754 754 751 751 751 751 749 749 749 749 755 755 755 755 754 754 754 754 753 753 753 753 748 748 748 748 751 751 751 751 756 756 756 756 756 756 756 756 751 751 751 751 754 754 754 754 755 755 755 755 757 757 757 757 754 754 754 754 757 757 757 757 756 756 756 756 754 754 754 754 757 757 757 757 755 755 755 755 758 758 758 758 759 759 759 759 748 748 748 748 756 756 756 756 748 748 748 748 759 759 759 759 744 744 744 744 757 757 757 757 760 760 760 760 756 756 756 756 760 760 760 760 757 757 757 757 758 758 758 758 760 760 760 760 761 761 761 761 756 756 756 756 759 759 759 759 756 756 756 756 761 761 761 761 762 762 762 762 760 760 760 760 758 758 758 758 761 761 761 761 760 760 760 760 762 762 762 762 763 763 763 763 762 762 762 762 758 758 758 758 763 763 763 763 764 764 764 764 762 762 762 762 765 765 765 765 759 759 759 759 761 761 761 761 764 764 764 764 766 766 766 766 762 762 762 762 759 759 759 759 765 765 765 765 767 767 767 767 759 759 759 759 767 767 767 767 744 744 744 744 766 766 766 766 764 764 764 764 768 768 768 768 764 764 764 764 769 769 769 769 768 768 768 768 770 770 770 770 744 744 744 744 767 767 767 767 770 770 770 770 739 739 739 739 744 744 744 744 739 739 739 739 770 770 770 770 737 737 737 737 769 769 769 769 771 771 771 771 768 768 768 768 769 769 769 769 772 772 772 772 771 771 771 771 770 770 770 770 773 773 773 773 737 737 737 737 737 737 737 737 773 773 773 773 735 735 735 735 772 772 772 772 774 774 774 774 775 775 775 775 776 776 776 776 772 772 772 772 775 775 775 775 772 772 772 772 776 776 776 776 771 771 771 771 776 776 776 776 775 775 775 775 777 777 777 777 771 771 771 771 776 776 776 776 778 778 778 778 779 779 779 779 776 776 776 776 777 777 777 777 776 776 776 776 779 779 779 779 778 778 778 778 779 779 779 779 777 777 777 777 780 780 780 780 771 771 771 771 778 778 778 778 781 781 781 781 768 768 768 768 771 771 771 771 781 781 781 781 766 766 766 766 768 768 768 768 781 781 781 781 778 778 778 778 779 779 779 779 782 782 782 782 778 778 778 778 782 782 782 782 781 781 781 781 783 783 783 783 779 779 779 779 780 780 780 780 779 779 779 779 783 783 783 783 782 782 782 782 784 784 784 784 783 783 783 783 780 780 780 780 785 785 785 785 784 784 784 784 780 780 780 780 782 782 782 782 783 783 783 783 786 786 786 786 783 783 783 783 784 784 784 784 786 786 786 786 782 782 782 782 787 787 787 787 781 781 781 781 782 782 782 782 786 786 786 786 787 787 787 787 788 788 788 788 766 766 766 766 781 781 781 781 788 788 788 788 781 781 781 781 787 787 787 787 766 766 766 766 788 788 788 788 762 762 762 762 788 788 788 788 789 789 789 789 762 762 762 762 789 789 789 789 761 761 761 761 762 762 762 762 789 789 789 789 790 790 790 790 761 761 761 761 789 789 789 789 788 788 788 788 790 790 790 790 790 790 790 790 765 765 765 765 761 761 761 761 791 791 791 791 788 788 788 788 787 787 787 787 788 788 788 788 791 791 791 791 790 790 790 790 790 790 790 790 792 792 792 792 765 765 765 765 790 790 790 790 791 791 791 791 792 792 792 792 791 791 791 791 787 787 787 787 793 793 793 793 786 786 786 786 793 793 793 793 787 787 787 787 791 791 791 791 794 794 794 794 792 792 792 792 794 794 794 794 791 791 791 791 793 793 793 793 792 792 792 792 795 795 795 795 765 765 765 765 765 765 765 765 795 795 795 795 767 767 767 767 792 792 792 792 794 794 794 794 796 796 796 796 792 792 792 792 796 796 796 796 795 795 795 795 767 767 767 767 795 795 795 795 797 797 797 797 797 797 797 797 770 770 770 770 767 767 767 767 770 770 770 770 797 797 797 797 773 773 773 773 795 795 795 795 798 798 798 798 797 797 797 797 796 796 796 796 798 798 798 798 795 795 795 795 797 797 797 797 799 799 799 799 773 773 773 773 799 799 799 799 797 797 797 797 798 798 798 798 773 773 773 773 799 799 799 799 800 800 800 800 773 773 773 773 800 800 800 800 735 735 735 735 735 735 735 735 800 800 800 800 734 734 734 734 801 801 801 801 799 799 799 799 798 798 798 798 801 801 801 801 798 798 798 798 796 796 796 796 799 799 799 799 802 802 802 802 800 800 800 800 802 802 802 802 799 799 799 799 801 801 801 801 800 800 800 800 803 803 803 803 734 734 734 734 800 800 800 800 802 802 802 802 803 803 803 803 734 734 734 734 803 803 803 803 731 731 731 731 804 804 804 804 802 802 802 802 801 801 801 801 731 731 731 731 803 803 803 803 805 805 805 805 732 732 732 732 731 731 731 731 805 805 805 805 802 802 802 802 806 806 806 806 803 803 803 803 805 805 805 805 803 803 803 803 806 806 806 806 802 802 802 802 804 804 804 804 806 806 806 806 807 807 807 807 732 732 732 732 805 805 805 805 804 804 804 804 808 808 808 808 806 806 806 806 805 805 805 805 806 806 806 806 808 808 808 808 805 805 805 805 809 809 809 809 807 807 807 807 809 809 809 809 805 805 805 805 808 808 808 808 809 809 809 809 810 810 810 810 807 807 807 807 808 808 808 808 804 804 804 804 811 811 811 811 809 809 809 809 812 812 812 812 810 810 810 810 812 812 812 812 813 813 813 813 810 810 810 810 814 814 814 814 813 813 813 813 812 812 812 812 809 809 809 809 808 808 808 808 815 815 815 815 812 812 812 812 809 809 809 809 815 815 815 815 815 815 815 815 808 808 808 808 811 811 811 811 816 816 816 816 814 814 814 814 812 812 812 812 816 816 816 816 812 812 812 812 815 815 815 815 817 817 817 817 814 814 814 814 816 816 816 816 818 818 818 818 816 816 816 816 815 815 815 815 818 818 818 818 815 815 815 815 811 811 811 811 819 819 819 819 817 817 817 817 816 816 816 816 816 816 816 816 818 818 818 818 819 819 819 819 817 817 817 817 819 819 819 819 820 820 820 820 821 821 821 821 818 818 818 818 811 811 811 811 819 819 819 819 822 822 822 822 820 820 820 820 820 820 820 820 822 822 822 822 823 823 823 823 818 818 818 818 824 824 824 824 819 819 819 819 818 818 818 818 821 821 821 821 824 824 824 824 825 825 825 825 819 819 819 819 824 824 824 824 819 819 819 819 825 825 825 825 822 822 822 822 821 821 821 821 826 826 826 826 824 824 824 824 825 825 825 825 824 824 824 824 826 826 826 826 821 821 821 821 811 811 811 811 827 827 827 827 811 811 811 811 804 804 804 804 827 827 827 827 804 804 804 804 801 801 801 801 827 827 827 827 827 827 827 827 801 801 801 801 796 796 796 796 828 828 828 828 821 821 821 821 827 827 827 827 828 828 828 828 827 827 827 827 796 796 796 796 821 821 821 821 828 828 828 828 826 826 826 826 829 829 829 829 828 828 828 828 796 796 796 796 794 794 794 794 829 829 829 829 796 796 796 796 828 828 828 828 830 830 830 830 826 826 826 826 828 828 828 828 829 829 829 829 830 830 830 830 829 829 829 829 794 794 794 794 831 831 831 831 829 829 829 829 831 831 831 831 830 830 830 830 794 794 794 794 793 793 793 793 831 831 831 831 832 832 832 832 826 826 826 826 830 830 830 830 832 832 832 832 825 825 825 825 826 826 826 826 833 833 833 833 830 830 830 830 831 831 831 831 833 833 833 833 832 832 832 832 830 830 830 830 831 831 831 831 793 793 793 793 834 834 834 834 834 834 834 834 833 833 833 833 831 831 831 831 793 793 793 793 786 786 786 786 834 834 834 834 835 835 835 835 825 825 825 825 832 832 832 832 835 835 835 835 822 822 822 822 825 825 825 825 836 836 836 836 832 832 832 832 833 833 833 833 836 836 836 836 835 835 835 835 832 832 832 832 837 837 837 837 833 833 833 833 834 834 834 834 837 837 837 837 836 836 836 836 833 833 833 833 838 838 838 838 822 822 822 822 835 835 835 835 822 822 822 822 838 838 838 838 823 823 823 823 839 839 839 839 823 823 823 823 838 838 838 838 840 840 840 840 835 835 835 835 836 836 836 836 840 840 840 840 838 838 838 838 835 835 835 835 841 841 841 841 840 840 840 840 836 836 836 836 841 841 841 841 836 836 836 836 837 837 837 837 838 838 838 838 840 840 840 840 842 842 842 842 840 840 840 840 841 841 841 841 842 842 842 842 843 843 843 843 839 839 839 839 838 838 838 838 838 838 838 838 842 842 842 842 843 843 843 843 844 844 844 844 845 845 845 845 839 839 839 839 843 843 843 843 844 844 844 844 839 839 839 839 846 846 846 846 844 844 844 844 843 843 843 843 844 844 844 844 846 846 846 846 847 847 847 847 842 842 842 842 848 848 848 848 843 843 843 843 843 843 843 843 848 848 848 848 846 846 846 846 848 848 848 848 842 842 842 842 849 849 849 849 841 841 841 841 849 849 849 849 842 842 842 842 848 848 848 848 850 850 850 850 846 846 846 846 850 850 850 850 848 848 848 848 849 849 849 849 846 846 846 846 851 851 851 851 847 847 847 847 850 850 850 850 851 851 851 851 846 846 846 846 851 851 851 851 852 852 852 852 847 847 847 847 841 841 841 841 853 853 853 853 849 849 849 849 853 853 853 853 841 841 841 841 837 837 837 837 851 851 851 851 854 854 854 854 852 852 852 852 854 854 854 854 855 855 855 855 852 852 852 852 850 850 850 850 856 856 856 856 851 851 851 851 856 856 856 856 854 854 854 854 851 851 851 851 849 849 849 849 857 857 857 857 850 850 850 850 857 857 857 857 856 856 856 856 850 850 850 850 853 853 853 853 857 857 857 857 849 849 849 849 854 854 854 854 858 858 858 858 855 855 855 855 858 858 858 858 859 859 859 859 855 855 855 855 856 856 856 856 860 860 860 860 854 854 854 854 860 860 860 860 858 858 858 858 854 854 854 854 857 857 857 857 861 861 861 861 856 856 856 856 861 861 861 861 860 860 860 860 856 856 856 856 858 858 858 858 862 862 862 862 859 859 859 859 862 862 862 862 863 863 863 863 859 859 859 859 860 860 860 860 864 864 864 864 858 858 858 858 864 864 864 864 862 862 862 862 858 858 858 858 862 862 862 862 865 865 865 865 863 863 863 863 865 865 865 865 866 866 866 866 863 863 863 863 867 867 867 867 868 868 868 868 866 866 866 866 865 865 865 865 867 867 867 867 866 866 866 866 867 867 867 867 865 865 865 865 869 869 869 869 870 870 870 870 865 865 865 865 862 862 862 862 865 865 865 865 870 870 870 870 869 869 869 869 864 864 864 864 870 870 870 870 862 862 862 862 869 869 869 869 870 870 870 870 871 871 871 871 870 870 870 870 872 872 872 872 871 871 871 871 872 872 872 872 870 870 870 870 864 864 864 864 873 873 873 873 871 871 871 871 872 872 872 872 874 874 874 874 864 864 864 864 860 860 860 860 874 874 874 874 872 872 872 872 864 864 864 864 861 861 861 861 874 874 874 874 860 860 860 860 875 875 875 875 873 873 873 873 872 872 872 872 872 872 872 872 874 874 874 874 875 875 875 875 873 873 873 873 875 875 875 875 785 785 785 785 875 875 875 875 784 784 784 784 785 785 785 785 874 874 874 874 876 876 876 876 875 875 875 875 784 784 784 784 875 875 875 875 876 876 876 876 876 876 876 876 874 874 874 874 861 861 861 861 877 877 877 877 784 784 784 784 876 876 876 876 877 877 877 877 786 786 786 786 784 784 784 784 878 878 878 878 876 876 876 876 861 861 861 861 876 876 876 876 878 878 878 878 877 877 877 877 878 878 878 878 861 861 861 861 857 857 857 857 853 853 853 853 878 878 878 878 857 857 857 857 786 786 786 786 877 877 877 877 879 879 879 879 878 878 878 878 879 879 879 879 877 877 877 877 878 878 878 878 853 853 853 853 879 879 879 879 834 834 834 834 786 786 786 786 879 879 879 879 853 853 853 853 837 837 837 837 879 879 879 879 879 879 879 879 837 837 837 837 834 834 834 834 880 880 880 880 881 881 881 881 882 882 882 882 881 881 881 881 883 883 883 883 882 882 882 882 882 882 882 882 883 883 883 883 884 884 884 884 883 883 883 883 881 881 881 881 885 885 885 885 881 881 881 881 886 886 886 886 885 885 885 885 883 883 883 883 887 887 887 887 884 884 884 884 884 884 884 884 887 887 887 887 888 888 888 888 883 883 883 883 885 885 885 885 889 889 889 889 887 887 887 887 883 883 883 883 889 889 889 889 885 885 885 885 886 886 886 886 890 890 890 890 886 886 886 886 891 891 891 891 890 890 890 890 887 887 887 887 892 892 892 892 888 888 888 888 888 888 888 888 892 892 892 892 893 893 893 893 892 892 892 892 887 887 887 887 894 894 894 894 887 887 887 887 889 889 889 889 894 894 894 894 892 892 892 892 895 895 895 895 893 893 893 893 892 892 892 892 894 894 894 894 895 895 895 895 893 893 893 893 895 895 895 895 896 896 896 896 897 897 897 897 889 889 889 889 885 885 885 885 890 890 890 890 897 897 897 897 885 885 885 885 895 895 895 895 898 898 898 898 896 896 896 896 896 896 896 896 898 898 898 898 899 899 899 899 897 897 897 897 900 900 900 900 889 889 889 889 900 900 900 900 894 894 894 894 889 889 889 889 898 898 898 898 901 901 901 901 899 899 899 899 899 899 899 899 901 901 901 901 902 902 902 902 898 898 898 898 895 895 895 895 903 903 903 903 898 898 898 898 903 903 903 903 901 901 901 901 894 894 894 894 904 904 904 904 895 895 895 895 895 895 895 895 904 904 904 904 903 903 903 903 904 904 904 904 894 894 894 894 905 905 905 905 894 894 894 894 900 900 900 900 905 905 905 905 903 903 903 903 904 904 904 904 906 906 906 906 904 904 904 904 905 905 905 905 906 906 906 906 903 903 903 903 907 907 907 907 901 901 901 901 901 901 901 901 908 908 908 908 902 902 902 902 901 901 901 901 907 907 907 907 908 908 908 908 902 902 902 902 908 908 908 908 909 909 909 909 910 910 910 910 907 907 907 907 903 903 903 903 906 906 906 906 910 910 910 910 903 903 903 903 907 907 907 907 911 911 911 911 908 908 908 908 911 911 911 911 907 907 907 907 910 910 910 910 908 908 908 908 912 912 912 912 909 909 909 909 908 908 908 908 911 911 911 911 912 912 912 912 909 909 909 909 912 912 912 912 913 913 913 913 909 909 909 909 913 913 913 913 914 914 914 914 914 914 914 914 913 913 913 913 915 915 915 915 915 915 915 915 913 913 913 913 916 916 916 916 913 913 913 913 917 917 917 917 916 916 916 916 913 913 913 913 912 912 912 912 918 918 918 918 913 913 913 913 918 918 918 918 917 917 917 917 912 912 912 912 919 919 919 919 918 918 918 918 911 911 911 911 919 919 919 919 912 912 912 912 918 918 918 918 920 920 920 920 917 917 917 917 919 919 919 919 920 920 920 920 918 918 918 918 917 917 917 917 920 920 920 920 921 921 921 921 919 919 919 919 911 911 911 911 922 922 922 922 922 922 922 922 911 911 911 911 910 910 910 910 919 919 919 919 923 923 923 923 920 920 920 920 923 923 923 923 919 919 919 919 922 922 922 922 920 920 920 920 924 924 924 924 921 921 921 921 923 923 923 923 924 924 924 924 920 920 920 920 924 924 924 924 925 925 925 925 921 921 921 921 925 925 925 925 924 924 924 924 926 926 926 926 924 924 924 924 927 927 927 927 926 926 926 926 924 924 924 924 923 923 923 923 927 927 927 927 926 926 926 926 927 927 927 927 928 928 928 928 923 923 923 923 929 929 929 929 927 927 927 927 923 923 923 923 922 922 922 922 929 929 929 929 927 927 927 927 930 930 930 930 928 928 928 928 927 927 927 927 929 929 929 929 930 930 930 930 928 928 928 928 930 930 930 930 931 931 931 931 922 922 922 922 932 932 932 932 929 929 929 929 922 922 922 922 910 910 910 910 932 932 932 932 929 929 929 929 933 933 933 933 930 930 930 930 933 933 933 933 929 929 929 929 932 932 932 932 930 930 930 930 934 934 934 934 931 931 931 931 934 934 934 934 930 930 930 930 933 933 933 933 931 931 931 931 934 934 934 934 935 935 935 935 936 936 936 936 934 934 934 934 933 933 933 933 935 935 935 935 934 934 934 934 936 936 936 936 937 937 937 937 933 933 933 933 932 932 932 932 936 936 936 936 933 933 933 933 937 937 937 937 910 910 910 910 938 938 938 938 932 932 932 932 937 937 937 937 932 932 932 932 938 938 938 938 938 938 938 938 910 910 910 910 906 906 906 906 939 939 939 939 935 935 935 935 936 936 936 936 939 939 939 939 940 940 940 940 935 935 935 935 941 941 941 941 936 936 936 936 937 937 937 937 939 939 939 939 936 936 936 936 941 941 941 941 942 942 942 942 937 937 937 937 938 938 938 938 941 941 941 941 937 937 937 937 942 942 942 942 943 943 943 943 938 938 938 938 906 906 906 906 942 942 942 942 938 938 938 938 943 943 943 943 906 906 906 906 905 905 905 905 943 943 943 943 944 944 944 944 941 941 941 941 942 942 942 942 905 905 905 905 945 945 945 945 943 943 943 943 905 905 905 905 900 900 900 900 945 945 945 945 946 946 946 946 942 942 942 942 943 943 943 943 943 943 943 943 945 945 945 945 946 946 946 946 900 900 900 900 947 947 947 947 945 945 945 945 947 947 947 947 900 900 900 900 897 897 897 897 945 945 945 945 948 948 948 948 946 946 946 946 945 945 945 945 947 947 947 947 948 948 948 948 946 946 946 946 949 949 949 949 942 942 942 942 949 949 949 949 946 946 946 946 948 948 948 948 949 949 949 949 944 944 944 944 942 942 942 942 950 950 950 950 947 947 947 947 897 897 897 897 950 950 950 950 897 897 897 897 890 890 890 890 947 947 947 947 951 951 951 951 948 948 948 948 951 951 951 951 947 947 947 947 950 950 950 950 952 952 952 952 948 948 948 948 951 951 951 951 952 952 952 952 949 949 949 949 948 948 948 948 953 953 953 953 951 951 951 951 950 950 950 950 954 954 954 954 950 950 950 950 890 890 890 890 953 953 953 953 950 950 950 950 954 954 954 954 890 890 890 890 891 891 891 891 954 954 954 954 891 891 891 891 955 955 955 955 954 954 954 954 955 955 955 955 956 956 956 956 954 954 954 954 956 956 956 956 957 957 957 957 954 954 954 954 957 957 957 957 953 953 953 953 954 954 954 954 956 956 956 956 958 958 958 958 957 957 957 957 959 959 959 959 951 951 951 951 953 953 953 953 959 959 959 959 952 952 952 952 951 951 951 951 960 960 960 960 953 953 953 953 957 957 957 957 960 960 960 960 959 959 959 959 953 953 953 953 958 958 958 958 961 961 961 961 957 957 957 957 961 961 961 961 960 960 960 960 957 957 957 957 958 958 958 958 962 962 962 962 961 961 961 961 963 963 963 963 960 960 960 960 961 961 961 961 960 960 960 960 963 963 963 963 959 959 959 959 962 962 962 962 964 964 964 964 961 961 961 961 964 964 964 964 963 963 963 963 961 961 961 961 965 965 965 965 964 964 964 964 962 962 962 962 966 966 966 966 965 965 965 965 962 962 962 962 965 965 965 965 966 966 966 966 967 967 967 967 968 968 968 968 965 965 965 965 967 967 967 967 965 965 965 965 969 969 969 969 964 964 964 964 969 969 969 969 965 965 965 965 968 968 968 968 969 969 969 969 963 963 963 963 964 964 964 964 970 970 970 970 969 969 969 969 968 968 968 968 963 963 963 963 969 969 969 969 971 971 971 971 963 963 963 963 971 971 971 971 959 959 959 959 969 969 969 969 970 970 970 970 972 972 972 972 969 969 969 969 972 972 972 972 971 971 971 971 970 970 970 970 973 973 973 973 972 972 972 972 971 971 971 971 974 974 974 974 959 959 959 959 974 974 974 974 952 952 952 952 959 959 959 959 952 952 952 952 974 974 974 974 949 949 949 949 972 972 972 972 975 975 975 975 971 971 971 971 975 975 975 975 972 972 972 972 973 973 973 973 975 975 975 975 974 974 974 974 971 971 971 971 976 976 976 976 975 975 975 975 973 973 973 973 974 974 974 974 977 977 977 977 949 949 949 949 977 977 977 977 974 974 974 974 975 975 975 975 978 978 978 978 975 975 975 975 976 976 976 976 978 978 978 978 977 977 977 977 975 975 975 975 979 979 979 979 978 978 978 978 976 976 976 976 977 977 977 977 980 980 980 980 949 949 949 949 980 980 980 980 944 944 944 944 949 949 949 949 977 977 977 977 978 978 978 978 981 981 981 981 978 978 978 978 979 979 979 979 981 981 981 981 980 980 980 980 977 977 977 977 981 981 981 981 979 979 979 979 982 982 982 982 981 981 981 981 982 982 982 982 983 983 983 983 981 981 981 981 983 983 983 983 984 984 984 984 981 981 981 981 981 981 981 981 984 984 984 984 980 980 980 980 983 983 983 983 985 985 985 985 984 984 984 984 980 980 980 980 986 986 986 986 944 944 944 944 984 984 984 984 986 986 986 986 980 980 980 980 986 986 986 986 941 941 941 941 944 944 944 944 986 986 986 986 939 939 939 939 941 941 941 941 985 985 985 985 987 987 987 987 984 984 984 984 984 984 984 984 987 987 987 987 986 986 986 986 987 987 987 987 939 939 939 939 986 986 986 986 985 985 985 985 988 988 988 988 987 987 987 987 939 939 939 939 987 987 987 987 940 940 940 940 988 988 988 988 989 989 989 989 987 987 987 987 940 940 940 940 987 987 987 987 989 989 989 989 988 988 988 988 990 990 990 990 989 989 989 989 940 940 940 940 989 989 989 989 991 991 991 991 990 990 990 990 991 991 991 991 989 989 989 989 992 992 992 992 993 993 993 993 994 994 994 994 995 995 995 995 992 992 992 992 994 994 994 994 995 995 995 995 994 994 994 994 996 996 996 996 992 992 992 992 995 995 995 995 997 997 997 997 998 998 998 998 992 992 992 992 997 997 997 997 999 999 999 999 995 995 995 995 996 996 996 996 999 999 999 999 996 996 996 996 1000 1000 1000 1000 1001 1001 1001 1001 997 997 997 997 995 995 995 995 999 999 999 999 1001 1001 1001 1001 995 995 995 995 997 997 997 997 1002 1002 1002 1002 998 998 998 998 1002 1002 1002 1002 1003 1003 1003 1003 998 998 998 998 1004 1004 1004 1004 999 999 999 999 1000 1000 1000 1000 1004 1004 1004 1004 1000 1000 1000 1000 1005 1005 1005 1005 1004 1004 1004 1004 1006 1006 1006 1006 999 999 999 999 1006 1006 1006 1006 1001 1001 1001 1001 999 999 999 999 1007 1007 1007 1007 1004 1004 1004 1004 1005 1005 1005 1005 1006 1006 1006 1006 1004 1004 1004 1004 1007 1007 1007 1007 1007 1007 1007 1007 1005 1005 1005 1005 1008 1008 1008 1008 1001 1001 1001 1001 1009 1009 1009 1009 997 997 997 997 1009 1009 1009 1009 1002 1002 1002 1002 997 997 997 997 1010 1010 1010 1010 1007 1007 1007 1007 1008 1008 1008 1008 1010 1010 1010 1010 1008 1008 1008 1008 1011 1011 1011 1011 1012 1012 1012 1012 1009 1009 1009 1009 1001 1001 1001 1001 1006 1006 1006 1006 1012 1012 1012 1012 1001 1001 1001 1001 1013 1013 1013 1013 1010 1010 1010 1010 1011 1011 1011 1011 1011 1011 1011 1011 1014 1014 1014 1014 1013 1013 1013 1013 1010 1010 1010 1010 1015 1015 1015 1015 1007 1007 1007 1007 1015 1015 1015 1015 1010 1010 1010 1010 1013 1013 1013 1013 1016 1016 1016 1016 1006 1006 1006 1006 1007 1007 1007 1007 1015 1015 1015 1015 1016 1016 1016 1016 1007 1007 1007 1007 1006 1006 1006 1006 1016 1016 1016 1016 1017 1017 1017 1017 1012 1012 1012 1012 1006 1006 1006 1006 1017 1017 1017 1017 1016 1016 1016 1016 1015 1015 1015 1015 1018 1018 1018 1018 1017 1017 1017 1017 1016 1016 1016 1016 1018 1018 1018 1018 1019 1019 1019 1019 1015 1015 1015 1015 1013 1013 1013 1013 1014 1014 1014 1014 1020 1020 1020 1020 1013 1013 1013 1013 1013 1013 1013 1013 1020 1020 1020 1020 1019 1019 1019 1019 1014 1014 1014 1014 1021 1021 1021 1021 1020 1020 1020 1020 1019 1019 1019 1019 1022 1022 1022 1022 1015 1015 1015 1015 1022 1022 1022 1022 1018 1018 1018 1018 1015 1015 1015 1015 1020 1020 1020 1020 1023 1023 1023 1023 1019 1019 1019 1019 1022 1022 1022 1022 1019 1019 1019 1019 1023 1023 1023 1023 1021 1021 1021 1021 1024 1024 1024 1024 1020 1020 1020 1020 1020 1020 1020 1020 1024 1024 1024 1024 1023 1023 1023 1023 1021 1021 1021 1021 1025 1025 1025 1025 1024 1024 1024 1024 1026 1026 1026 1026 1025 1025 1025 1025 1021 1021 1021 1021 1027 1027 1027 1027 1025 1025 1025 1025 1026 1026 1026 1026 1027 1027 1027 1027 1028 1028 1028 1028 1025 1025 1025 1025 1025 1025 1025 1025 1028 1028 1028 1028 1029 1029 1029 1029 1025 1025 1025 1025 1030 1030 1030 1030 1024 1024 1024 1024 1025 1025 1025 1025 1029 1029 1029 1029 1030 1030 1030 1030 1031 1031 1031 1031 1024 1024 1024 1024 1030 1030 1030 1030 1024 1024 1024 1024 1031 1031 1031 1031 1023 1023 1023 1023 1030 1030 1030 1030 1029 1029 1029 1029 1032 1032 1032 1032 1032 1032 1032 1032 1031 1031 1031 1031 1030 1030 1030 1030 1029 1029 1029 1029 1033 1033 1033 1033 1032 1032 1032 1032 1034 1034 1034 1034 1023 1023 1023 1023 1031 1031 1031 1031 1034 1034 1034 1034 1022 1022 1022 1022 1023 1023 1023 1023 1035 1035 1035 1035 1031 1031 1031 1031 1032 1032 1032 1032 1035 1035 1035 1035 1034 1034 1034 1034 1031 1031 1031 1031 1036 1036 1036 1036 1032 1032 1032 1032 1033 1033 1033 1033 1036 1036 1036 1036 1035 1035 1035 1035 1032 1032 1032 1032 1037 1037 1037 1037 1036 1036 1036 1036 1033 1033 1033 1033 1037 1037 1037 1037 1038 1038 1038 1038 1036 1036 1036 1036 1038 1038 1038 1038 1039 1039 1039 1039 1036 1036 1036 1036 1035 1035 1035 1035 1036 1036 1036 1036 1039 1039 1039 1039 1039 1039 1039 1039 1038 1038 1038 1038 1040 1040 1040 1040 1034 1034 1034 1034 1035 1035 1035 1035 1041 1041 1041 1041 1041 1041 1041 1041 1035 1035 1035 1035 1039 1039 1039 1039 1042 1042 1042 1042 1039 1039 1039 1039 1040 1040 1040 1040 1041 1041 1041 1041 1039 1039 1039 1039 1042 1042 1042 1042 1040 1040 1040 1040 1043 1043 1043 1043 1042 1042 1042 1042 1044 1044 1044 1044 1034 1034 1034 1034 1041 1041 1041 1041 1022 1022 1022 1022 1034 1034 1034 1034 1044 1044 1044 1044 1045 1045 1045 1045 1041 1041 1041 1041 1042 1042 1042 1042 1041 1041 1041 1041 1045 1045 1045 1045 1044 1044 1044 1044 1043 1043 1043 1043 1046 1046 1046 1046 1042 1042 1042 1042 1042 1042 1042 1042 1046 1046 1046 1046 1045 1045 1045 1045 1043 1043 1043 1043 1047 1047 1047 1047 1046 1046 1046 1046 1046 1046 1046 1046 1048 1048 1048 1048 1045 1045 1045 1045 1048 1048 1048 1048 1046 1046 1046 1046 1047 1047 1047 1047 1045 1045 1045 1045 1049 1049 1049 1049 1044 1044 1044 1044 1045 1045 1045 1045 1048 1048 1048 1048 1049 1049 1049 1049 1050 1050 1050 1050 1022 1022 1022 1022 1044 1044 1044 1044 1044 1044 1044 1044 1049 1049 1049 1049 1050 1050 1050 1050 1022 1022 1022 1022 1050 1050 1050 1050 1018 1018 1018 1018 1051 1051 1051 1051 1048 1048 1048 1048 1047 1047 1047 1047 1051 1051 1051 1051 1047 1047 1047 1047 1052 1052 1052 1052 1048 1048 1048 1048 1053 1053 1053 1053 1049 1049 1049 1049 1048 1048 1048 1048 1051 1051 1051 1051 1053 1053 1053 1053 1049 1049 1049 1049 1054 1054 1054 1054 1050 1050 1050 1050 1054 1054 1054 1054 1049 1049 1049 1049 1053 1053 1053 1053 1050 1050 1050 1050 1055 1055 1055 1055 1018 1018 1018 1018 1050 1050 1050 1050 1054 1054 1054 1054 1055 1055 1055 1055 1017 1017 1017 1017 1018 1018 1018 1018 1055 1055 1055 1055 1056 1056 1056 1056 1054 1054 1054 1054 1053 1053 1053 1053 1057 1057 1057 1057 1017 1017 1017 1017 1055 1055 1055 1055 1012 1012 1012 1012 1017 1017 1017 1017 1057 1057 1057 1057 1054 1054 1054 1054 1058 1058 1058 1058 1055 1055 1055 1055 1057 1057 1057 1057 1055 1055 1055 1055 1058 1058 1058 1058 1054 1054 1054 1054 1056 1056 1056 1056 1058 1058 1058 1058 1059 1059 1059 1059 1012 1012 1012 1012 1057 1057 1057 1057 1012 1012 1012 1012 1059 1059 1059 1059 1009 1009 1009 1009 1060 1060 1060 1060 1057 1057 1057 1057 1058 1058 1058 1058 1059 1059 1059 1059 1057 1057 1057 1057 1060 1060 1060 1060 1059 1059 1059 1059 1061 1061 1061 1061 1009 1009 1009 1009 1009 1009 1009 1009 1061 1061 1061 1061 1002 1002 1002 1002 1062 1062 1062 1062 1059 1059 1059 1059 1060 1060 1060 1060 1059 1059 1059 1059 1062 1062 1062 1062 1061 1061 1061 1061 1058 1058 1058 1058 1063 1063 1063 1063 1060 1060 1060 1060 1056 1056 1056 1056 1063 1063 1063 1063 1058 1058 1058 1058 1060 1060 1060 1060 1064 1064 1064 1064 1062 1062 1062 1062 1063 1063 1063 1063 1064 1064 1064 1064 1060 1060 1060 1060 1062 1062 1062 1062 1065 1065 1065 1065 1061 1061 1061 1061 1064 1064 1064 1064 1066 1066 1066 1066 1062 1062 1062 1062 1062 1062 1062 1062 1066 1066 1066 1066 1065 1065 1065 1065 1061 1061 1061 1061 1067 1067 1067 1067 1002 1002 1002 1002 1061 1061 1061 1061 1065 1065 1065 1065 1067 1067 1067 1067 1002 1002 1002 1002 1067 1067 1067 1067 1003 1003 1003 1003 1067 1067 1067 1067 1068 1068 1068 1068 1003 1003 1003 1003 1068 1068 1068 1068 1067 1067 1067 1067 1069 1069 1069 1069 1067 1067 1067 1067 1070 1070 1070 1070 1069 1069 1069 1069 1065 1065 1065 1065 1070 1070 1070 1070 1067 1067 1067 1067 1069 1069 1069 1069 1070 1070 1070 1070 1071 1071 1071 1071 1065 1065 1065 1065 1072 1072 1072 1072 1070 1070 1070 1070 1066 1066 1066 1066 1072 1072 1072 1072 1065 1065 1065 1065 1070 1070 1070 1070 1073 1073 1073 1073 1071 1071 1071 1071 1072 1072 1072 1072 1073 1073 1073 1073 1070 1070 1070 1070 1074 1074 1074 1074 1071 1071 1071 1071 1073 1073 1073 1073 1072 1072 1072 1072 1075 1075 1075 1075 1073 1073 1073 1073 1072 1072 1072 1072 1066 1066 1066 1066 1075 1075 1075 1075 1076 1076 1076 1076 1074 1074 1074 1074 1073 1073 1073 1073 1075 1075 1075 1075 1076 1076 1076 1076 1073 1073 1073 1073 1076 1076 1076 1076 1077 1077 1077 1077 1074 1074 1074 1074 1077 1077 1077 1077 1078 1078 1078 1078 1074 1074 1074 1074 1078 1078 1078 1078 1077 1077 1077 1077 1079 1079 1079 1079 1077 1077 1077 1077 1080 1080 1080 1080 1079 1079 1079 1079 1081 1081 1081 1081 1077 1077 1077 1077 1076 1076 1076 1076 1077 1077 1077 1077 1081 1081 1081 1081 1080 1080 1080 1080 1075 1075 1075 1075 1081 1081 1081 1081 1076 1076 1076 1076 1081 1081 1081 1081 1082 1082 1082 1082 1080 1080 1080 1080 1075 1075 1075 1075 1083 1083 1083 1083 1081 1081 1081 1081 1066 1066 1066 1066 1083 1083 1083 1083 1075 1075 1075 1075 1082 1082 1082 1082 1081 1081 1081 1081 1084 1084 1084 1084 1083 1083 1083 1083 1084 1084 1084 1084 1081 1081 1081 1081 1085 1085 1085 1085 1082 1082 1082 1082 1084 1084 1084 1084 1086 1086 1086 1086 1083 1083 1083 1083 1066 1066 1066 1066 1064 1064 1064 1064 1086 1086 1086 1086 1066 1066 1066 1066 1064 1064 1064 1064 1063 1063 1063 1063 1086 1086 1086 1086 1084 1084 1084 1084 1083 1083 1083 1083 1087 1087 1087 1087 1085 1085 1085 1085 1084 1084 1084 1084 1087 1087 1087 1087 1083 1083 1083 1083 1086 1086 1086 1086 1087 1087 1087 1087 1088 1088 1088 1088 1085 1085 1085 1085 1087 1087 1087 1087 1063 1063 1063 1063 1089 1089 1089 1089 1086 1086 1086 1086 1086 1086 1086 1086 1089 1089 1089 1089 1087 1087 1087 1087 1088 1088 1088 1088 1087 1087 1087 1087 1090 1090 1090 1090 1089 1089 1089 1089 1090 1090 1090 1090 1087 1087 1087 1087 1091 1091 1091 1091 1088 1088 1088 1088 1090 1090 1090 1090 1092 1092 1092 1092 1089 1089 1089 1089 1063 1063 1063 1063 1056 1056 1056 1056 1092 1092 1092 1092 1063 1063 1063 1063 1093 1093 1093 1093 1090 1090 1090 1090 1089 1089 1089 1089 1091 1091 1091 1091 1090 1090 1090 1090 1093 1093 1093 1093 1092 1092 1092 1092 1093 1093 1093 1093 1089 1089 1089 1089 1094 1094 1094 1094 1091 1091 1091 1091 1093 1093 1093 1093 1095 1095 1095 1095 1094 1094 1094 1094 1093 1093 1093 1093 1096 1096 1096 1096 1095 1095 1095 1095 1093 1093 1093 1093 1093 1093 1093 1093 1092 1092 1092 1092 1096 1096 1096 1096 1097 1097 1097 1097 1095 1095 1095 1095 1096 1096 1096 1096 1092 1092 1092 1092 1056 1056 1056 1056 1098 1098 1098 1098 1092 1092 1092 1092 1098 1098 1098 1098 1096 1096 1096 1096 1056 1056 1056 1056 1053 1053 1053 1053 1098 1098 1098 1098 1051 1051 1051 1051 1098 1098 1098 1098 1053 1053 1053 1053 1099 1099 1099 1099 1097 1097 1097 1097 1096 1096 1096 1096 1099 1099 1099 1099 1096 1096 1096 1096 1098 1098 1098 1098 1051 1051 1051 1051 1099 1099 1099 1099 1098 1098 1098 1098 1100 1100 1100 1100 1097 1097 1097 1097 1099 1099 1099 1099 1051 1051 1051 1051 1052 1052 1052 1052 1099 1099 1099 1099 1101 1101 1101 1101 1100 1100 1100 1100 1099 1099 1099 1099 1052 1052 1052 1052 1101 1101 1101 1101 1099 1099 1099 1099 1102 1102 1102 1102 1100 1100 1100 1100 1101 1101 1101 1101 1052 1052 1052 1052 1103 1103 1103 1103 1101 1101 1101 1101 1103 1103 1103 1103 1102 1102 1102 1102 1101 1101 1101 1101 1104 1104 1104 1104 1105 1105 1105 1105 1106 1106 1106 1106 1107 1107 1107 1107 1104 1104 1104 1104 1106 1106 1106 1106 1107 1107 1107 1107 1108 1108 1108 1108 1104 1104 1104 1104 1107 1107 1107 1107 1109 1109 1109 1109 1108 1108 1108 1108 1106 1106 1106 1106 1110 1110 1110 1110 1107 1107 1107 1107 1107 1107 1107 1107 1111 1111 1111 1111 1109 1109 1109 1109 1111 1111 1111 1111 1112 1112 1112 1112 1109 1109 1109 1109 1112 1112 1112 1112 1111 1111 1111 1111 1113 1113 1113 1113 1110 1110 1110 1110 1106 1106 1106 1106 1114 1114 1114 1114 1106 1106 1106 1106 1115 1115 1115 1115 1114 1114 1114 1114 1110 1110 1110 1110 1114 1114 1114 1114 1116 1116 1116 1116 1117 1117 1117 1117 1110 1110 1110 1110 1116 1116 1116 1116 1116 1116 1116 1116 1114 1114 1114 1114 1118 1118 1118 1118 1110 1110 1110 1110 1117 1117 1117 1117 1119 1119 1119 1119 1110 1110 1110 1110 1119 1119 1119 1119 1107 1107 1107 1107 1117 1117 1117 1117 1120 1120 1120 1120 1119 1119 1119 1119 1114 1114 1114 1114 1121 1121 1121 1121 1118 1118 1118 1118 1114 1114 1114 1114 1115 1115 1115 1115 1121 1121 1121 1121 1118 1118 1118 1118 1121 1121 1121 1121 1122 1122 1122 1122 1115 1115 1115 1115 1123 1123 1123 1123 1121 1121 1121 1121 1121 1121 1121 1121 1124 1124 1124 1124 1122 1122 1122 1122 1121 1121 1121 1121 1123 1123 1123 1123 1124 1124 1124 1124 1125 1125 1125 1125 1122 1122 1122 1122 1124 1124 1124 1124 1123 1123 1123 1123 1126 1126 1126 1126 1124 1124 1124 1124 1127 1127 1127 1127 1125 1125 1125 1125 1124 1124 1124 1124 1124 1124 1124 1124 1126 1126 1126 1126 1127 1127 1127 1127 1125 1125 1125 1125 1127 1127 1127 1127 1128 1128 1128 1128 1126 1126 1126 1126 1129 1129 1129 1129 1130 1130 1130 1130 1127 1127 1127 1127 1131 1131 1131 1131 1128 1128 1128 1128 1128 1128 1128 1128 1131 1131 1131 1131 1132 1132 1132 1132 1126 1126 1126 1126 1133 1133 1133 1133 1127 1127 1127 1127 1133 1133 1133 1133 1126 1126 1126 1126 1130 1130 1130 1130 1127 1127 1127 1127 1133 1133 1133 1133 1131 1131 1131 1131 1130 1130 1130 1130 1134 1134 1134 1134 1133 1133 1133 1133 1133 1133 1133 1133 1134 1134 1134 1134 1135 1135 1135 1135 1131 1131 1131 1131 1136 1136 1136 1136 1132 1132 1132 1132 1132 1132 1132 1132 1136 1136 1136 1136 1137 1137 1137 1137 1133 1133 1133 1133 1138 1138 1138 1138 1131 1131 1131 1131 1131 1131 1131 1131 1138 1138 1138 1138 1136 1136 1136 1136 1139 1139 1139 1139 1133 1133 1133 1133 1135 1135 1135 1135 1138 1138 1138 1138 1133 1133 1133 1133 1139 1139 1139 1139 1139 1139 1139 1139 1135 1135 1135 1135 1140 1140 1140 1140 1139 1139 1139 1139 1140 1140 1140 1140 1141 1141 1141 1141 1136 1136 1136 1136 1142 1142 1142 1142 1137 1137 1137 1137 1137 1137 1137 1137 1142 1142 1142 1142 1143 1143 1143 1143 1138 1138 1138 1138 1144 1144 1144 1144 1136 1136 1136 1136 1136 1136 1136 1136 1144 1144 1144 1144 1142 1142 1142 1142 1145 1145 1145 1145 1138 1138 1138 1138 1139 1139 1139 1139 1138 1138 1138 1138 1145 1145 1145 1145 1144 1144 1144 1144 1142 1142 1142 1142 1146 1146 1146 1146 1143 1143 1143 1143 1147 1147 1147 1147 1143 1143 1143 1143 1146 1146 1146 1146 1144 1144 1144 1144 1148 1148 1148 1148 1142 1142 1142 1142 1142 1142 1142 1142 1148 1148 1148 1148 1146 1146 1146 1146 1145 1145 1145 1145 1149 1149 1149 1149 1144 1144 1144 1144 1144 1144 1144 1144 1149 1149 1149 1149 1148 1148 1148 1148 1150 1150 1150 1150 1147 1147 1147 1147 1146 1146 1146 1146 1148 1148 1148 1148 1151 1151 1151 1151 1146 1146 1146 1146 1146 1146 1146 1146 1151 1151 1151 1151 1150 1150 1150 1150 1149 1149 1149 1149 1152 1152 1152 1152 1148 1148 1148 1148 1148 1148 1148 1148 1152 1152 1152 1152 1151 1151 1151 1151 1150 1150 1150 1150 1153 1153 1153 1153 1147 1147 1147 1147 1153 1153 1153 1153 1154 1154 1154 1154 1147 1147 1147 1147 1151 1151 1151 1151 1155 1155 1155 1155 1150 1150 1150 1150 1153 1153 1153 1153 1150 1150 1150 1150 1155 1155 1155 1155 1152 1152 1152 1152 1156 1156 1156 1156 1151 1151 1151 1151 1155 1155 1155 1155 1151 1151 1151 1151 1156 1156 1156 1156 1153 1153 1153 1153 1157 1157 1157 1157 1154 1154 1154 1154 1157 1157 1157 1157 1158 1158 1158 1158 1154 1154 1154 1154 1159 1159 1159 1159 1153 1153 1153 1153 1155 1155 1155 1155 1157 1157 1157 1157 1160 1160 1160 1160 1158 1158 1158 1158 1160 1160 1160 1160 1161 1161 1161 1161 1158 1158 1158 1158 1162 1162 1162 1162 1157 1157 1157 1157 1153 1153 1153 1153 1159 1159 1159 1159 1162 1162 1162 1162 1153 1153 1153 1153 1163 1163 1163 1163 1160 1160 1160 1160 1157 1157 1157 1157 1162 1162 1162 1162 1163 1163 1163 1163 1157 1157 1157 1157 1160 1160 1160 1160 1164 1164 1164 1164 1161 1161 1161 1161 1164 1164 1164 1164 1165 1165 1165 1165 1161 1161 1161 1161 1160 1160 1160 1160 1163 1163 1163 1163 1166 1166 1166 1166 1164 1164 1164 1164 1160 1160 1160 1160 1166 1166 1166 1166 1164 1164 1164 1164 1167 1167 1167 1167 1165 1165 1165 1165 1167 1167 1167 1167 1168 1168 1168 1168 1165 1165 1165 1165 1164 1164 1164 1164 1166 1166 1166 1166 1169 1169 1169 1169 1167 1167 1167 1167 1164 1164 1164 1164 1169 1169 1169 1169 1167 1167 1167 1167 1170 1170 1170 1170 1168 1168 1168 1168 1170 1170 1170 1170 1171 1171 1171 1171 1168 1168 1168 1168 1167 1167 1167 1167 1169 1169 1169 1169 1172 1172 1172 1172 1170 1170 1170 1170 1167 1167 1167 1167 1172 1172 1172 1172 1170 1170 1170 1170 1173 1173 1173 1173 1171 1171 1171 1171 1173 1173 1173 1173 1174 1174 1174 1174 1171 1171 1171 1171 1170 1170 1170 1170 1172 1172 1172 1172 1175 1175 1175 1175 1173 1173 1173 1173 1170 1170 1170 1170 1175 1175 1175 1175 1173 1173 1173 1173 1176 1176 1176 1176 1174 1174 1174 1174 1176 1176 1176 1176 1177 1177 1177 1177 1174 1174 1174 1174 1173 1173 1173 1173 1175 1175 1175 1175 1178 1178 1178 1178 1176 1176 1176 1176 1173 1173 1173 1173 1178 1178 1178 1178 1176 1176 1176 1176 1179 1179 1179 1179 1177 1177 1177 1177 1179 1179 1179 1179 1180 1180 1180 1180 1177 1177 1177 1177 1180 1180 1180 1180 1179 1179 1179 1179 1181 1181 1181 1181 1179 1179 1179 1179 1182 1182 1182 1182 1181 1181 1181 1181 1182 1182 1182 1182 1179 1179 1179 1179 1183 1183 1183 1183 1179 1179 1179 1179 1176 1176 1176 1176 1184 1184 1184 1184 1179 1179 1179 1179 1184 1184 1184 1184 1183 1183 1183 1183 1176 1176 1176 1176 1178 1178 1178 1178 1184 1184 1184 1184 1183 1183 1183 1183 1184 1184 1184 1184 1185 1185 1185 1185 1184 1184 1184 1184 1186 1186 1186 1186 1185 1185 1185 1185 1186 1186 1186 1186 1184 1184 1184 1184 1178 1178 1178 1178 1185 1185 1185 1185 1186 1186 1186 1186 1187 1187 1187 1187 1188 1188 1188 1188 1186 1186 1186 1186 1178 1178 1178 1178 1188 1188 1188 1188 1178 1178 1178 1178 1175 1175 1175 1175 1186 1186 1186 1186 1189 1189 1189 1189 1187 1187 1187 1187 1190 1190 1190 1190 1188 1188 1188 1188 1175 1175 1175 1175 1190 1190 1190 1190 1175 1175 1175 1175 1172 1172 1172 1172 1186 1186 1186 1186 1188 1188 1188 1188 1191 1191 1191 1191 1188 1188 1188 1188 1190 1190 1190 1190 1191 1191 1191 1191 1191 1191 1191 1191 1189 1189 1189 1189 1186 1186 1186 1186 1192 1192 1192 1192 1190 1190 1190 1190 1172 1172 1172 1172 1192 1192 1192 1192 1172 1172 1172 1172 1169 1169 1169 1169 1190 1190 1190 1190 1193 1193 1193 1193 1191 1191 1191 1191 1190 1190 1190 1190 1192 1192 1192 1192 1193 1193 1193 1193 1194 1194 1194 1194 1192 1192 1192 1192 1169 1169 1169 1169 1194 1194 1194 1194 1169 1169 1169 1169 1166 1166 1166 1166 1192 1192 1192 1192 1195 1195 1195 1195 1193 1193 1193 1193 1195 1195 1195 1195 1192 1192 1192 1192 1194 1194 1194 1194 1196 1196 1196 1196 1194 1194 1194 1194 1166 1166 1166 1166 1196 1196 1196 1196 1166 1166 1166 1166 1163 1163 1163 1163 1197 1197 1197 1197 1195 1195 1195 1195 1194 1194 1194 1194 1197 1197 1197 1197 1194 1194 1194 1194 1196 1196 1196 1196 1198 1198 1198 1198 1196 1196 1196 1196 1163 1163 1163 1163 1198 1198 1198 1198 1163 1163 1163 1163 1162 1162 1162 1162 1199 1199 1199 1199 1197 1197 1197 1197 1196 1196 1196 1196 1196 1196 1196 1196 1198 1198 1198 1198 1199 1199 1199 1199 1200 1200 1200 1200 1198 1198 1198 1198 1162 1162 1162 1162 1200 1200 1200 1200 1162 1162 1162 1162 1159 1159 1159 1159 1198 1198 1198 1198 1201 1201 1201 1201 1199 1199 1199 1199 1198 1198 1198 1198 1200 1200 1200 1200 1201 1201 1201 1201 1199 1199 1199 1199 1202 1202 1202 1202 1197 1197 1197 1197 1202 1202 1202 1202 1199 1199 1199 1199 1201 1201 1201 1201 1203 1203 1203 1203 1200 1200 1200 1200 1159 1159 1159 1159 1203 1203 1203 1203 1159 1159 1159 1159 1155 1155 1155 1155 1200 1200 1200 1200 1204 1204 1204 1204 1201 1201 1201 1201 1200 1200 1200 1200 1203 1203 1203 1203 1204 1204 1204 1204 1205 1205 1205 1205 1203 1203 1203 1203 1155 1155 1155 1155 1205 1205 1205 1205 1155 1155 1155 1155 1156 1156 1156 1156 1203 1203 1203 1203 1206 1206 1206 1206 1204 1204 1204 1204 1203 1203 1203 1203 1205 1205 1205 1205 1206 1206 1206 1206 1201 1201 1201 1201 1204 1204 1204 1204 1207 1207 1207 1207 1207 1207 1207 1207 1202 1202 1202 1202 1201 1201 1201 1201 1204 1204 1204 1204 1206 1206 1206 1206 1208 1208 1208 1208 1204 1204 1204 1204 1208 1208 1208 1208 1207 1207 1207 1207 1205 1205 1205 1205 1209 1209 1209 1209 1206 1206 1206 1206 1206 1206 1206 1206 1210 1210 1210 1210 1208 1208 1208 1208 1206 1206 1206 1206 1209 1209 1209 1209 1210 1210 1210 1210 1207 1207 1207 1207 1208 1208 1208 1208 1211 1211 1211 1211 1212 1212 1212 1212 1209 1209 1209 1209 1205 1205 1205 1205 1156 1156 1156 1156 1212 1212 1212 1212 1205 1205 1205 1205 1207 1207 1207 1207 1211 1211 1211 1211 1213 1213 1213 1213 1202 1202 1202 1202 1207 1207 1207 1207 1213 1213 1213 1213 1214 1214 1214 1214 1212 1212 1212 1212 1156 1156 1156 1156 1152 1152 1152 1152 1214 1214 1214 1214 1156 1156 1156 1156 1209 1209 1209 1209 1212 1212 1212 1212 1215 1215 1215 1215 1216 1216 1216 1216 1214 1214 1214 1214 1152 1152 1152 1152 1149 1149 1149 1149 1216 1216 1216 1216 1152 1152 1152 1152 1214 1214 1214 1214 1217 1217 1217 1217 1212 1212 1212 1212 1217 1217 1217 1217 1215 1215 1215 1215 1212 1212 1212 1212 1216 1216 1216 1216 1218 1218 1218 1218 1214 1214 1214 1214 1218 1218 1218 1218 1217 1217 1217 1217 1214 1214 1214 1214 1216 1216 1216 1216 1149 1149 1149 1149 1219 1219 1219 1219 1149 1149 1149 1149 1145 1145 1145 1145 1219 1219 1219 1219 1220 1220 1220 1220 1218 1218 1218 1218 1216 1216 1216 1216 1219 1219 1219 1219 1220 1220 1220 1220 1216 1216 1216 1216 1219 1219 1219 1219 1145 1145 1145 1145 1221 1221 1221 1221 1145 1145 1145 1145 1139 1139 1139 1139 1221 1221 1221 1221 1220 1220 1220 1220 1219 1219 1219 1219 1222 1222 1222 1222 1219 1219 1219 1219 1221 1221 1221 1221 1222 1222 1222 1222 1139 1139 1139 1139 1223 1223 1223 1223 1221 1221 1221 1221 1221 1221 1221 1221 1223 1223 1223 1223 1222 1222 1222 1222 1139 1139 1139 1139 1141 1141 1141 1141 1223 1223 1223 1223 1141 1141 1141 1141 1224 1224 1224 1224 1223 1223 1223 1223 1223 1223 1223 1223 1224 1224 1224 1224 1225 1225 1225 1225 1226 1226 1226 1226 1223 1223 1223 1223 1225 1225 1225 1225 1223 1223 1223 1223 1226 1226 1226 1226 1222 1222 1222 1222 1227 1227 1227 1227 1226 1226 1226 1226 1225 1225 1225 1225 1226 1226 1226 1226 1227 1227 1227 1227 1228 1228 1228 1228 1226 1226 1226 1226 1229 1229 1229 1229 1222 1222 1222 1222 1230 1230 1230 1230 1226 1226 1226 1226 1228 1228 1228 1228 1229 1229 1229 1229 1226 1226 1226 1226 1230 1230 1230 1230 1231 1231 1231 1231 1230 1230 1230 1230 1228 1228 1228 1228 1230 1230 1230 1230 1231 1231 1231 1231 1232 1232 1232 1232 1229 1229 1229 1229 1233 1233 1233 1233 1222 1222 1222 1222 1222 1222 1222 1222 1233 1233 1233 1233 1220 1220 1220 1220 1234 1234 1234 1234 1229 1229 1229 1229 1230 1230 1230 1230 1229 1229 1229 1229 1234 1234 1234 1234 1233 1233 1233 1233 1235 1235 1235 1235 1230 1230 1230 1230 1232 1232 1232 1232 1235 1235 1235 1235 1232 1232 1232 1232 1236 1236 1236 1236 1235 1235 1235 1235 1236 1236 1236 1236 1237 1237 1237 1237 1230 1230 1230 1230 1235 1235 1235 1235 1238 1238 1238 1238 1234 1234 1234 1234 1230 1230 1230 1230 1238 1238 1238 1238 1239 1239 1239 1239 1235 1235 1235 1235 1237 1237 1237 1237 1240 1240 1240 1240 1239 1239 1239 1239 1237 1237 1237 1237 1239 1239 1239 1239 1240 1240 1240 1240 1113 1113 1113 1113 1111 1111 1111 1111 1239 1239 1239 1239 1113 1113 1113 1113 1238 1238 1238 1238 1235 1235 1235 1235 1241 1241 1241 1241 1235 1235 1235 1235 1239 1239 1239 1239 1241 1241 1241 1241 1234 1234 1234 1234 1238 1238 1238 1238 1242 1242 1242 1242 1242 1242 1242 1242 1238 1238 1238 1238 1241 1241 1241 1241 1239 1239 1239 1239 1111 1111 1111 1111 1243 1243 1243 1243 1239 1239 1239 1239 1243 1243 1243 1243 1241 1241 1241 1241 1111 1111 1111 1111 1244 1244 1244 1244 1243 1243 1243 1243 1241 1241 1241 1241 1245 1245 1245 1245 1242 1242 1242 1242 1246 1246 1246 1246 1244 1244 1244 1244 1111 1111 1111 1111 1107 1107 1107 1107 1246 1246 1246 1246 1111 1111 1111 1111 1119 1119 1119 1119 1246 1246 1246 1246 1107 1107 1107 1107 1243 1243 1243 1243 1244 1244 1244 1244 1247 1247 1247 1247 1244 1244 1244 1244 1246 1246 1246 1246 1247 1247 1247 1247 1241 1241 1241 1241 1243 1243 1243 1243 1248 1248 1248 1248 1248 1248 1248 1248 1243 1243 1243 1243 1247 1247 1247 1247 1245 1245 1245 1245 1241 1241 1241 1241 1248 1248 1248 1248 1249 1249 1249 1249 1246 1246 1246 1246 1119 1119 1119 1119 1246 1246 1246 1246 1249 1249 1249 1249 1247 1247 1247 1247 1250 1250 1250 1250 1249 1249 1249 1249 1119 1119 1119 1119 1250 1250 1250 1250 1119 1119 1119 1119 1120 1120 1120 1120 1251 1251 1251 1251 1250 1250 1250 1250 1120 1120 1120 1120 1249 1249 1249 1249 1252 1252 1252 1252 1247 1247 1247 1247 1249 1249 1249 1249 1250 1250 1250 1250 1252 1252 1252 1252 1250 1250 1250 1250 1251 1251 1251 1251 1253 1253 1253 1253 1250 1250 1250 1250 1253 1253 1253 1253 1252 1252 1252 1252 1251 1251 1251 1251 1254 1254 1254 1254 1253 1253 1253 1253 1254 1254 1254 1254 1255 1255 1255 1255 1253 1253 1253 1253 1255 1255 1255 1255 1256 1256 1256 1256 1253 1253 1253 1253 1253 1253 1253 1253 1256 1256 1256 1256 1252 1252 1252 1252 1255 1255 1255 1255 1257 1257 1257 1257 1256 1256 1256 1256 1252 1252 1252 1252 1258 1258 1258 1258 1247 1247 1247 1247 1248 1248 1248 1248 1247 1247 1247 1247 1258 1258 1258 1258 1257 1257 1257 1257 1259 1259 1259 1259 1256 1256 1256 1256 1257 1257 1257 1257 1260 1260 1260 1260 1259 1259 1259 1259 1256 1256 1256 1256 1261 1261 1261 1261 1252 1252 1252 1252 1256 1256 1256 1256 1259 1259 1259 1259 1261 1261 1261 1261 1252 1252 1252 1252 1261 1261 1261 1261 1262 1262 1262 1262 1258 1258 1258 1258 1252 1252 1252 1252 1262 1262 1262 1262 1259 1259 1259 1259 1263 1263 1263 1263 1261 1261 1261 1261 1262 1262 1262 1262 1261 1261 1261 1261 1263 1263 1263 1263 1260 1260 1260 1260 1264 1264 1264 1264 1259 1259 1259 1259 1260 1260 1260 1260 1265 1265 1265 1265 1264 1264 1264 1264 1259 1259 1259 1259 1266 1266 1266 1266 1263 1263 1263 1263 1259 1259 1259 1259 1264 1264 1264 1264 1266 1266 1266 1266 1265 1265 1265 1265 1267 1267 1267 1267 1264 1264 1264 1264 1265 1265 1265 1265 1268 1268 1268 1268 1267 1267 1267 1267 1264 1264 1264 1264 1267 1267 1267 1267 1269 1269 1269 1269 1264 1264 1264 1264 1269 1269 1269 1269 1266 1266 1266 1266 1268 1268 1268 1268 1270 1270 1270 1270 1267 1267 1267 1267 1268 1268 1268 1268 1271 1271 1271 1271 1270 1270 1270 1270 1267 1267 1267 1267 1272 1272 1272 1272 1269 1269 1269 1269 1267 1267 1267 1267 1270 1270 1270 1270 1272 1272 1272 1272 1270 1270 1270 1270 1273 1273 1273 1273 1272 1272 1272 1272 1274 1274 1274 1274 1275 1275 1275 1275 1269 1269 1269 1269 1275 1275 1275 1275 1266 1266 1266 1266 1269 1269 1269 1269 1266 1266 1266 1266 1275 1275 1275 1275 1276 1276 1276 1276 1266 1266 1266 1266 1276 1276 1276 1276 1277 1277 1277 1277 1270 1270 1270 1270 1278 1278 1278 1278 1273 1273 1273 1273 1271 1271 1271 1271 1278 1278 1278 1278 1270 1270 1270 1270 1271 1271 1271 1271 1279 1279 1279 1279 1278 1278 1278 1278 1278 1278 1278 1278 1280 1280 1280 1280 1273 1273 1273 1273 1279 1279 1279 1279 1281 1281 1281 1281 1278 1278 1278 1278 1280 1280 1280 1280 1278 1278 1278 1278 1281 1281 1281 1281 1281 1281 1281 1281 1279 1279 1279 1279 1282 1282 1282 1282 1283 1283 1283 1283 1280 1280 1280 1280 1284 1284 1284 1284 1285 1285 1285 1285 1281 1281 1281 1281 1282 1282 1282 1282 1285 1285 1285 1285 1282 1282 1282 1282 1286 1286 1286 1286 1287 1287 1287 1287 1280 1280 1280 1280 1281 1281 1281 1281 1280 1280 1280 1280 1287 1287 1287 1287 1284 1284 1284 1284 1287 1287 1287 1287 1281 1281 1281 1281 1285 1285 1285 1285 1284 1284 1284 1284 1287 1287 1287 1287 1288 1288 1288 1288 1287 1287 1287 1287 1289 1289 1289 1289 1288 1288 1288 1288 1290 1290 1290 1290 1285 1285 1285 1285 1286 1286 1286 1286 1286 1286 1286 1286 1291 1291 1291 1291 1290 1290 1290 1290 1292 1292 1292 1292 1287 1287 1287 1287 1285 1285 1285 1285 1292 1292 1292 1292 1285 1285 1285 1285 1290 1290 1290 1290 1293 1293 1293 1293 1289 1289 1289 1289 1287 1287 1287 1287 1293 1293 1293 1293 1287 1287 1287 1287 1292 1292 1292 1292 1293 1293 1293 1293 1294 1294 1294 1294 1289 1289 1289 1289 1293 1293 1293 1293 1295 1295 1295 1295 1294 1294 1294 1294 1291 1291 1291 1291 1296 1296 1296 1296 1290 1290 1290 1290 1291 1291 1291 1291 1297 1297 1297 1297 1296 1296 1296 1296 1298 1298 1298 1298 1292 1292 1292 1292 1290 1290 1290 1290 1298 1298 1298 1298 1290 1290 1290 1290 1296 1296 1296 1296 1299 1299 1299 1299 1293 1293 1293 1293 1292 1292 1292 1292 1299 1299 1299 1299 1292 1292 1292 1292 1298 1298 1298 1298 1297 1297 1297 1297 1300 1300 1300 1300 1296 1296 1296 1296 1297 1297 1297 1297 1301 1301 1301 1301 1300 1300 1300 1300 1302 1302 1302 1302 1298 1298 1298 1298 1296 1296 1296 1296 1302 1302 1302 1302 1296 1296 1296 1296 1300 1300 1300 1300 1303 1303 1303 1303 1299 1299 1299 1299 1298 1298 1298 1298 1298 1298 1298 1298 1302 1302 1302 1302 1303 1303 1303 1303 1293 1293 1293 1293 1299 1299 1299 1299 1304 1304 1304 1304 1305 1305 1305 1305 1299 1299 1299 1299 1303 1303 1303 1303 1299 1299 1299 1299 1305 1305 1305 1305 1304 1304 1304 1304 1293 1293 1293 1293 1304 1304 1304 1304 1306 1306 1306 1306 1293 1293 1293 1293 1306 1306 1306 1306 1295 1295 1295 1295 1295 1295 1295 1295 1306 1306 1306 1306 1307 1307 1307 1307 1306 1306 1306 1306 1308 1308 1308 1308 1307 1307 1307 1307 1304 1304 1304 1304 1309 1309 1309 1309 1306 1306 1306 1306 1304 1304 1304 1304 1305 1305 1305 1305 1309 1309 1309 1309 1310 1310 1310 1310 1308 1308 1308 1308 1306 1306 1306 1306 1309 1309 1309 1309 1310 1310 1310 1310 1306 1306 1306 1306 1311 1311 1311 1311 1308 1308 1308 1308 1310 1310 1310 1310 1310 1310 1310 1310 1312 1312 1312 1312 1311 1311 1311 1311 1313 1313 1313 1313 1312 1312 1312 1312 1310 1310 1310 1310 1314 1314 1314 1314 1312 1312 1312 1312 1313 1313 1313 1313 1313 1313 1313 1313 1315 1315 1315 1315 1314 1314 1314 1314 1316 1316 1316 1316 1310 1310 1310 1310 1309 1309 1309 1309 1316 1316 1316 1316 1313 1313 1313 1313 1310 1310 1310 1310 1317 1317 1317 1317 1316 1316 1316 1316 1309 1309 1309 1309 1318 1318 1318 1318 1315 1315 1315 1315 1313 1313 1313 1313 1318 1318 1318 1318 1319 1319 1319 1319 1315 1315 1315 1315 1318 1318 1318 1318 1320 1320 1320 1320 1319 1319 1319 1319 1321 1321 1321 1321 1313 1313 1313 1313 1316 1316 1316 1316 1321 1321 1321 1321 1316 1316 1316 1316 1317 1317 1317 1317 1313 1313 1313 1313 1322 1322 1322 1322 1318 1318 1318 1318 1321 1321 1321 1321 1322 1322 1322 1322 1313 1313 1313 1313 1323 1323 1323 1323 1320 1320 1320 1320 1318 1318 1318 1318 1324 1324 1324 1324 1320 1320 1320 1320 1323 1323 1323 1323 1323 1323 1323 1323 1325 1325 1325 1325 1324 1324 1324 1324 1318 1318 1318 1318 1322 1322 1322 1322 1326 1326 1326 1326 1318 1318 1318 1318 1326 1326 1326 1326 1323 1323 1323 1323 1322 1322 1322 1322 1321 1321 1321 1321 1327 1327 1327 1327 1322 1322 1322 1322 1327 1327 1327 1327 1326 1326 1326 1326 1328 1328 1328 1328 1325 1325 1325 1325 1323 1323 1323 1323 1329 1329 1329 1329 1325 1325 1325 1325 1328 1328 1328 1328 1328 1328 1328 1328 1277 1277 1277 1277 1329 1329 1329 1329 1266 1266 1266 1266 1277 1277 1277 1277 1328 1328 1328 1328 1263 1263 1263 1263 1266 1266 1266 1266 1328 1328 1328 1328 1330 1330 1330 1330 1263 1263 1263 1263 1328 1328 1328 1328 1330 1330 1330 1330 1262 1262 1262 1262 1263 1263 1263 1263 1323 1323 1323 1323 1331 1331 1331 1331 1328 1328 1328 1328 1331 1331 1331 1331 1330 1330 1330 1330 1328 1328 1328 1328 1330 1330 1330 1330 1331 1331 1331 1331 1262 1262 1262 1262 1326 1326 1326 1326 1331 1331 1331 1331 1323 1323 1323 1323 1331 1331 1331 1331 1332 1332 1332 1332 1262 1262 1262 1262 1331 1331 1331 1331 1326 1326 1326 1326 1332 1332 1332 1332 1258 1258 1258 1258 1262 1262 1262 1262 1332 1332 1332 1332 1326 1326 1326 1326 1333 1333 1333 1333 1332 1332 1332 1332 1326 1326 1326 1326 1327 1327 1327 1327 1333 1333 1333 1333 1334 1334 1334 1334 1258 1258 1258 1258 1332 1332 1332 1332 1334 1334 1334 1334 1248 1248 1248 1248 1258 1258 1258 1258 1334 1334 1334 1334 1332 1332 1332 1332 1335 1335 1335 1335 1334 1334 1334 1334 1335 1335 1335 1335 1248 1248 1248 1248 1332 1332 1332 1332 1333 1333 1333 1333 1335 1335 1335 1335 1335 1335 1335 1335 1245 1245 1245 1245 1248 1248 1248 1248 1327 1327 1327 1327 1336 1336 1336 1336 1333 1333 1333 1333 1333 1333 1333 1333 1336 1336 1336 1336 1335 1335 1335 1335 1245 1245 1245 1245 1335 1335 1335 1335 1337 1337 1337 1337 1245 1245 1245 1245 1337 1337 1337 1337 1242 1242 1242 1242 1336 1336 1336 1336 1338 1338 1338 1338 1335 1335 1335 1335 1335 1335 1335 1335 1338 1338 1338 1338 1337 1337 1337 1337 1327 1327 1327 1327 1339 1339 1339 1339 1336 1336 1336 1336 1321 1321 1321 1321 1339 1339 1339 1339 1327 1327 1327 1327 1336 1336 1336 1336 1340 1340 1340 1340 1338 1338 1338 1338 1339 1339 1339 1339 1340 1340 1340 1340 1336 1336 1336 1336 1321 1321 1321 1321 1341 1341 1341 1341 1339 1339 1339 1339 1341 1341 1341 1341 1321 1321 1321 1321 1317 1317 1317 1317 1339 1339 1339 1339 1342 1342 1342 1342 1340 1340 1340 1340 1341 1341 1341 1341 1342 1342 1342 1342 1339 1339 1339 1339 1340 1340 1340 1340 1343 1343 1343 1343 1338 1338 1338 1338 1341 1341 1341 1341 1317 1317 1317 1317 1344 1344 1344 1344 1342 1342 1342 1342 1345 1345 1345 1345 1340 1340 1340 1340 1340 1340 1340 1340 1345 1345 1345 1345 1343 1343 1343 1343 1341 1341 1341 1341 1346 1346 1346 1346 1342 1342 1342 1342 1346 1346 1346 1346 1341 1341 1341 1341 1344 1344 1344 1344 1342 1342 1342 1342 1347 1347 1347 1347 1345 1345 1345 1345 1346 1346 1346 1346 1347 1347 1347 1347 1342 1342 1342 1342 1344 1344 1344 1344 1317 1317 1317 1317 1348 1348 1348 1348 1317 1317 1317 1317 1309 1309 1309 1309 1348 1348 1348 1348 1305 1305 1305 1305 1348 1348 1348 1348 1309 1309 1309 1309 1346 1346 1346 1346 1344 1344 1344 1344 1349 1349 1349 1349 1305 1305 1305 1305 1350 1350 1350 1350 1348 1348 1348 1348 1350 1350 1350 1350 1305 1305 1305 1305 1303 1303 1303 1303 1344 1344 1344 1344 1348 1348 1348 1348 1351 1351 1351 1351 1350 1350 1350 1350 1351 1351 1351 1351 1348 1348 1348 1348 1349 1349 1349 1349 1344 1344 1344 1344 1351 1351 1351 1351 1350 1350 1350 1350 1303 1303 1303 1303 1352 1352 1352 1352 1302 1302 1302 1302 1352 1352 1352 1352 1303 1303 1303 1303 1350 1350 1350 1350 1353 1353 1353 1353 1351 1351 1351 1351 1353 1353 1353 1353 1350 1350 1350 1350 1352 1352 1352 1352 1302 1302 1302 1302 1354 1354 1354 1354 1352 1352 1352 1352 1354 1354 1354 1354 1302 1302 1302 1302 1300 1300 1300 1300 1353 1353 1353 1353 1352 1352 1352 1352 1355 1355 1355 1355 1354 1354 1354 1354 1355 1355 1355 1355 1352 1352 1352 1352 1353 1353 1353 1353 1356 1356 1356 1356 1351 1351 1351 1351 1351 1351 1351 1351 1356 1356 1356 1356 1349 1349 1349 1349 1354 1354 1354 1354 1300 1300 1300 1300 1357 1357 1357 1357 1301 1301 1301 1301 1357 1357 1357 1357 1300 1300 1300 1300 1358 1358 1358 1358 1354 1354 1354 1354 1357 1357 1357 1357 1354 1354 1354 1354 1358 1358 1358 1358 1355 1355 1355 1355 1357 1357 1357 1357 1301 1301 1301 1301 1359 1359 1359 1359 1357 1357 1357 1357 1359 1359 1359 1359 1358 1358 1358 1358 1301 1301 1301 1301 1360 1360 1360 1360 1359 1359 1359 1359 1361 1361 1361 1361 1353 1353 1353 1353 1355 1355 1355 1355 1353 1353 1353 1353 1361 1361 1361 1361 1356 1356 1356 1356 1358 1358 1358 1358 1362 1362 1362 1362 1355 1355 1355 1355 1361 1361 1361 1361 1355 1355 1355 1355 1362 1362 1362 1362 1359 1359 1359 1359 1363 1363 1363 1363 1358 1358 1358 1358 1361 1361 1361 1361 1364 1364 1364 1364 1356 1356 1356 1356 1358 1358 1358 1358 1363 1363 1363 1363 1365 1365 1365 1365 1362 1362 1362 1362 1358 1358 1358 1358 1365 1365 1365 1365 1366 1366 1366 1366 1361 1361 1361 1361 1362 1362 1362 1362 1361 1361 1361 1361 1366 1366 1366 1366 1364 1364 1364 1364 1362 1362 1362 1362 1365 1365 1365 1365 1367 1367 1367 1367 1366 1366 1366 1366 1362 1362 1362 1362 1367 1367 1367 1367 1368 1368 1368 1368 1365 1365 1365 1365 1363 1363 1363 1363 1367 1367 1367 1367 1365 1365 1365 1365 1369 1369 1369 1369 1365 1365 1365 1365 1368 1368 1368 1368 1369 1369 1369 1369 1366 1366 1366 1366 1367 1367 1367 1367 1370 1370 1370 1370 1371 1371 1371 1371 1368 1368 1368 1368 1363 1363 1363 1363 1371 1371 1371 1371 1363 1363 1363 1363 1359 1359 1359 1359 1372 1372 1372 1372 1366 1366 1366 1366 1370 1370 1370 1370 1366 1366 1366 1366 1372 1372 1372 1372 1364 1364 1364 1364 1373 1373 1373 1373 1371 1371 1371 1371 1359 1359 1359 1359 1373 1373 1373 1373 1359 1359 1359 1359 1360 1360 1360 1360 1374 1374 1374 1374 1373 1373 1373 1373 1360 1360 1360 1360 1375 1375 1375 1375 1373 1373 1373 1373 1374 1374 1374 1374 1376 1376 1376 1376 1375 1375 1375 1375 1374 1374 1374 1374 1377 1377 1377 1377 1371 1371 1371 1371 1373 1373 1373 1373 1375 1375 1375 1375 1377 1377 1377 1377 1373 1373 1373 1373 1378 1378 1378 1378 1375 1375 1375 1375 1376 1376 1376 1376 1379 1379 1379 1379 1378 1378 1378 1378 1376 1376 1376 1376 1380 1380 1380 1380 1377 1377 1377 1377 1375 1375 1375 1375 1378 1378 1378 1378 1380 1380 1380 1380 1375 1375 1375 1375 1371 1371 1371 1371 1377 1377 1377 1377 1381 1381 1381 1381 1368 1368 1368 1368 1371 1371 1371 1371 1381 1381 1381 1381 1378 1378 1378 1378 1379 1379 1379 1379 1382 1382 1382 1382 1379 1379 1379 1379 1383 1383 1383 1383 1382 1382 1382 1382 1368 1368 1368 1368 1381 1381 1381 1381 1384 1384 1384 1384 1369 1369 1369 1369 1368 1368 1368 1368 1384 1384 1384 1384 1385 1385 1385 1385 1381 1381 1381 1381 1377 1377 1377 1377 1380 1380 1380 1380 1385 1385 1385 1385 1377 1377 1377 1377 1386 1386 1386 1386 1384 1384 1384 1384 1381 1381 1381 1381 1385 1385 1385 1385 1386 1386 1386 1386 1381 1381 1381 1381 1384 1384 1384 1384 1387 1387 1387 1387 1369 1369 1369 1369 1386 1386 1386 1386 1385 1385 1385 1385 1388 1388 1388 1388 1386 1386 1386 1386 1389 1389 1389 1389 1384 1384 1384 1384 1386 1386 1386 1386 1388 1388 1388 1388 1389 1389 1389 1389 1389 1389 1389 1389 1387 1387 1387 1387 1384 1384 1384 1384 1385 1385 1385 1385 1390 1390 1390 1390 1388 1388 1388 1388 1385 1385 1385 1385 1380 1380 1380 1380 1390 1390 1390 1390 1388 1388 1388 1388 1391 1391 1391 1391 1389 1389 1389 1389 1380 1380 1380 1380 1392 1392 1392 1392 1390 1390 1390 1390 1380 1380 1380 1380 1378 1378 1378 1378 1392 1392 1392 1392 1378 1378 1378 1378 1382 1382 1382 1382 1392 1392 1392 1392 1388 1388 1388 1388 1390 1390 1390 1390 1393 1393 1393 1393 1388 1388 1388 1388 1393 1393 1393 1393 1391 1391 1391 1391 1390 1390 1390 1390 1392 1392 1392 1392 1394 1394 1394 1394 1390 1390 1390 1390 1394 1394 1394 1394 1393 1393 1393 1393 1395 1395 1395 1395 1392 1392 1392 1392 1382 1382 1382 1382 1392 1392 1392 1392 1395 1395 1395 1395 1394 1394 1394 1394 1396 1396 1396 1396 1395 1395 1395 1395 1382 1382 1382 1382 1396 1396 1396 1396 1382 1382 1382 1382 1383 1383 1383 1383 1397 1397 1397 1397 1396 1396 1396 1396 1383 1383 1383 1383 1398 1398 1398 1398 1394 1394 1394 1394 1395 1395 1395 1395 1399 1399 1399 1399 1396 1396 1396 1396 1397 1397 1397 1397 1400 1400 1400 1400 1399 1399 1399 1399 1397 1397 1397 1397 1401 1401 1401 1401 1395 1395 1395 1395 1396 1396 1396 1396 1399 1399 1399 1399 1401 1401 1401 1401 1396 1396 1396 1396 1401 1401 1401 1401 1398 1398 1398 1398 1395 1395 1395 1395 1402 1402 1402 1402 1399 1399 1399 1399 1400 1400 1400 1400 1403 1403 1403 1403 1402 1402 1402 1402 1400 1400 1400 1400 1401 1401 1401 1401 1399 1399 1399 1399 1404 1404 1404 1404 1399 1399 1399 1399 1402 1402 1402 1402 1404 1404 1404 1404 1405 1405 1405 1405 1398 1398 1398 1398 1401 1401 1401 1401 1404 1404 1404 1404 1405 1405 1405 1405 1401 1401 1401 1401 1406 1406 1406 1406 1402 1402 1402 1402 1403 1403 1403 1403 1407 1407 1407 1407 1406 1406 1406 1406 1403 1403 1403 1403 1406 1406 1406 1406 1407 1407 1407 1407 1408 1408 1408 1408 1409 1409 1409 1409 1406 1406 1406 1406 1408 1408 1408 1408 1406 1406 1406 1406 1409 1409 1409 1409 1410 1410 1410 1410 1406 1406 1406 1406 1411 1411 1411 1411 1402 1402 1402 1402 1411 1411 1411 1411 1406 1406 1406 1406 1410 1410 1410 1410 1411 1411 1411 1411 1404 1404 1404 1404 1402 1402 1402 1402 1411 1411 1411 1411 1410 1410 1410 1410 1412 1412 1412 1412 1411 1411 1411 1411 1413 1413 1413 1413 1404 1404 1404 1404 1413 1413 1413 1413 1411 1411 1411 1411 1412 1412 1412 1412 1413 1413 1413 1413 1405 1405 1405 1405 1404 1404 1404 1404 1413 1413 1413 1413 1412 1412 1412 1412 1414 1414 1414 1414 1413 1413 1413 1413 1415 1415 1415 1415 1405 1405 1405 1405 1398 1398 1398 1398 1405 1405 1405 1405 1415 1415 1415 1415 1416 1416 1416 1416 1413 1413 1413 1413 1414 1414 1414 1414 1415 1415 1415 1415 1413 1413 1413 1413 1416 1416 1416 1416 1417 1417 1417 1417 1398 1398 1398 1398 1415 1415 1415 1415 1398 1398 1398 1398 1417 1417 1417 1417 1394 1394 1394 1394 1417 1417 1417 1417 1393 1393 1393 1393 1394 1394 1394 1394 1393 1393 1393 1393 1417 1417 1417 1417 1418 1418 1418 1418 1393 1393 1393 1393 1418 1418 1418 1418 1391 1391 1391 1391 1417 1417 1417 1417 1415 1415 1415 1415 1419 1419 1419 1419 1417 1417 1417 1417 1419 1419 1419 1419 1418 1418 1418 1418 1415 1415 1415 1415 1420 1420 1420 1420 1419 1419 1419 1419 1415 1415 1415 1415 1416 1416 1416 1416 1420 1420 1420 1420 1391 1391 1391 1391 1418 1418 1418 1418 1421 1421 1421 1421 1389 1389 1389 1389 1391 1391 1391 1391 1421 1421 1421 1421 1418 1418 1418 1418 1419 1419 1419 1419 1422 1422 1422 1422 1418 1418 1418 1418 1422 1422 1422 1422 1421 1421 1421 1421 1419 1419 1419 1419 1420 1420 1420 1420 1423 1423 1423 1423 1419 1419 1419 1419 1423 1423 1423 1423 1422 1422 1422 1422 1424 1424 1424 1424 1389 1389 1389 1389 1421 1421 1421 1421 1389 1389 1389 1389 1424 1424 1424 1424 1387 1387 1387 1387 1421 1421 1421 1421 1422 1422 1422 1422 1425 1425 1425 1425 1424 1424 1424 1424 1421 1421 1421 1421 1425 1425 1425 1425 1426 1426 1426 1426 1422 1422 1422 1422 1423 1423 1423 1423 1422 1422 1422 1422 1426 1426 1426 1426 1425 1425 1425 1425 1420 1420 1420 1420 1427 1427 1427 1427 1423 1423 1423 1423 1420 1420 1420 1420 1416 1416 1416 1416 1427 1427 1427 1427 1428 1428 1428 1428 1426 1426 1426 1426 1423 1423 1423 1423 1428 1428 1428 1428 1423 1423 1423 1423 1427 1427 1427 1427 1416 1416 1416 1416 1429 1429 1429 1429 1427 1427 1427 1427 1429 1429 1429 1429 1416 1416 1416 1416 1414 1414 1414 1414 1430 1430 1430 1430 1429 1429 1429 1429 1414 1414 1414 1414 1429 1429 1429 1429 1430 1430 1430 1430 1431 1431 1431 1431 1429 1429 1429 1429 1432 1432 1432 1432 1427 1427 1427 1427 1432 1432 1432 1432 1428 1428 1428 1428 1427 1427 1427 1427 1433 1433 1433 1433 1429 1429 1429 1429 1431 1431 1431 1431 1432 1432 1432 1432 1429 1429 1429 1429 1433 1433 1433 1433 1433 1433 1433 1433 1431 1431 1431 1431 1434 1434 1434 1434 1428 1428 1428 1428 1432 1432 1432 1432 1435 1435 1435 1435 1436 1436 1436 1436 1433 1433 1433 1433 1434 1434 1434 1434 1436 1436 1436 1436 1434 1434 1434 1434 1437 1437 1437 1437 1432 1432 1432 1432 1433 1433 1433 1433 1438 1438 1438 1438 1433 1433 1433 1433 1436 1436 1436 1436 1438 1438 1438 1438 1432 1432 1432 1432 1438 1438 1438 1438 1435 1435 1435 1435 1439 1439 1439 1439 1436 1436 1436 1436 1437 1437 1437 1437 1436 1436 1436 1436 1440 1440 1440 1440 1438 1438 1438 1438 1436 1436 1436 1436 1439 1439 1439 1439 1440 1440 1440 1440 1435 1435 1435 1435 1438 1438 1438 1438 1441 1441 1441 1441 1438 1438 1438 1438 1440 1440 1440 1440 1441 1441 1441 1441 1428 1428 1428 1428 1435 1435 1435 1435 1442 1442 1442 1442 1426 1426 1426 1426 1428 1428 1428 1428 1442 1442 1442 1442 1435 1435 1435 1435 1441 1441 1441 1441 1443 1443 1443 1443 1442 1442 1442 1442 1435 1435 1435 1435 1443 1443 1443 1443 1426 1426 1426 1426 1442 1442 1442 1442 1444 1444 1444 1444 1425 1425 1425 1425 1426 1426 1426 1426 1444 1444 1444 1444 1442 1442 1442 1442 1443 1443 1443 1443 1445 1445 1445 1445 1444 1444 1444 1444 1442 1442 1442 1442 1445 1445 1445 1445 1446 1446 1446 1446 1425 1425 1425 1425 1444 1444 1444 1444 1446 1446 1446 1446 1424 1424 1424 1424 1425 1425 1425 1425 1447 1447 1447 1447 1444 1444 1444 1444 1445 1445 1445 1445 1447 1447 1447 1447 1446 1446 1446 1446 1444 1444 1444 1444 1424 1424 1424 1424 1446 1446 1446 1446 1448 1448 1448 1448 1424 1424 1424 1424 1448 1448 1448 1448 1387 1387 1387 1387 1446 1446 1446 1446 1447 1447 1447 1447 1449 1449 1449 1449 1446 1446 1446 1446 1449 1449 1449 1449 1448 1448 1448 1448 1387 1387 1387 1387 1448 1448 1448 1448 1450 1450 1450 1450 1387 1387 1387 1387 1450 1450 1450 1450 1369 1369 1369 1369 1367 1367 1367 1367 1369 1369 1369 1369 1450 1450 1450 1450 1370 1370 1370 1370 1367 1367 1367 1367 1450 1450 1450 1450 1448 1448 1448 1448 1451 1451 1451 1451 1450 1450 1450 1450 1370 1370 1370 1370 1450 1450 1450 1450 1451 1451 1451 1451 1448 1448 1448 1448 1449 1449 1449 1449 1451 1451 1451 1451 1452 1452 1452 1452 1370 1370 1370 1370 1451 1451 1451 1451 1372 1372 1372 1372 1370 1370 1370 1370 1452 1452 1452 1452 1449 1449 1449 1449 1453 1453 1453 1453 1451 1451 1451 1451 1452 1452 1452 1452 1451 1451 1451 1451 1453 1453 1453 1453 1449 1449 1449 1449 1454 1454 1454 1454 1453 1453 1453 1453 1447 1447 1447 1447 1454 1454 1454 1454 1449 1449 1449 1449 1455 1455 1455 1455 1452 1452 1452 1452 1453 1453 1453 1453 1454 1454 1454 1454 1447 1447 1447 1447 1456 1456 1456 1456 1454 1454 1454 1454 1457 1457 1457 1457 1453 1453 1453 1453 1454 1454 1454 1454 1456 1456 1456 1456 1457 1457 1457 1457 1453 1453 1453 1453 1457 1457 1457 1457 1455 1455 1455 1455 1447 1447 1447 1447 1458 1458 1458 1458 1456 1456 1456 1456 1458 1458 1458 1458 1447 1447 1447 1447 1445 1445 1445 1445 1456 1456 1456 1456 1459 1459 1459 1459 1457 1457 1457 1457 1458 1458 1458 1458 1445 1445 1445 1445 1460 1460 1460 1460 1445 1445 1445 1445 1443 1443 1443 1443 1460 1460 1460 1460 1456 1456 1456 1456 1458 1458 1458 1458 1461 1461 1461 1461 1456 1456 1456 1456 1461 1461 1461 1461 1459 1459 1459 1459 1462 1462 1462 1462 1458 1458 1458 1458 1460 1460 1460 1460 1458 1458 1458 1458 1462 1462 1462 1462 1461 1461 1461 1461 1443 1443 1443 1443 1463 1463 1463 1463 1460 1460 1460 1460 1443 1443 1443 1443 1441 1441 1441 1441 1463 1463 1463 1463 1462 1462 1462 1462 1460 1460 1460 1460 1464 1464 1464 1464 1461 1461 1461 1461 1462 1462 1462 1462 1464 1464 1464 1464 1441 1441 1441 1441 1465 1465 1465 1465 1463 1463 1463 1463 1441 1441 1441 1441 1440 1440 1440 1440 1465 1465 1465 1465 1460 1460 1460 1460 1463 1463 1463 1463 1466 1466 1466 1466 1440 1440 1440 1440 1467 1467 1467 1467 1465 1465 1465 1465 1439 1439 1439 1439 1467 1467 1467 1467 1440 1440 1440 1440 1463 1463 1463 1463 1465 1465 1465 1465 1468 1468 1468 1468 1466 1466 1466 1466 1463 1463 1463 1463 1468 1468 1468 1468 1465 1465 1465 1465 1467 1467 1467 1467 1469 1469 1469 1469 1467 1467 1467 1467 1439 1439 1439 1439 1469 1469 1469 1469 1468 1468 1468 1468 1465 1465 1465 1465 1469 1469 1469 1469 1439 1439 1439 1439 1470 1470 1470 1470 1469 1469 1469 1469 1470 1470 1470 1470 1439 1439 1439 1439 1437 1437 1437 1437 1471 1471 1471 1471 1470 1470 1470 1470 1437 1437 1437 1437 1468 1468 1468 1468 1469 1469 1469 1469 1472 1472 1472 1472 1469 1469 1469 1469 1470 1470 1470 1470 1472 1472 1472 1472 1473 1473 1473 1473 1470 1470 1470 1470 1471 1471 1471 1471 1470 1470 1470 1470 1473 1473 1473 1473 1472 1472 1472 1472 1474 1474 1474 1474 1473 1473 1473 1473 1471 1471 1471 1471 1475 1475 1475 1475 1468 1468 1468 1468 1472 1472 1472 1472 1466 1466 1466 1466 1468 1468 1468 1468 1475 1475 1475 1475 1476 1476 1476 1476 1472 1472 1472 1472 1473 1473 1473 1473 1475 1475 1475 1475 1472 1472 1472 1472 1476 1476 1476 1476 1473 1473 1473 1473 1474 1474 1474 1474 1477 1477 1477 1477 1476 1476 1476 1476 1473 1473 1473 1473 1477 1477 1477 1477 1474 1474 1474 1474 1478 1478 1478 1478 1477 1477 1477 1477 1478 1478 1478 1478 1187 1187 1187 1187 1477 1477 1477 1477 1187 1187 1187 1187 1189 1189 1189 1189 1477 1477 1477 1477 1477 1477 1477 1477 1479 1479 1479 1479 1476 1476 1476 1476 1479 1479 1479 1479 1477 1477 1477 1477 1189 1189 1189 1189 1480 1480 1480 1480 1475 1475 1475 1475 1476 1476 1476 1476 1476 1476 1476 1476 1479 1479 1479 1479 1480 1480 1480 1480 1481 1481 1481 1481 1479 1479 1479 1479 1189 1189 1189 1189 1191 1191 1191 1191 1481 1481 1481 1481 1189 1189 1189 1189 1482 1482 1482 1482 1479 1479 1479 1479 1481 1481 1481 1481 1479 1479 1479 1479 1482 1482 1482 1482 1480 1480 1480 1480 1483 1483 1483 1483 1481 1481 1481 1481 1191 1191 1191 1191 1483 1483 1483 1483 1482 1482 1482 1482 1481 1481 1481 1481 1193 1193 1193 1193 1483 1483 1483 1483 1191 1191 1191 1191 1484 1484 1484 1484 1480 1480 1480 1480 1482 1482 1482 1482 1485 1485 1485 1485 1483 1483 1483 1483 1193 1193 1193 1193 1195 1195 1195 1195 1485 1485 1485 1485 1193 1193 1193 1193 1486 1486 1486 1486 1482 1482 1482 1482 1483 1483 1483 1483 1485 1485 1485 1485 1486 1486 1486 1486 1483 1483 1483 1483 1486 1486 1486 1486 1484 1484 1484 1484 1482 1482 1482 1482 1485 1485 1485 1485 1195 1195 1195 1195 1487 1487 1487 1487 1195 1195 1195 1195 1197 1197 1197 1197 1487 1487 1487 1487 1202 1202 1202 1202 1487 1487 1487 1487 1197 1197 1197 1197 1485 1485 1485 1485 1487 1487 1487 1487 1488 1488 1488 1488 1488 1488 1488 1488 1487 1487 1487 1487 1202 1202 1202 1202 1486 1486 1486 1486 1485 1485 1485 1485 1488 1488 1488 1488 1213 1213 1213 1213 1488 1488 1488 1488 1202 1202 1202 1202 1486 1486 1486 1486 1488 1488 1488 1488 1489 1489 1489 1489 1489 1489 1489 1489 1488 1488 1488 1488 1213 1213 1213 1213 1484 1484 1484 1484 1486 1486 1486 1486 1489 1489 1489 1489 1490 1490 1490 1490 1489 1489 1489 1489 1213 1213 1213 1213 1213 1213 1213 1213 1211 1211 1211 1211 1490 1490 1490 1490 1484 1484 1484 1484 1489 1489 1489 1489 1491 1491 1491 1491 1491 1491 1491 1491 1489 1489 1489 1489 1490 1490 1490 1490 1484 1484 1484 1484 1492 1492 1492 1492 1480 1480 1480 1480 1492 1492 1492 1492 1484 1484 1484 1484 1491 1491 1491 1491 1492 1492 1492 1492 1475 1475 1475 1475 1480 1480 1480 1480 1492 1492 1492 1492 1466 1466 1466 1466 1475 1475 1475 1475 1493 1493 1493 1493 1466 1466 1466 1466 1492 1492 1492 1492 1491 1491 1491 1491 1493 1493 1493 1493 1492 1492 1492 1492 1493 1493 1493 1493 1460 1460 1460 1460 1466 1466 1466 1466 1460 1460 1460 1460 1493 1493 1493 1493 1464 1464 1464 1464 1493 1493 1493 1493 1491 1491 1491 1491 1494 1494 1494 1494 1464 1464 1464 1464 1493 1493 1493 1493 1494 1494 1494 1494 1494 1494 1494 1494 1491 1491 1491 1491 1490 1490 1490 1490 1464 1464 1464 1464 1494 1494 1494 1494 1495 1495 1495 1495 1495 1495 1495 1495 1461 1461 1461 1461 1464 1464 1464 1464 1494 1494 1494 1494 1490 1490 1490 1490 1496 1496 1496 1496 1211 1211 1211 1211 1496 1496 1496 1496 1490 1490 1490 1490 1494 1494 1494 1494 1497 1497 1497 1497 1495 1495 1495 1495 1497 1497 1497 1497 1494 1494 1494 1494 1496 1496 1496 1496 1211 1211 1211 1211 1498 1498 1498 1498 1496 1496 1496 1496 1208 1208 1208 1208 1498 1498 1498 1498 1211 1211 1211 1211 1208 1208 1208 1208 1210 1210 1210 1210 1498 1498 1498 1498 1497 1497 1497 1497 1496 1496 1496 1496 1499 1499 1499 1499 1498 1498 1498 1498 1499 1499 1499 1499 1496 1496 1496 1496 1497 1497 1497 1497 1500 1500 1500 1500 1495 1495 1495 1495 1500 1500 1500 1500 1497 1497 1497 1497 1499 1499 1499 1499 1210 1210 1210 1210 1501 1501 1501 1501 1498 1498 1498 1498 1498 1498 1498 1498 1501 1501 1501 1501 1499 1499 1499 1499 1210 1210 1210 1210 1502 1502 1502 1502 1501 1501 1501 1501 1209 1209 1209 1209 1502 1502 1502 1502 1210 1210 1210 1210 1502 1502 1502 1502 1209 1209 1209 1209 1215 1215 1215 1215 1501 1501 1501 1501 1503 1503 1503 1503 1499 1499 1499 1499 1500 1500 1500 1500 1499 1499 1499 1499 1503 1503 1503 1503 1502 1502 1502 1502 1504 1504 1504 1504 1501 1501 1501 1501 1501 1501 1501 1501 1504 1504 1504 1504 1503 1503 1503 1503 1502 1502 1502 1502 1215 1215 1215 1215 1505 1505 1505 1505 1504 1504 1504 1504 1502 1502 1502 1502 1505 1505 1505 1505 1506 1506 1506 1506 1505 1505 1505 1505 1215 1215 1215 1215 1217 1217 1217 1217 1506 1506 1506 1506 1215 1215 1215 1215 1505 1505 1505 1505 1507 1507 1507 1507 1504 1504 1504 1504 1508 1508 1508 1508 1506 1506 1506 1506 1217 1217 1217 1217 1218 1218 1218 1218 1508 1508 1508 1508 1217 1217 1217 1217 1506 1506 1506 1506 1509 1509 1509 1509 1505 1505 1505 1505 1509 1509 1509 1509 1507 1507 1507 1507 1505 1505 1505 1505 1508 1508 1508 1508 1510 1510 1510 1510 1506 1506 1506 1506 1510 1510 1510 1510 1509 1509 1509 1509 1506 1506 1506 1506 1511 1511 1511 1511 1508 1508 1508 1508 1218 1218 1218 1218 1220 1220 1220 1220 1511 1511 1511 1511 1218 1218 1218 1218 1233 1233 1233 1233 1511 1511 1511 1511 1220 1220 1220 1220 1511 1511 1511 1511 1512 1512 1512 1512 1508 1508 1508 1508 1512 1512 1512 1512 1510 1510 1510 1510 1508 1508 1508 1508 1233 1233 1233 1233 1513 1513 1513 1513 1511 1511 1511 1511 1513 1513 1513 1513 1512 1512 1512 1512 1511 1511 1511 1511 1234 1234 1234 1234 1513 1513 1513 1513 1233 1233 1233 1233 1512 1512 1512 1512 1514 1514 1514 1514 1510 1510 1510 1510 1234 1234 1234 1234 1515 1515 1515 1515 1513 1513 1513 1513 1515 1515 1515 1515 1234 1234 1234 1234 1242 1242 1242 1242 1515 1515 1515 1515 1242 1242 1242 1242 1337 1337 1337 1337 1513 1513 1513 1513 1516 1516 1516 1516 1512 1512 1512 1512 1515 1515 1515 1515 1516 1516 1516 1516 1513 1513 1513 1513 1516 1516 1516 1516 1514 1514 1514 1514 1512 1512 1512 1512 1517 1517 1517 1517 1515 1515 1515 1515 1337 1337 1337 1337 1515 1515 1515 1515 1517 1517 1517 1517 1516 1516 1516 1516 1517 1517 1517 1517 1337 1337 1337 1337 1338 1338 1338 1338 1343 1343 1343 1343 1517 1517 1517 1517 1338 1338 1338 1338 1517 1517 1517 1517 1518 1518 1518 1518 1516 1516 1516 1516 1517 1517 1517 1517 1343 1343 1343 1343 1518 1518 1518 1518 1514 1514 1514 1514 1516 1516 1516 1516 1518 1518 1518 1518 1343 1343 1343 1343 1519 1519 1519 1519 1518 1518 1518 1518 1345 1345 1345 1345 1519 1519 1519 1519 1343 1343 1343 1343 1519 1519 1519 1519 1520 1520 1520 1520 1518 1518 1518 1518 1519 1519 1519 1519 1345 1345 1345 1345 1520 1520 1520 1520 1521 1521 1521 1521 1514 1514 1514 1514 1518 1518 1518 1518 1520 1520 1520 1520 1521 1521 1521 1521 1518 1518 1518 1518 1345 1345 1345 1345 1522 1522 1522 1522 1520 1520 1520 1520 1347 1347 1347 1347 1522 1522 1522 1522 1345 1345 1345 1345 1520 1520 1520 1520 1523 1523 1523 1523 1521 1521 1521 1521 1523 1523 1523 1523 1520 1520 1520 1520 1522 1522 1522 1522 1521 1521 1521 1521 1524 1524 1524 1524 1514 1514 1514 1514 1523 1523 1523 1523 1524 1524 1524 1524 1521 1521 1521 1521 1524 1524 1524 1524 1525 1525 1525 1525 1514 1514 1514 1514 1514 1514 1514 1514 1525 1525 1525 1525 1510 1510 1510 1510 1510 1510 1510 1510 1525 1525 1525 1525 1509 1509 1509 1509 1525 1525 1525 1525 1526 1526 1526 1526 1509 1509 1509 1509 1525 1525 1525 1525 1524 1524 1524 1524 1526 1526 1526 1526 1509 1509 1509 1509 1526 1526 1526 1526 1507 1507 1507 1507 1524 1524 1524 1524 1527 1527 1527 1527 1526 1526 1526 1526 1524 1524 1524 1524 1523 1523 1523 1523 1527 1527 1527 1527 1526 1526 1526 1526 1528 1528 1528 1528 1507 1507 1507 1507 1526 1526 1526 1526 1527 1527 1527 1527 1528 1528 1528 1528 1507 1507 1507 1507 1528 1528 1528 1528 1529 1529 1529 1529 1507 1507 1507 1507 1529 1529 1529 1529 1504 1504 1504 1504 1504 1504 1504 1504 1529 1529 1529 1529 1503 1503 1503 1503 1530 1530 1530 1530 1503 1503 1503 1503 1529 1529 1529 1529 1530 1530 1530 1530 1500 1500 1500 1500 1503 1503 1503 1503 1528 1528 1528 1528 1531 1531 1531 1531 1529 1529 1529 1529 1531 1531 1531 1531 1530 1530 1530 1530 1529 1529 1529 1529 1527 1527 1527 1527 1532 1532 1532 1532 1528 1528 1528 1528 1531 1531 1531 1531 1528 1528 1528 1528 1532 1532 1532 1532 1530 1530 1530 1530 1533 1533 1533 1533 1500 1500 1500 1500 1533 1533 1533 1533 1530 1530 1530 1530 1531 1531 1531 1531 1533 1533 1533 1533 1534 1534 1534 1534 1500 1500 1500 1500 1500 1500 1500 1500 1534 1534 1534 1534 1495 1495 1495 1495 1495 1495 1495 1495 1534 1534 1534 1534 1461 1461 1461 1461 1535 1535 1535 1535 1533 1533 1533 1533 1531 1531 1531 1531 1535 1535 1535 1535 1531 1531 1531 1531 1532 1532 1532 1532 1534 1534 1534 1534 1536 1536 1536 1536 1461 1461 1461 1461 1461 1461 1461 1461 1536 1536 1536 1536 1459 1459 1459 1459 1534 1534 1534 1534 1533 1533 1533 1533 1537 1537 1537 1537 1536 1536 1536 1536 1534 1534 1534 1534 1537 1537 1537 1537 1533 1533 1533 1533 1535 1535 1535 1535 1537 1537 1537 1537 1536 1536 1536 1536 1537 1537 1537 1537 1459 1459 1459 1459 1535 1535 1535 1535 1538 1538 1538 1538 1537 1537 1537 1537 1537 1537 1537 1537 1539 1539 1539 1539 1459 1459 1459 1459 1457 1457 1457 1457 1459 1459 1459 1459 1539 1539 1539 1539 1538 1538 1538 1538 1540 1540 1540 1540 1537 1537 1537 1537 1540 1540 1540 1540 1539 1539 1539 1539 1537 1537 1537 1537 1538 1538 1538 1538 1535 1535 1535 1535 1541 1541 1541 1541 1540 1540 1540 1540 1538 1538 1538 1538 1541 1541 1541 1541 1535 1535 1535 1535 1532 1532 1532 1532 1541 1541 1541 1541 1542 1542 1542 1542 1457 1457 1457 1457 1539 1539 1539 1539 1457 1457 1457 1457 1542 1542 1542 1542 1455 1455 1455 1455 1540 1540 1540 1540 1543 1543 1543 1543 1539 1539 1539 1539 1543 1543 1543 1543 1542 1542 1542 1542 1539 1539 1539 1539 1544 1544 1544 1544 1540 1540 1540 1540 1541 1541 1541 1541 1543 1543 1543 1543 1540 1540 1540 1540 1544 1544 1544 1544 1545 1545 1545 1545 1541 1541 1541 1541 1532 1532 1532 1532 1544 1544 1544 1544 1541 1541 1541 1541 1545 1545 1545 1545 1527 1527 1527 1527 1545 1545 1545 1545 1532 1532 1532 1532 1523 1523 1523 1523 1545 1545 1545 1545 1527 1527 1527 1527 1546 1546 1546 1546 1544 1544 1544 1544 1545 1545 1545 1545 1546 1546 1546 1546 1545 1545 1545 1545 1523 1523 1523 1523 1547 1547 1547 1547 1543 1543 1543 1543 1544 1544 1544 1544 1547 1547 1547 1547 1544 1544 1544 1544 1546 1546 1546 1546 1542 1542 1542 1542 1543 1543 1543 1543 1548 1548 1548 1548 1543 1543 1543 1543 1547 1547 1547 1547 1548 1548 1548 1548 1455 1455 1455 1455 1542 1542 1542 1542 1548 1548 1548 1548 1549 1549 1549 1549 1546 1546 1546 1546 1523 1523 1523 1523 1549 1549 1549 1549 1523 1523 1523 1523 1522 1522 1522 1522 1549 1549 1549 1549 1522 1522 1522 1522 1347 1347 1347 1347 1548 1548 1548 1548 1550 1550 1550 1550 1455 1455 1455 1455 1550 1550 1550 1550 1452 1452 1452 1452 1455 1455 1455 1455 1550 1550 1550 1550 1372 1372 1372 1372 1452 1452 1452 1452 1548 1548 1548 1548 1551 1551 1551 1551 1550 1550 1550 1550 1547 1547 1547 1547 1551 1551 1551 1551 1548 1548 1548 1548 1372 1372 1372 1372 1550 1550 1550 1550 1552 1552 1552 1552 1551 1551 1551 1551 1552 1552 1552 1552 1550 1550 1550 1550 1364 1364 1364 1364 1372 1372 1372 1372 1552 1552 1552 1552 1547 1547 1547 1547 1553 1553 1553 1553 1551 1551 1551 1551 1553 1553 1553 1553 1547 1547 1547 1547 1546 1546 1546 1546 1553 1553 1553 1553 1546 1546 1546 1546 1549 1549 1549 1549 1551 1551 1551 1551 1554 1554 1554 1554 1552 1552 1552 1552 1553 1553 1553 1553 1554 1554 1554 1554 1551 1551 1551 1551 1364 1364 1364 1364 1552 1552 1552 1552 1555 1555 1555 1555 1554 1554 1554 1554 1555 1555 1555 1555 1552 1552 1552 1552 1356 1356 1356 1356 1364 1364 1364 1364 1555 1555 1555 1555 1356 1356 1356 1356 1555 1555 1555 1555 1349 1349 1349 1349 1556 1556 1556 1556 1553 1553 1553 1553 1549 1549 1549 1549 1553 1553 1553 1553 1556 1556 1556 1556 1554 1554 1554 1554 1556 1556 1556 1556 1549 1549 1549 1549 1347 1347 1347 1347 1554 1554 1554 1554 1557 1557 1557 1557 1555 1555 1555 1555 1556 1556 1556 1556 1557 1557 1557 1557 1554 1554 1554 1554 1557 1557 1557 1557 1349 1349 1349 1349 1555 1555 1555 1555 1557 1557 1557 1557 1556 1556 1556 1556 1347 1347 1347 1347 1557 1557 1557 1557 1346 1346 1346 1346 1349 1349 1349 1349 1346 1346 1346 1346 1557 1557 1557 1557 1347 1347 1347 1347 1558 1558 1558 1558 1559 1559 1559 1559 1560 1560 1560 1560 1561 1561 1561 1561 1559 1559 1559 1559 1558 1558 1558 1558 1559 1559 1559 1559 1562 1562 1562 1562 1560 1560 1560 1560 1559 1559 1559 1559 1561 1561 1561 1561 1563 1563 1563 1563 1562 1562 1562 1562 1559 1559 1559 1559 1564 1564 1564 1564 1565 1565 1565 1565 1559 1559 1559 1559 1563 1563 1563 1563 1564 1564 1564 1564 1559 1559 1559 1559 1566 1566 1566 1566 1567 1567 1567 1567 1559 1559 1559 1559 1565 1565 1565 1565 1566 1566 1566 1566 1559 1559 1559 1559 1567 1567 1567 1567 1568 1568 1568 1568 1569 1569 1569 1569 1570 1570 1570 1570 1571 1571 1571 1571 1568 1568 1568 1568 1570 1570 1570 1570 1570 1570 1570 1570 1569 1569 1569 1569 1572 1572 1572 1572 1570 1570 1570 1570 1573 1573 1573 1573 1571 1571 1571 1571 1572 1572 1572 1572 1574 1574 1574 1574 1570 1570 1570 1570 1575 1575 1575 1575 1573 1573 1573 1573 1570 1570 1570 1570 1574 1574 1574 1574 1576 1576 1576 1576 1570 1570 1570 1570 1577 1577 1577 1577 1575 1575 1575 1575 1570 1570 1570 1570 1576 1576 1576 1576 1577 1577 1577 1577 1570 1570 1570 1570 1578 1578 1578 1578 1579 1579 1579 1579 1580 1580 1580 1580 1578 1578 1578 1578 1580 1580 1580 1580 1581 1581 1581 1581 1579 1579 1579 1579 1578 1578 1578 1578 1582 1582 1582 1582 1578 1578 1578 1578 1581 1581 1581 1581 1583 1583 1583 1583 1582 1582 1582 1582 1578 1578 1578 1578 1584 1584 1584 1584 1585 1585 1585 1585 1578 1578 1578 1578 1583 1583 1583 1583 1584 1584 1584 1584 1578 1578 1578 1578 1586 1586 1586 1586 1587 1587 1587 1587 1578 1578 1578 1578 1585 1585 1585 1585 1586 1586 1586 1586 1578 1578 1578 1578 1588 1588 1588 1588 1588 1588 1588 1588 1578 1578 1578 1578 1587 1587 1587 1587 1589 1589 1589 1589 1590 1590 1590 1590 1591 1591 1591 1591 1589 1589 1589 1589 1592 1592 1592 1592 1590 1590 1590 1590 1591 1591 1591 1591 1593 1593 1593 1593 1589 1589 1589 1589 1589 1589 1589 1589 1594 1594 1594 1594 1592 1592 1592 1592 1593 1593 1593 1593 1595 1595 1595 1595 1589 1589 1589 1589 1596 1596 1596 1596 1594 1594 1594 1594 1589 1589 1589 1589 1595 1595 1595 1595 1597 1597 1597 1597 1589 1589 1589 1589 1598 1598 1598 1598 1596 1596 1596 1596 1589 1589 1589 1589 1597 1597 1597 1597 1599 1599 1599 1599 1589 1589 1589 1589 1599 1599 1599 1599 1598 1598 1598 1598 1589 1589 1589 1589 1600 1600 1600 1600 1601 1601 1601 1601 1602 1602 1602 1602 1601 1601 1601 1601 1603 1603 1603 1603 1602 1602 1602 1602 1604 1604 1604 1604 1601 1601 1601 1601 1600 1600 1600 1600 1605 1605 1605 1605 1604 1604 1604 1604 1600 1600 1600 1600 1601 1601 1601 1601 1606 1606 1606 1606 1603 1603 1603 1603 1606 1606 1606 1606 1607 1607 1607 1607 1603 1603 1603 1603 1604 1604 1604 1604 1608 1608 1608 1608 1601 1601 1601 1601 1608 1608 1608 1608 1606 1606 1606 1606 1601 1601 1601 1601 1609 1609 1609 1609 1604 1604 1604 1604 1605 1605 1605 1605 1610 1610 1610 1610 1609 1609 1609 1609 1605 1605 1605 1605 1611 1611 1611 1611 1608 1608 1608 1608 1604 1604 1604 1604 1609 1609 1609 1609 1611 1611 1611 1611 1604 1604 1604 1604 1612 1612 1612 1612 1609 1609 1609 1609 1610 1610 1610 1610 1613 1613 1613 1613 1612 1612 1612 1612 1610 1610 1610 1610 1614 1614 1614 1614 1611 1611 1611 1611 1609 1609 1609 1609 1612 1612 1612 1612 1614 1614 1614 1614 1609 1609 1609 1609 1615 1615 1615 1615 1612 1612 1612 1612 1613 1613 1613 1613 1616 1616 1616 1616 1615 1615 1615 1615 1613 1613 1613 1613 1617 1617 1617 1617 1614 1614 1614 1614 1612 1612 1612 1612 1615 1615 1615 1615 1617 1617 1617 1617 1612 1612 1612 1612 1618 1618 1618 1618 1615 1615 1615 1615 1616 1616 1616 1616 1619 1619 1619 1619 1618 1618 1618 1618 1616 1616 1616 1616 1620 1620 1620 1620 1617 1617 1617 1617 1615 1615 1615 1615 1618 1618 1618 1618 1620 1620 1620 1620 1615 1615 1615 1615 1621 1621 1621 1621 1618 1618 1618 1618 1619 1619 1619 1619 1622 1622 1622 1622 1621 1621 1621 1621 1619 1619 1619 1619 1623 1623 1623 1623 1620 1620 1620 1620 1618 1618 1618 1618 1621 1621 1621 1621 1623 1623 1623 1623 1618 1618 1618 1618 1624 1624 1624 1624 1621 1621 1621 1621 1622 1622 1622 1622 1625 1625 1625 1625 1624 1624 1624 1624 1622 1622 1622 1622 1625 1625 1625 1625 1626 1626 1626 1626 1624 1624 1624 1624 1624 1624 1624 1624 1627 1627 1627 1627 1621 1621 1621 1621 1627 1627 1627 1627 1623 1623 1623 1623 1621 1621 1621 1621 1626 1626 1626 1626 1628 1628 1628 1628 1624 1624 1624 1624 1624 1624 1624 1624 1628 1628 1628 1628 1627 1627 1627 1627 1626 1626 1626 1626 1629 1629 1629 1629 1628 1628 1628 1628 1627 1627 1627 1627 1630 1630 1630 1630 1623 1623 1623 1623 1629 1629 1629 1629 1631 1631 1631 1631 1628 1628 1628 1628 1629 1629 1629 1629 1632 1632 1632 1632 1631 1631 1631 1631 1628 1628 1628 1628 1633 1633 1633 1633 1627 1627 1627 1627 1628 1628 1628 1628 1631 1631 1631 1631 1633 1633 1633 1633 1627 1627 1627 1627 1633 1633 1633 1633 1630 1630 1630 1630 1632 1632 1632 1632 1634 1634 1634 1634 1631 1631 1631 1631 1632 1632 1632 1632 1635 1635 1635 1635 1634 1634 1634 1634 1631 1631 1631 1631 1636 1636 1636 1636 1633 1633 1633 1633 1631 1631 1631 1631 1634 1634 1634 1634 1636 1636 1636 1636 1635 1635 1635 1635 1637 1637 1637 1637 1634 1634 1634 1634 1635 1635 1635 1635 1638 1638 1638 1638 1637 1637 1637 1637 1634 1634 1634 1634 1639 1639 1639 1639 1636 1636 1636 1636 1634 1634 1634 1634 1637 1637 1637 1637 1639 1639 1639 1639 1633 1633 1633 1633 1636 1636 1636 1636 1640 1640 1640 1640 1633 1633 1633 1633 1640 1640 1640 1640 1630 1630 1630 1630 1636 1636 1636 1636 1639 1639 1639 1639 1641 1641 1641 1641 1636 1636 1636 1636 1641 1641 1641 1641 1640 1640 1640 1640 1637 1637 1637 1637 1642 1642 1642 1642 1639 1639 1639 1639 1638 1638 1638 1638 1643 1643 1643 1643 1637 1637 1637 1637 1637 1637 1637 1637 1643 1643 1643 1643 1642 1642 1642 1642 1638 1638 1638 1638 1644 1644 1644 1644 1643 1643 1643 1643 1639 1639 1639 1639 1642 1642 1642 1642 1645 1645 1645 1645 1639 1639 1639 1639 1645 1645 1645 1645 1641 1641 1641 1641 1644 1644 1644 1644 1646 1646 1646 1646 1643 1643 1643 1643 1644 1644 1644 1644 1647 1647 1647 1647 1646 1646 1646 1646 1643 1643 1643 1643 1648 1648 1648 1648 1642 1642 1642 1642 1643 1643 1643 1643 1646 1646 1646 1646 1648 1648 1648 1648 1647 1647 1647 1647 1649 1649 1649 1649 1646 1646 1646 1646 1647 1647 1647 1647 1650 1650 1650 1650 1649 1649 1649 1649 1650 1650 1650 1650 1651 1651 1651 1651 1649 1649 1649 1649 1646 1646 1646 1646 1649 1649 1649 1649 1652 1652 1652 1652 1646 1646 1646 1646 1652 1652 1652 1652 1648 1648 1648 1648 1649 1649 1649 1649 1651 1651 1651 1651 1653 1653 1653 1653 1649 1649 1649 1649 1653 1653 1653 1653 1652 1652 1652 1652 1651 1651 1651 1651 1654 1654 1654 1654 1653 1653 1653 1653 1648 1648 1648 1648 1652 1652 1652 1652 1655 1655 1655 1655 1653 1653 1653 1653 1654 1654 1654 1654 1656 1656 1656 1656 1654 1654 1654 1654 1657 1657 1657 1657 1656 1656 1656 1656 1652 1652 1652 1652 1653 1653 1653 1653 1658 1658 1658 1658 1653 1653 1653 1653 1656 1656 1656 1656 1658 1658 1658 1658 1652 1652 1652 1652 1658 1658 1658 1658 1655 1655 1655 1655 1656 1656 1656 1656 1657 1657 1657 1657 1659 1659 1659 1659 1657 1657 1657 1657 1660 1660 1660 1660 1659 1659 1659 1659 1658 1658 1658 1658 1656 1656 1656 1656 1661 1661 1661 1661 1656 1656 1656 1656 1659 1659 1659 1659 1661 1661 1661 1661 1659 1659 1659 1659 1660 1660 1660 1660 1662 1662 1662 1662 1660 1660 1660 1660 1663 1663 1663 1663 1662 1662 1662 1662 1661 1661 1661 1661 1659 1659 1659 1659 1664 1664 1664 1664 1659 1659 1659 1659 1662 1662 1662 1662 1664 1664 1664 1664 1658 1658 1658 1658 1661 1661 1661 1661 1665 1665 1665 1665 1655 1655 1655 1655 1658 1658 1658 1658 1665 1665 1665 1665 1661 1661 1661 1661 1664 1664 1664 1664 1666 1666 1666 1666 1665 1665 1665 1665 1661 1661 1661 1661 1666 1666 1666 1666 1664 1664 1664 1664 1662 1662 1662 1662 1667 1667 1667 1667 1662 1662 1662 1662 1663 1663 1663 1663 1668 1668 1668 1668 1662 1662 1662 1662 1668 1668 1668 1668 1667 1667 1667 1667 1663 1663 1663 1663 1669 1669 1669 1669 1668 1668 1668 1668 1669 1669 1669 1669 1670 1670 1670 1670 1668 1668 1668 1668 1670 1670 1670 1670 1671 1671 1671 1671 1668 1668 1668 1668 1668 1668 1668 1668 1671 1671 1671 1671 1667 1667 1667 1667 1670 1670 1670 1670 1672 1672 1672 1672 1671 1671 1671 1671 1664 1664 1664 1664 1667 1667 1667 1667 1673 1673 1673 1673 1666 1666 1666 1666 1664 1664 1664 1664 1673 1673 1673 1673 1671 1671 1671 1671 1674 1674 1674 1674 1667 1667 1667 1667 1667 1667 1667 1667 1674 1674 1674 1674 1673 1673 1673 1673 1672 1672 1672 1672 1675 1675 1675 1675 1671 1671 1671 1671 1671 1671 1671 1671 1675 1675 1675 1675 1674 1674 1674 1674 1672 1672 1672 1672 1676 1676 1676 1676 1675 1675 1675 1675 1674 1674 1674 1674 1677 1677 1677 1677 1673 1673 1673 1673 1676 1676 1676 1676 1678 1678 1678 1678 1675 1675 1675 1675 1679 1679 1679 1679 1678 1678 1678 1678 1676 1676 1676 1676 1675 1675 1675 1675 1680 1680 1680 1680 1674 1674 1674 1674 1675 1675 1675 1675 1678 1678 1678 1678 1680 1680 1680 1680 1674 1674 1674 1674 1680 1680 1680 1680 1677 1677 1677 1677 1679 1679 1679 1679 1681 1681 1681 1681 1678 1678 1678 1678 1678 1678 1678 1678 1682 1682 1682 1682 1680 1680 1680 1680 1678 1678 1678 1678 1681 1681 1681 1681 1682 1682 1682 1682 1680 1680 1680 1680 1682 1682 1682 1682 1683 1683 1683 1683 1680 1680 1680 1680 1683 1683 1683 1683 1677 1677 1677 1677 1681 1681 1681 1681 1684 1684 1684 1684 1682 1682 1682 1682 1682 1682 1682 1682 1684 1684 1684 1684 1683 1683 1683 1683 1681 1681 1681 1681 1685 1685 1685 1685 1684 1684 1684 1684 1677 1677 1677 1677 1683 1683 1683 1683 1686 1686 1686 1686 1684 1684 1684 1684 1685 1685 1685 1685 1687 1687 1687 1687 1683 1683 1683 1683 1684 1684 1684 1684 1688 1688 1688 1688 1684 1684 1684 1684 1687 1687 1687 1687 1688 1688 1688 1688 1683 1683 1683 1683 1688 1688 1688 1688 1686 1686 1686 1686 1685 1685 1685 1685 1689 1689 1689 1689 1687 1687 1687 1687 1685 1685 1685 1685 1690 1690 1690 1690 1689 1689 1689 1689 1688 1688 1688 1688 1687 1687 1687 1687 1691 1691 1691 1691 1687 1687 1687 1687 1689 1689 1689 1689 1691 1691 1691 1691 1686 1686 1686 1686 1688 1688 1688 1688 1692 1692 1692 1692 1688 1688 1688 1688 1691 1691 1691 1691 1692 1692 1692 1692 1677 1677 1677 1677 1686 1686 1686 1686 1693 1693 1693 1693 1673 1673 1673 1673 1677 1677 1677 1677 1693 1693 1693 1693 1666 1666 1666 1666 1673 1673 1673 1673 1693 1693 1693 1693 1693 1693 1693 1693 1686 1686 1686 1686 1694 1694 1694 1694 1686 1686 1686 1686 1692 1692 1692 1692 1694 1694 1694 1694 1695 1695 1695 1695 1666 1666 1666 1666 1693 1693 1693 1693 1695 1695 1695 1695 1693 1693 1693 1693 1694 1694 1694 1694 1665 1665 1665 1665 1666 1666 1666 1666 1695 1695 1695 1695 1696 1696 1696 1696 1665 1665 1665 1665 1695 1695 1695 1695 1655 1655 1655 1655 1665 1665 1665 1665 1696 1696 1696 1696 1697 1697 1697 1697 1695 1695 1695 1695 1694 1694 1694 1694 1696 1696 1696 1696 1695 1695 1695 1695 1697 1697 1697 1697 1698 1698 1698 1698 1655 1655 1655 1655 1696 1696 1696 1696 1648 1648 1648 1648 1655 1655 1655 1655 1698 1698 1698 1698 1642 1642 1642 1642 1648 1648 1648 1648 1698 1698 1698 1698 1642 1642 1642 1642 1698 1698 1698 1698 1645 1645 1645 1645 1698 1698 1698 1698 1696 1696 1696 1696 1699 1699 1699 1699 1645 1645 1645 1645 1698 1698 1698 1698 1699 1699 1699 1699 1699 1699 1699 1699 1696 1696 1696 1696 1697 1697 1697 1697 1645 1645 1645 1645 1699 1699 1699 1699 1700 1700 1700 1700 1641 1641 1641 1641 1645 1645 1645 1645 1700 1700 1700 1700 1699 1699 1699 1699 1697 1697 1697 1697 1701 1701 1701 1701 1700 1700 1700 1700 1699 1699 1699 1699 1701 1701 1701 1701 1697 1697 1697 1697 1694 1694 1694 1694 1701 1701 1701 1701 1641 1641 1641 1641 1700 1700 1700 1700 1702 1702 1702 1702 1640 1640 1640 1640 1641 1641 1641 1641 1702 1702 1702 1702 1700 1700 1700 1700 1701 1701 1701 1701 1703 1703 1703 1703 1702 1702 1702 1702 1700 1700 1700 1700 1703 1703 1703 1703 1694 1694 1694 1694 1704 1704 1704 1704 1701 1701 1701 1701 1701 1701 1701 1701 1704 1704 1704 1704 1703 1703 1703 1703 1694 1694 1694 1694 1692 1692 1692 1692 1704 1704 1704 1704 1640 1640 1640 1640 1702 1702 1702 1702 1705 1705 1705 1705 1630 1630 1630 1630 1640 1640 1640 1640 1705 1705 1705 1705 1692 1692 1692 1692 1706 1706 1706 1706 1704 1704 1704 1704 1692 1692 1692 1692 1691 1691 1691 1691 1706 1706 1706 1706 1704 1704 1704 1704 1707 1707 1707 1707 1703 1703 1703 1703 1704 1704 1704 1704 1706 1706 1706 1706 1707 1707 1707 1707 1702 1702 1702 1702 1703 1703 1703 1703 1708 1708 1708 1708 1703 1703 1703 1703 1707 1707 1707 1707 1708 1708 1708 1708 1705 1705 1705 1705 1702 1702 1702 1702 1708 1708 1708 1708 1691 1691 1691 1691 1709 1709 1709 1709 1706 1706 1706 1706 1691 1691 1691 1691 1689 1689 1689 1689 1709 1709 1709 1709 1706 1706 1706 1706 1710 1710 1710 1710 1707 1707 1707 1707 1706 1706 1706 1706 1709 1709 1709 1709 1710 1710 1710 1710 1689 1689 1689 1689 1711 1711 1711 1711 1709 1709 1709 1709 1689 1689 1689 1689 1690 1690 1690 1690 1711 1711 1711 1711 1709 1709 1709 1709 1711 1711 1711 1711 1712 1712 1712 1712 1709 1709 1709 1709 1712 1712 1712 1712 1710 1710 1710 1710 1690 1690 1690 1690 1713 1713 1713 1713 1711 1711 1711 1711 1711 1711 1711 1711 1713 1713 1713 1713 1712 1712 1712 1712 1690 1690 1690 1690 1714 1714 1714 1714 1713 1713 1713 1713 1712 1712 1712 1712 1713 1713 1713 1713 1715 1715 1715 1715 1710 1710 1710 1710 1712 1712 1712 1712 1715 1715 1715 1715 1713 1713 1713 1713 1714 1714 1714 1714 1716 1716 1716 1716 1713 1713 1713 1713 1716 1716 1716 1716 1715 1715 1715 1715 1717 1717 1717 1717 1716 1716 1716 1716 1714 1714 1714 1714 1716 1716 1716 1716 1717 1717 1717 1717 1715 1715 1715 1715 1718 1718 1718 1718 1717 1717 1717 1717 1714 1714 1714 1714 1719 1719 1719 1719 1710 1710 1710 1710 1715 1715 1715 1715 1718 1718 1718 1718 1720 1720 1720 1720 1717 1717 1717 1717 1710 1710 1710 1710 1719 1719 1719 1719 1721 1721 1721 1721 1707 1707 1707 1707 1710 1710 1710 1710 1721 1721 1721 1721 1707 1707 1707 1707 1721 1721 1721 1721 1708 1708 1708 1708 1719 1719 1719 1719 1715 1715 1715 1715 1722 1722 1722 1722 1719 1719 1719 1719 1722 1722 1722 1722 1721 1721 1721 1721 1717 1717 1717 1717 1723 1723 1723 1723 1715 1715 1715 1715 1715 1715 1715 1715 1723 1723 1723 1723 1722 1722 1722 1722 1717 1717 1717 1717 1720 1720 1720 1720 1723 1723 1723 1723 1722 1722 1722 1722 1724 1724 1724 1724 1721 1721 1721 1721 1721 1721 1721 1721 1724 1724 1724 1724 1708 1708 1708 1708 1723 1723 1723 1723 1725 1725 1725 1725 1722 1722 1722 1722 1720 1720 1720 1720 1725 1725 1725 1725 1723 1723 1723 1723 1722 1722 1722 1722 1726 1726 1726 1726 1724 1724 1724 1724 1725 1725 1725 1725 1726 1726 1726 1726 1722 1722 1722 1722 1727 1727 1727 1727 1720 1720 1720 1720 1718 1718 1718 1718 1720 1720 1720 1720 1727 1727 1727 1727 1725 1725 1725 1725 1728 1728 1728 1728 1727 1727 1727 1727 1718 1718 1718 1718 1727 1727 1727 1727 1729 1729 1729 1729 1725 1725 1725 1725 1725 1725 1725 1725 1729 1729 1729 1729 1726 1726 1726 1726 1728 1728 1728 1728 1730 1730 1730 1730 1727 1727 1727 1727 1727 1727 1727 1727 1730 1730 1730 1730 1729 1729 1729 1729 1731 1731 1731 1731 1730 1730 1730 1730 1728 1728 1728 1728 1732 1732 1732 1732 1731 1731 1731 1731 1728 1728 1728 1728 1730 1730 1730 1730 1733 1733 1733 1733 1729 1729 1729 1729 1730 1730 1730 1730 1731 1731 1731 1731 1733 1733 1733 1733 1729 1729 1729 1729 1734 1734 1734 1734 1726 1726 1726 1726 1729 1729 1729 1729 1733 1733 1733 1733 1734 1734 1734 1734 1726 1726 1726 1726 1734 1734 1734 1734 1735 1735 1735 1735 1726 1726 1726 1726 1735 1735 1735 1735 1724 1724 1724 1724 1733 1733 1733 1733 1736 1736 1736 1736 1734 1734 1734 1734 1724 1724 1724 1724 1735 1735 1735 1735 1737 1737 1737 1737 1724 1724 1724 1724 1737 1737 1737 1737 1708 1708 1708 1708 1734 1734 1734 1734 1738 1738 1738 1738 1735 1735 1735 1735 1734 1734 1734 1734 1736 1736 1736 1736 1738 1738 1738 1738 1735 1735 1735 1735 1739 1739 1739 1739 1737 1737 1737 1737 1735 1735 1735 1735 1738 1738 1738 1738 1739 1739 1739 1739 1708 1708 1708 1708 1737 1737 1737 1737 1740 1740 1740 1740 1705 1705 1705 1705 1708 1708 1708 1708 1740 1740 1740 1740 1737 1737 1737 1737 1739 1739 1739 1739 1741 1741 1741 1741 1740 1740 1740 1740 1737 1737 1737 1737 1741 1741 1741 1741 1705 1705 1705 1705 1740 1740 1740 1740 1742 1742 1742 1742 1630 1630 1630 1630 1705 1705 1705 1705 1742 1742 1742 1742 1630 1630 1630 1630 1742 1742 1742 1742 1623 1623 1623 1623 1623 1623 1623 1623 1742 1742 1742 1742 1620 1620 1620 1620 1742 1742 1742 1742 1740 1740 1740 1740 1743 1743 1743 1743 1742 1742 1742 1742 1743 1743 1743 1743 1620 1620 1620 1620 1740 1740 1740 1740 1741 1741 1741 1741 1743 1743 1743 1743 1620 1620 1620 1620 1743 1743 1743 1743 1617 1617 1617 1617 1743 1743 1743 1743 1744 1744 1744 1744 1617 1617 1617 1617 1743 1743 1743 1743 1741 1741 1741 1741 1744 1744 1744 1744 1617 1617 1617 1617 1744 1744 1744 1744 1614 1614 1614 1614 1741 1741 1741 1741 1745 1745 1745 1745 1744 1744 1744 1744 1741 1741 1741 1741 1739 1739 1739 1739 1745 1745 1745 1745 1744 1744 1744 1744 1746 1746 1746 1746 1614 1614 1614 1614 1744 1744 1744 1744 1745 1745 1745 1745 1746 1746 1746 1746 1614 1614 1614 1614 1746 1746 1746 1746 1611 1611 1611 1611 1739 1739 1739 1739 1747 1747 1747 1747 1745 1745 1745 1745 1738 1738 1738 1738 1747 1747 1747 1747 1739 1739 1739 1739 1745 1745 1745 1745 1748 1748 1748 1748 1746 1746 1746 1746 1745 1745 1745 1745 1747 1747 1747 1747 1748 1748 1748 1748 1746 1746 1746 1746 1749 1749 1749 1749 1611 1611 1611 1611 1746 1746 1746 1746 1748 1748 1748 1748 1749 1749 1749 1749 1611 1611 1611 1611 1749 1749 1749 1749 1608 1608 1608 1608 1747 1747 1747 1747 1750 1750 1750 1750 1748 1748 1748 1748 1747 1747 1747 1747 1738 1738 1738 1738 1750 1750 1750 1750 1748 1748 1748 1748 1751 1751 1751 1751 1749 1749 1749 1749 1748 1748 1748 1748 1750 1750 1750 1750 1751 1751 1751 1751 1749 1749 1749 1749 1752 1752 1752 1752 1608 1608 1608 1608 1749 1749 1749 1749 1751 1751 1751 1751 1752 1752 1752 1752 1608 1608 1608 1608 1752 1752 1752 1752 1606 1606 1606 1606 1738 1738 1738 1738 1753 1753 1753 1753 1750 1750 1750 1750 1736 1736 1736 1736 1753 1753 1753 1753 1738 1738 1738 1738 1750 1750 1750 1750 1754 1754 1754 1754 1751 1751 1751 1751 1750 1750 1750 1750 1753 1753 1753 1753 1754 1754 1754 1754 1751 1751 1751 1751 1755 1755 1755 1755 1752 1752 1752 1752 1751 1751 1751 1751 1754 1754 1754 1754 1755 1755 1755 1755 1752 1752 1752 1752 1756 1756 1756 1756 1606 1606 1606 1606 1752 1752 1752 1752 1755 1755 1755 1755 1756 1756 1756 1756 1606 1606 1606 1606 1756 1756 1756 1756 1607 1607 1607 1607 1756 1756 1756 1756 1757 1757 1757 1757 1607 1607 1607 1607 1756 1756 1756 1756 1758 1758 1758 1758 1757 1757 1757 1757 1755 1755 1755 1755 1758 1758 1758 1758 1756 1756 1756 1756 1758 1758 1758 1758 1759 1759 1759 1759 1757 1757 1757 1757 1755 1755 1755 1755 1760 1760 1760 1760 1758 1758 1758 1758 1754 1754 1754 1754 1760 1760 1760 1760 1755 1755 1755 1755 1758 1758 1758 1758 1761 1761 1761 1761 1759 1759 1759 1759 1760 1760 1760 1760 1761 1761 1761 1761 1758 1758 1758 1758 1761 1761 1761 1761 1762 1762 1762 1762 1759 1759 1759 1759 1754 1754 1754 1754 1763 1763 1763 1763 1760 1760 1760 1760 1753 1753 1753 1753 1763 1763 1763 1763 1754 1754 1754 1754 1760 1760 1760 1760 1764 1764 1764 1764 1761 1761 1761 1761 1763 1763 1763 1763 1764 1764 1764 1764 1760 1760 1760 1760 1761 1761 1761 1761 1765 1765 1765 1765 1762 1762 1762 1762 1764 1764 1764 1764 1765 1765 1765 1765 1761 1761 1761 1761 1765 1765 1765 1765 1766 1766 1766 1766 1762 1762 1762 1762 1767 1767 1767 1767 1766 1766 1766 1766 1765 1765 1765 1765 1768 1768 1768 1768 1767 1767 1767 1767 1765 1765 1765 1765 1768 1768 1768 1768 1765 1765 1765 1765 1764 1764 1764 1764 1769 1769 1769 1769 1767 1767 1767 1767 1768 1768 1768 1768 1770 1770 1770 1770 1764 1764 1764 1764 1763 1763 1763 1763 1770 1770 1770 1770 1768 1768 1768 1768 1764 1764 1764 1764 1771 1771 1771 1771 1769 1769 1769 1769 1768 1768 1768 1768 1771 1771 1771 1771 1768 1768 1768 1768 1770 1770 1770 1770 1772 1772 1772 1772 1769 1769 1769 1769 1771 1771 1771 1771 1773 1773 1773 1773 1770 1770 1770 1770 1763 1763 1763 1763 1773 1773 1773 1773 1763 1763 1763 1763 1753 1753 1753 1753 1736 1736 1736 1736 1773 1773 1773 1773 1753 1753 1753 1753 1774 1774 1774 1774 1771 1771 1771 1771 1770 1770 1770 1770 1774 1774 1774 1774 1770 1770 1770 1770 1773 1773 1773 1773 1775 1775 1775 1775 1772 1772 1772 1772 1771 1771 1771 1771 1775 1775 1775 1775 1771 1771 1771 1771 1774 1774 1774 1774 1776 1776 1776 1776 1772 1772 1772 1772 1775 1775 1775 1775 1776 1776 1776 1776 1775 1775 1775 1775 1732 1732 1732 1732 1775 1775 1775 1775 1777 1777 1777 1777 1732 1732 1732 1732 1777 1777 1777 1777 1775 1775 1775 1775 1774 1774 1774 1774 1732 1732 1732 1732 1777 1777 1777 1777 1731 1731 1731 1731 1777 1777 1777 1777 1774 1774 1774 1774 1778 1778 1778 1778 1731 1731 1731 1731 1777 1777 1777 1777 1778 1778 1778 1778 1778 1778 1778 1778 1774 1774 1774 1774 1773 1773 1773 1773 1778 1778 1778 1778 1773 1773 1773 1773 1736 1736 1736 1736 1731 1731 1731 1731 1778 1778 1778 1778 1733 1733 1733 1733 1733 1733 1733 1733 1778 1778 1778 1778 1736 1736 1736 1736 1779 1779 1779 1779 1780 1780 1780 1780 1781 1781 1781 1781 1779 1779 1779 1779 1782 1782 1782 1782 1780 1780 1780 1780 1780 1780 1780 1780 1783 1783 1783 1783 1781 1781 1781 1781 1781 1781 1781 1781 1783 1783 1783 1783 1784 1784 1784 1784 1782 1782 1782 1782 1785 1785 1785 1785 1780 1780 1780 1780 1782 1782 1782 1782 1786 1786 1786 1786 1785 1785 1785 1785 1780 1780 1780 1780 1787 1787 1787 1787 1783 1783 1783 1783 1787 1787 1787 1787 1780 1780 1780 1780 1785 1785 1785 1785 1783 1783 1783 1783 1788 1788 1788 1788 1784 1784 1784 1784 1786 1786 1786 1786 1789 1789 1789 1789 1785 1785 1785 1785 1783 1783 1783 1783 1790 1790 1790 1790 1788 1788 1788 1788 1787 1787 1787 1787 1790 1790 1790 1790 1783 1783 1783 1783 1788 1788 1788 1788 1791 1791 1791 1791 1784 1784 1784 1784 1790 1790 1790 1790 1791 1791 1791 1791 1788 1788 1788 1788 1791 1791 1791 1791 1792 1792 1792 1792 1784 1784 1784 1784 1791 1791 1791 1791 1790 1790 1790 1790 1793 1793 1793 1793 1790 1790 1790 1790 1787 1787 1787 1787 1793 1793 1793 1793 1791 1791 1791 1791 1794 1794 1794 1794 1792 1792 1792 1792 1794 1794 1794 1794 1791 1791 1791 1791 1793 1793 1793 1793 1794 1794 1794 1794 1795 1795 1795 1795 1792 1792 1792 1792 1794 1794 1794 1794 1796 1796 1796 1796 1795 1795 1795 1795 1796 1796 1796 1796 1797 1797 1797 1797 1795 1795 1795 1795 1796 1796 1796 1796 1794 1794 1794 1794 1798 1798 1798 1798 1794 1794 1794 1794 1793 1793 1793 1793 1798 1798 1798 1798 1796 1796 1796 1796 1799 1799 1799 1799 1797 1797 1797 1797 1796 1796 1796 1796 1798 1798 1798 1798 1799 1799 1799 1799 1799 1799 1799 1799 1800 1800 1800 1800 1797 1797 1797 1797 1799 1799 1799 1799 1801 1801 1801 1801 1800 1800 1800 1800 1798 1798 1798 1798 1801 1801 1801 1801 1799 1799 1799 1799 1801 1801 1801 1801 1802 1802 1802 1802 1800 1800 1800 1800 1798 1798 1798 1798 1793 1793 1793 1793 1803 1803 1803 1803 1801 1801 1801 1801 1798 1798 1798 1798 1803 1803 1803 1803 1801 1801 1801 1801 1804 1804 1804 1804 1802 1802 1802 1802 1804 1804 1804 1804 1801 1801 1801 1801 1803 1803 1803 1803 1804 1804 1804 1804 1805 1805 1805 1805 1802 1802 1802 1802 1805 1805 1805 1805 1804 1804 1804 1804 1806 1806 1806 1806 1804 1804 1804 1804 1807 1807 1807 1807 1806 1806 1806 1806 1804 1804 1804 1804 1803 1803 1803 1803 1807 1807 1807 1807 1806 1806 1806 1806 1807 1807 1807 1807 1808 1808 1808 1808 1793 1793 1793 1793 1809 1809 1809 1809 1803 1803 1803 1803 1787 1787 1787 1787 1809 1809 1809 1809 1793 1793 1793 1793 1807 1807 1807 1807 1810 1810 1810 1810 1808 1808 1808 1808 1808 1808 1808 1808 1810 1810 1810 1810 1811 1811 1811 1811 1803 1803 1803 1803 1812 1812 1812 1812 1807 1807 1807 1807 1807 1807 1807 1807 1812 1812 1812 1812 1810 1810 1810 1810 1803 1803 1803 1803 1809 1809 1809 1809 1813 1813 1813 1813 1812 1812 1812 1812 1803 1803 1803 1803 1813 1813 1813 1813 1813 1813 1813 1813 1809 1809 1809 1809 1787 1787 1787 1787 1810 1810 1810 1810 1814 1814 1814 1814 1811 1811 1811 1811 1812 1812 1812 1812 1814 1814 1814 1814 1810 1810 1810 1810 1811 1811 1811 1811 1814 1814 1814 1814 1815 1815 1815 1815 1814 1814 1814 1814 1812 1812 1812 1812 1816 1816 1816 1816 1814 1814 1814 1814 1816 1816 1816 1816 1815 1815 1815 1815 1812 1812 1812 1812 1813 1813 1813 1813 1816 1816 1816 1816 1815 1815 1815 1815 1816 1816 1816 1816 1817 1817 1817 1817 1816 1816 1816 1816 1818 1818 1818 1818 1817 1817 1817 1817 1816 1816 1816 1816 1813 1813 1813 1813 1818 1818 1818 1818 1817 1817 1817 1817 1818 1818 1818 1818 1786 1786 1786 1786 1818 1818 1818 1818 1789 1789 1789 1789 1786 1786 1786 1786 1813 1813 1813 1813 1819 1819 1819 1819 1818 1818 1818 1818 1818 1818 1818 1818 1819 1819 1819 1819 1789 1789 1789 1789 1819 1819 1819 1819 1813 1813 1813 1813 1787 1787 1787 1787 1819 1819 1819 1819 1785 1785 1785 1785 1789 1789 1789 1789 1819 1819 1819 1819 1787 1787 1787 1787 1785 1785 1785 1785 1820 1820 1820 1820 1821 1821 1821 1821 1822 1822 1822 1822 1821 1821 1821 1821 1823 1823 1823 1823 1822 1822 1822 1822 1820 1820 1820 1820 1822 1822 1822 1822 1824 1824 1824 1824 1825 1825 1825 1825 1820 1820 1820 1820 1824 1824 1824 1824 1822 1822 1822 1822 1823 1823 1823 1823 1826 1826 1826 1826 1823 1823 1823 1823 1827 1827 1827 1827 1826 1826 1826 1826 1826 1826 1826 1826 1828 1828 1828 1828 1822 1822 1822 1822 1828 1828 1828 1828 1824 1824 1824 1824 1822 1822 1822 1822 1826 1826 1826 1826 1827 1827 1827 1827 1829 1829 1829 1829 1828 1828 1828 1828 1826 1826 1826 1826 1829 1829 1829 1829 1827 1827 1827 1827 1830 1830 1830 1830 1829 1829 1829 1829 1825 1825 1825 1825 1824 1824 1824 1824 1831 1831 1831 1831 1832 1832 1832 1832 1825 1825 1825 1825 1831 1831 1831 1831 1833 1833 1833 1833 1832 1832 1832 1832 1831 1831 1831 1831 1828 1828 1828 1828 1834 1834 1834 1834 1824 1824 1824 1824 1834 1834 1834 1834 1831 1831 1831 1831 1824 1824 1824 1824 1835 1835 1835 1835 1833 1833 1833 1833 1831 1831 1831 1831 1831 1831 1831 1831 1834 1834 1834 1834 1835 1835 1835 1835 1833 1833 1833 1833 1835 1835 1835 1835 1836 1836 1836 1836 1828 1828 1828 1828 1837 1837 1837 1837 1834 1834 1834 1834 1837 1837 1837 1837 1828 1828 1828 1828 1829 1829 1829 1829 1835 1835 1835 1835 1838 1838 1838 1838 1836 1836 1836 1836 1839 1839 1839 1839 1836 1836 1836 1836 1838 1838 1838 1838 1834 1834 1834 1834 1840 1840 1840 1840 1835 1835 1835 1835 1838 1838 1838 1838 1835 1835 1835 1835 1840 1840 1840 1840 1841 1841 1841 1841 1839 1839 1839 1839 1838 1838 1838 1838 1839 1839 1839 1839 1841 1841 1841 1841 1842 1842 1842 1842 1843 1843 1843 1843 1838 1838 1838 1838 1840 1840 1840 1840 1841 1841 1841 1841 1838 1838 1838 1838 1843 1843 1843 1843 1834 1834 1834 1834 1844 1844 1844 1844 1840 1840 1840 1840 1837 1837 1837 1837 1844 1844 1844 1844 1834 1834 1834 1834 1841 1841 1841 1841 1845 1845 1845 1845 1842 1842 1842 1842 1842 1842 1842 1842 1845 1845 1845 1845 1846 1846 1846 1846 1841 1841 1841 1841 1847 1847 1847 1847 1845 1845 1845 1845 1847 1847 1847 1847 1841 1841 1841 1841 1843 1843 1843 1843 1845 1845 1845 1845 1848 1848 1848 1848 1846 1846 1846 1846 1849 1849 1849 1849 1846 1846 1846 1846 1848 1848 1848 1848 1847 1847 1847 1847 1850 1850 1850 1850 1845 1845 1845 1845 1848 1848 1848 1848 1845 1845 1845 1845 1850 1850 1850 1850 1851 1851 1851 1851 1849 1849 1849 1849 1848 1848 1848 1848 1852 1852 1852 1852 1849 1849 1849 1849 1851 1851 1851 1851 1853 1853 1853 1853 1848 1848 1848 1848 1850 1850 1850 1850 1851 1851 1851 1851 1848 1848 1848 1848 1853 1853 1853 1853 1850 1850 1850 1850 1847 1847 1847 1847 1854 1854 1854 1854 1855 1855 1855 1855 1852 1852 1852 1852 1851 1851 1851 1851 1853 1853 1853 1853 1850 1850 1850 1850 1856 1856 1856 1856 1856 1856 1856 1856 1850 1850 1850 1850 1854 1854 1854 1854 1857 1857 1857 1857 1851 1851 1851 1851 1853 1853 1853 1853 1855 1855 1855 1855 1851 1851 1851 1851 1857 1857 1857 1857 1858 1858 1858 1858 1853 1853 1853 1853 1856 1856 1856 1856 1857 1857 1857 1857 1853 1853 1853 1853 1858 1858 1858 1858 1855 1855 1855 1855 1859 1859 1859 1859 1852 1852 1852 1852 1859 1859 1859 1859 1860 1860 1860 1860 1852 1852 1852 1852 1861 1861 1861 1861 1855 1855 1855 1855 1857 1857 1857 1857 1859 1859 1859 1859 1862 1862 1862 1862 1860 1860 1860 1860 1862 1862 1862 1862 1863 1863 1863 1863 1860 1860 1860 1860 1859 1859 1859 1859 1855 1855 1855 1855 1864 1864 1864 1864 1855 1855 1855 1855 1861 1861 1861 1861 1864 1864 1864 1864 1862 1862 1862 1862 1859 1859 1859 1859 1865 1865 1865 1865 1859 1859 1859 1859 1864 1864 1864 1864 1865 1865 1865 1865 1863 1863 1863 1863 1862 1862 1862 1862 1866 1866 1866 1866 1867 1867 1867 1867 1863 1863 1863 1863 1866 1866 1866 1866 1862 1862 1862 1862 1865 1865 1865 1865 1868 1868 1868 1868 1866 1866 1866 1866 1862 1862 1862 1862 1868 1868 1868 1868 1867 1867 1867 1867 1866 1866 1866 1866 1869 1869 1869 1869 1870 1870 1870 1870 1867 1867 1867 1867 1869 1869 1869 1869 1866 1866 1866 1866 1868 1868 1868 1868 1871 1871 1871 1871 1869 1869 1869 1869 1866 1866 1866 1866 1871 1871 1871 1871 1870 1870 1870 1870 1869 1869 1869 1869 1872 1872 1872 1872 1873 1873 1873 1873 1870 1870 1870 1870 1872 1872 1872 1872 1869 1869 1869 1869 1871 1871 1871 1871 1874 1874 1874 1874 1872 1872 1872 1872 1869 1869 1869 1869 1874 1874 1874 1874 1872 1872 1872 1872 1875 1875 1875 1875 1873 1873 1873 1873 1875 1875 1875 1875 1876 1876 1876 1876 1873 1873 1873 1873 1872 1872 1872 1872 1874 1874 1874 1874 1877 1877 1877 1877 1875 1875 1875 1875 1872 1872 1872 1872 1877 1877 1877 1877 1875 1875 1875 1875 1878 1878 1878 1878 1876 1876 1876 1876 1878 1878 1878 1878 1879 1879 1879 1879 1876 1876 1876 1876 1880 1880 1880 1880 1879 1879 1879 1879 1878 1878 1878 1878 1878 1878 1878 1878 1875 1875 1875 1875 1881 1881 1881 1881 1875 1875 1875 1875 1877 1877 1877 1877 1881 1881 1881 1881 1882 1882 1882 1882 1880 1880 1880 1880 1878 1878 1878 1878 1878 1878 1878 1878 1881 1881 1881 1881 1882 1882 1882 1882 1880 1880 1880 1880 1882 1882 1882 1882 1883 1883 1883 1883 1882 1882 1882 1882 1884 1884 1884 1884 1883 1883 1883 1883 1885 1885 1885 1885 1883 1883 1883 1883 1884 1884 1884 1884 1886 1886 1886 1886 1885 1885 1885 1885 1884 1884 1884 1884 1884 1884 1884 1884 1882 1882 1882 1882 1887 1887 1887 1887 1881 1881 1881 1881 1887 1887 1887 1887 1882 1882 1882 1882 1884 1884 1884 1884 1888 1888 1888 1888 1886 1886 1886 1886 1888 1888 1888 1888 1884 1884 1884 1884 1887 1887 1887 1887 1888 1888 1888 1888 1889 1889 1889 1889 1886 1886 1886 1886 1888 1888 1888 1888 1890 1890 1890 1890 1889 1889 1889 1889 1888 1888 1888 1888 1887 1887 1887 1887 1890 1890 1890 1890 1890 1890 1890 1890 1891 1891 1891 1891 1889 1889 1889 1889 1887 1887 1887 1887 1881 1881 1881 1881 1892 1892 1892 1892 1887 1887 1887 1887 1892 1892 1892 1892 1890 1890 1890 1890 1890 1890 1890 1890 1893 1893 1893 1893 1891 1891 1891 1891 1890 1890 1890 1890 1892 1892 1892 1892 1893 1893 1893 1893 1893 1893 1893 1893 1894 1894 1894 1894 1891 1891 1891 1891 1895 1895 1895 1895 1894 1894 1894 1894 1893 1893 1893 1893 1881 1881 1881 1881 1896 1896 1896 1896 1892 1892 1892 1892 1881 1881 1881 1881 1877 1877 1877 1877 1896 1896 1896 1896 1897 1897 1897 1897 1895 1895 1895 1895 1893 1893 1893 1893 1892 1892 1892 1892 1898 1898 1898 1898 1893 1893 1893 1893 1893 1893 1893 1893 1898 1898 1898 1898 1897 1897 1897 1897 1898 1898 1898 1898 1892 1892 1892 1892 1896 1896 1896 1896 1897 1897 1897 1897 1899 1899 1899 1899 1895 1895 1895 1895 1898 1898 1898 1898 1900 1900 1900 1900 1897 1897 1897 1897 1899 1899 1899 1899 1897 1897 1897 1897 1900 1900 1900 1900 1901 1901 1901 1901 1898 1898 1898 1898 1896 1896 1896 1896 1900 1900 1900 1900 1898 1898 1898 1898 1901 1901 1901 1901 1877 1877 1877 1877 1902 1902 1902 1902 1896 1896 1896 1896 1901 1901 1901 1901 1896 1896 1896 1896 1902 1902 1902 1902 1877 1877 1877 1877 1874 1874 1874 1874 1902 1902 1902 1902 1903 1903 1903 1903 1900 1900 1900 1900 1901 1901 1901 1901 1903 1903 1903 1903 1899 1899 1899 1899 1900 1900 1900 1900 1904 1904 1904 1904 1901 1901 1901 1901 1902 1902 1902 1902 1904 1904 1904 1904 1903 1903 1903 1903 1901 1901 1901 1901 1874 1874 1874 1874 1905 1905 1905 1905 1902 1902 1902 1902 1902 1902 1902 1902 1905 1905 1905 1905 1904 1904 1904 1904 1905 1905 1905 1905 1874 1874 1874 1874 1871 1871 1871 1871 1903 1903 1903 1903 1904 1904 1904 1904 1906 1906 1906 1906 1905 1905 1905 1905 1906 1906 1906 1906 1904 1904 1904 1904 1907 1907 1907 1907 1905 1905 1905 1905 1871 1871 1871 1871 1905 1905 1905 1905 1907 1907 1907 1907 1906 1906 1906 1906 1907 1907 1907 1907 1871 1871 1871 1871 1868 1868 1868 1868 1906 1906 1906 1906 1908 1908 1908 1908 1903 1903 1903 1903 1903 1903 1903 1903 1908 1908 1908 1908 1899 1899 1899 1899 1907 1907 1907 1907 1909 1909 1909 1909 1906 1906 1906 1906 1908 1908 1908 1908 1906 1906 1906 1906 1909 1909 1909 1909 1910 1910 1910 1910 1907 1907 1907 1907 1868 1868 1868 1868 1907 1907 1907 1907 1910 1910 1910 1910 1909 1909 1909 1909 1910 1910 1910 1910 1868 1868 1868 1868 1865 1865 1865 1865 1911 1911 1911 1911 1908 1908 1908 1908 1909 1909 1909 1909 1910 1910 1910 1910 1911 1911 1911 1911 1909 1909 1909 1909 1912 1912 1912 1912 1910 1910 1910 1910 1865 1865 1865 1865 1910 1910 1910 1910 1912 1912 1912 1912 1911 1911 1911 1911 1865 1865 1865 1865 1864 1864 1864 1864 1912 1912 1912 1912 1911 1911 1911 1911 1913 1913 1913 1913 1908 1908 1908 1908 1908 1908 1908 1908 1913 1913 1913 1913 1899 1899 1899 1899 1912 1912 1912 1912 1914 1914 1914 1914 1911 1911 1911 1911 1911 1911 1911 1911 1914 1914 1914 1914 1913 1913 1913 1913 1864 1864 1864 1864 1915 1915 1915 1915 1912 1912 1912 1912 1912 1912 1912 1912 1915 1915 1915 1915 1914 1914 1914 1914 1864 1864 1864 1864 1861 1861 1861 1861 1915 1915 1915 1915 1913 1913 1913 1913 1914 1914 1914 1914 1916 1916 1916 1916 1915 1915 1915 1915 1916 1916 1916 1916 1914 1914 1914 1914 1861 1861 1861 1861 1917 1917 1917 1917 1915 1915 1915 1915 1915 1915 1915 1915 1917 1917 1917 1917 1916 1916 1916 1916 1913 1913 1913 1913 1916 1916 1916 1916 1918 1918 1918 1918 1899 1899 1899 1899 1913 1913 1913 1913 1918 1918 1918 1918 1917 1917 1917 1917 1919 1919 1919 1919 1916 1916 1916 1916 1916 1916 1916 1916 1919 1919 1919 1919 1918 1918 1918 1918 1917 1917 1917 1917 1861 1861 1861 1861 1920 1920 1920 1920 1861 1861 1861 1861 1857 1857 1857 1857 1920 1920 1920 1920 1919 1919 1919 1919 1917 1917 1917 1917 1921 1921 1921 1921 1921 1921 1921 1921 1918 1918 1918 1918 1919 1919 1919 1919 1917 1917 1917 1917 1920 1920 1920 1920 1921 1921 1921 1921 1920 1920 1920 1920 1857 1857 1857 1857 1858 1858 1858 1858 1922 1922 1922 1922 1918 1918 1918 1918 1921 1921 1921 1921 1899 1899 1899 1899 1918 1918 1918 1918 1922 1922 1922 1922 1921 1921 1921 1921 1920 1920 1920 1920 1923 1923 1923 1923 1920 1920 1920 1920 1858 1858 1858 1858 1923 1923 1923 1923 1922 1922 1922 1922 1921 1921 1921 1921 1923 1923 1923 1923 1923 1923 1923 1923 1858 1858 1858 1858 1924 1924 1924 1924 1924 1924 1924 1924 1922 1922 1922 1922 1923 1923 1923 1923 1858 1858 1858 1858 1856 1856 1856 1856 1924 1924 1924 1924 1924 1924 1924 1924 1925 1925 1925 1925 1922 1922 1922 1922 1925 1925 1925 1925 1899 1899 1899 1899 1922 1922 1922 1922 1926 1926 1926 1926 1924 1924 1924 1924 1856 1856 1856 1856 1924 1924 1924 1924 1926 1926 1926 1926 1925 1925 1925 1925 1854 1854 1854 1854 1926 1926 1926 1926 1856 1856 1856 1856 1925 1925 1925 1925 1926 1926 1926 1926 1927 1927 1927 1927 1926 1926 1926 1926 1854 1854 1854 1854 1927 1927 1927 1927 1928 1928 1928 1928 1899 1899 1899 1899 1925 1925 1925 1925 1927 1927 1927 1927 1928 1928 1928 1928 1925 1925 1925 1925 1854 1854 1854 1854 1929 1929 1929 1929 1927 1927 1927 1927 1854 1854 1854 1854 1847 1847 1847 1847 1929 1929 1929 1929 1847 1847 1847 1847 1843 1843 1843 1843 1929 1929 1929 1929 1927 1927 1927 1927 1929 1929 1929 1929 1930 1930 1930 1930 1928 1928 1928 1928 1927 1927 1927 1927 1930 1930 1930 1930 1929 1929 1929 1929 1843 1843 1843 1843 1931 1931 1931 1931 1929 1929 1929 1929 1931 1931 1931 1931 1930 1930 1930 1930 1843 1843 1843 1843 1840 1840 1840 1840 1931 1931 1931 1931 1844 1844 1844 1844 1931 1931 1931 1931 1840 1840 1840 1840 1932 1932 1932 1932 1930 1930 1930 1930 1931 1931 1931 1931 1844 1844 1844 1844 1932 1932 1932 1932 1931 1931 1931 1931 1930 1930 1930 1930 1932 1932 1932 1932 1928 1928 1928 1928 1932 1932 1932 1932 1844 1844 1844 1844 1933 1933 1933 1933 1844 1844 1844 1844 1837 1837 1837 1837 1933 1933 1933 1933 1928 1928 1928 1928 1932 1932 1932 1932 1934 1934 1934 1934 1934 1934 1934 1934 1932 1932 1932 1932 1933 1933 1933 1933 1928 1928 1928 1928 1934 1934 1934 1934 1899 1899 1899 1899 1899 1899 1899 1899 1934 1934 1934 1934 1935 1935 1935 1935 1934 1934 1934 1934 1933 1933 1933 1933 1935 1935 1935 1935 1935 1935 1935 1935 1936 1936 1936 1936 1899 1899 1899 1899 1933 1933 1933 1933 1837 1837 1837 1837 1937 1937 1937 1937 1933 1933 1933 1933 1937 1937 1937 1937 1935 1935 1935 1935 1936 1936 1936 1936 1935 1935 1935 1935 1937 1937 1937 1937 1837 1837 1837 1837 1829 1829 1829 1829 1937 1937 1937 1937 1938 1938 1938 1938 1936 1936 1936 1936 1937 1937 1937 1937 1829 1829 1829 1829 1830 1830 1830 1830 1937 1937 1937 1937 1830 1830 1830 1830 1938 1938 1938 1938 1937 1937 1937 1937 </p>
        </triangles>
      </mesh>
    </geometry>
    <geometry id="Body__mCapVis-mesh" name="Body__mCapVis">
      <mesh>
        <source id="Body__mCapVis-position">
          <float_array id="Body__mCapVis-position-array" count="1320">-3.080467 12.57593 -0.3582137 -3.108994 12.57806 -0.1379768 -3.339252 12.73427 -0.3565225 -3.357942 12.72414 -0.139512 -3.527298 12.99165 -0.3418154 -3.311238 12.75361 0.03668127 -3.063535 12.61139 0.0404043 -3.552334 12.97593 -0.1419319 -3.592771 13.3195 -0.3250152 -3.482547 13.00007 0.03054736 -3.22254 12.81697 0.1119198 -2.985184 12.68792 0.1143547 -3.394668 13.03877 0.1025897 -3.108935 12.89112 0.1147255 -2.876866 12.78675 0.1213018 -3.262691 13.08554 0.1030384 -3.008404 12.96095 0.07491908 -2.794229 12.87575 0.08583441 -3.151429 13.12936 0.06058322 -3.311663 13.31962 0.09716485 -2.913075 13.03333 0.002090143 -2.738167 12.94556 0.01817137 -3.053298 13.17228 -0.009604142 -2.654944 13.20512 -0.07958191 -2.534005 13.10211 -0.05942191 -2.744244 13.345 -0.09365718 -2.256447 13.43429 -0.1271815 -2.211637 13.31129 -0.09035459 -1.888936 13.45539 -0.1012919 -3.192725 13.33097 0.05507491 -1.893244 13.63194 -0.0990805 -1.597934 13.58867 -0.01189644 -3.091773 13.35639 -0.01873316 -1.585216 13.78328 -0.02464622 -1.505222 13.61568 0.04707061 -2.320369 13.58214 -0.1422991 -1.941038 13.76846 -0.1105289 -1.489846 13.81359 0.04108771 -1.404078 13.64349 0.08787127 -1.616364 13.941 -0.03182557 -1.388106 13.83706 0.08268904 -1.282326 13.66929 0.09343965 -1.526003 13.99027 0.03349216 -1.269658 13.86392 0.08630399 -1.189534 13.68459 0.023911 -1.426116 14.0412 0.07589703 -1.178552 13.88263 0.01642906 -1.129102 13.70446 -0.1471404 -1.309126 14.10389 0.07769796 -1.119757 13.70489 -0.3627321 -1.134704 13.88804 -0.3480578 -1.125735 13.89447 -0.1499459 -1.210964 14.16293 -0.3219072 -1.230946 14.14913 0.01232871 -1.182029 14.17267 -0.1443236 -1.326589 14.40572 -0.1386054 -1.350486 14.40483 -0.3001231 -1.363875 14.36808 0.01134549 -1.56328 14.56045 -0.1377486 -1.581496 14.55686 -0.2889222 -1.439568 14.30332 0.07062311 -1.6069 14.51252 0.006171378 -1.831496 14.6219 -0.1388183 -1.848504 14.62309 -0.2851094 -1.656796 14.42753 0.06779235 -2.148309 14.62236 -0.14057 -2.15034 14.62938 -0.2873052 -1.862878 14.56616 0.002084479 -2.417319 14.58484 -0.3011887 -1.541935 14.21018 0.0670597 -2.428964 14.58119 -0.1429098 -2.66274 14.50299 -0.3039776 -1.630268 14.12635 0.0228358 -1.726294 14.30396 0.06363624 -1.710703 14.06393 -0.04488479 -1.785504 14.20535 0.0197051 -1.900804 14.46717 0.06292031 -1.947895 14.33394 0.05818546 -2.152858 14.56753 -0.005750876 -2.163138 14.46089 0.05904 -2.420023 14.52681 -0.006167256 -2.676922 14.50386 -0.1414254 -2.924277 14.35933 -0.3051787 -2.410388 14.41914 0.05603034 -2.662485 14.4478 -0.003241176 -2.921876 14.37363 -0.1405151 -3.150273 14.2152 -0.1361025 -3.153258 14.19543 -0.3002031 -2.892199 14.33095 -0.002055624 -3.396065 13.96051 -0.1403781 -3.390682 13.95665 -0.2978446 -3.529645 13.68295 -0.3051806 -3.106429 14.18208 -0.0005204864 -3.335062 13.93507 0.003955847 -3.565871 13.66685 -0.1393542 -3.495903 13.6648 0.0178978 -3.632277 13.3112 -0.1423255 -3.560237 13.3166 0.02310847 -3.453185 13.31872 0.0943633 -3.395725 13.63277 0.08311585 -3.264122 13.58088 0.08801682 -3.251739 13.87353 0.07375087 -3.152209 13.55219 0.04858552 -3.142866 13.79252 0.07723422 -3.044815 14.09171 0.06451973 -2.965018 13.98156 0.06220092 -3.048303 13.74199 0.03774897 -2.848266 14.2263 0.06159006 -2.790457 14.1022 0.05904887 -2.635923 14.33816 0.05983853 -2.601151 14.20564 0.05746847 -2.401781 14.28179 0.0536316 -2.179438 14.32519 0.05261384 -2.389482 14.17856 0.01109951 -1.984452 14.2304 0.01392602 -2.198124 14.21927 0.007436875 -1.84636 14.1326 -0.04605836 -2.027712 14.15797 -0.0514631 -2.215153 14.14856 -0.05748568 -2.218063 13.91941 -0.126554 -2.062618 13.877 -0.1176133 -2.385274 14.10968 -0.05339354 -2.392714 13.71891 -0.1342319 -2.444939 13.8328 -0.1188795 -2.566316 14.1092 0.01491318 -2.543136 14.04733 -0.04971752 -2.695382 13.96202 -0.04842721 -2.736305 14.01466 0.0163445 -2.895868 13.90402 0.01961071 -2.839846 13.86205 -0.04524413 -2.641292 13.71837 -0.1307266 -2.972804 13.71982 -0.02884869 -2.752528 13.52436 -0.1099154 -3.06146 13.5431 -0.0207971 3.108994 12.57806 -0.1379768 3.080467 12.57593 -0.3582137 3.339252 12.73427 -0.3565225 3.357942 12.72414 -0.139512 3.527298 12.99165 -0.3418154 3.311238 12.75361 0.03668127 3.063535 12.61141 0.0404043 3.552334 12.97593 -0.1419319 3.592771 13.3195 -0.3250152 3.482547 13.00007 0.03054736 3.22254 12.81697 0.1119198 2.985184 12.68792 0.1143547 3.394668 13.03877 0.1025897 3.108935 12.89112 0.1147255 2.876866 12.78675 0.1213018 3.262691 13.08554 0.1030384 3.008404 12.96095 0.07491908 2.794229 12.87575 0.08583441 3.151429 13.12936 0.06058322 3.311663 13.31962 0.09716485 2.913075 13.03333 0.002090143 2.738167 12.94556 0.01817137 3.053298 13.17228 -0.009604142 2.654944 13.20512 -0.07958191 2.534005 13.10211 -0.05942191 2.744244 13.345 -0.09365718 2.256447 13.43429 -0.1271815 2.211637 13.31129 -0.09035459 1.888936 13.45539 -0.1012919 3.192725 13.33097 0.05507491 1.893244 13.63194 -0.0990805 1.597934 13.58867 -0.01189644 3.091773 13.35639 -0.01873316 1.585216 13.78327 -0.02464622 1.505222 13.61568 0.04707061 2.320369 13.58214 -0.1422991 1.941038 13.76846 -0.1105289 1.489846 13.81359 0.04108771 1.404078 13.64352 0.08787127 1.616364 13.941 -0.03182557 1.388106 13.83709 0.08268904 1.282326 13.66929 0.09343965 1.526003 13.99027 0.03349216 1.269658 13.86392 0.08630399 1.189534 13.68459 0.023911 1.426116 14.0412 0.07589703 1.178552 13.88263 0.01642906 1.129102 13.70446 -0.1471404 1.309126 14.10389 0.07769796 1.119757 13.70489 -0.3627321 1.134704 13.88804 -0.3480578 1.125735 13.89447 -0.1499459 1.210964 14.16293 -0.3219072 1.230946 14.14913 0.01232871 1.182029 14.17267 -0.1443236 1.326589 14.40572 -0.1386054 1.350486 14.40483 -0.3001231 1.363875 14.36808 0.01134549 1.56328 14.56045 -0.1377486 1.581496 14.55686 -0.2889222 1.439568 14.30332 0.07062311 1.6069 14.51252 0.006171378 1.831496 14.6219 -0.1388183 1.848504 14.62309 -0.2851094 1.541935 14.21018 0.0670597 2.148309 14.62236 -0.14057 2.15034 14.62938 -0.2873052 2.417319 14.58484 -0.3011887 1.862878 14.56616 0.002084479 2.428964 14.58119 -0.1429098 2.66274 14.50299 -0.3039776 2.152858 14.56753 -0.005750876 1.656796 14.42753 0.06779235 1.900804 14.46717 0.06292031 1.726294 14.30396 0.06363624 1.630268 14.12635 0.0228358 1.947895 14.33394 0.05818546 1.710703 14.06393 -0.04488479 1.785504 14.20535 0.0197051 2.062618 13.877 -0.1176133 1.84636 14.1326 -0.04605836 1.984452 14.2304 0.01392602 2.163138 14.46089 0.05904 2.179438 14.32519 0.05261384 2.420023 14.52681 -0.006167256 2.410388 14.41914 0.05603034 2.676922 14.50386 -0.1414254 2.924277 14.35933 -0.3051787 2.662485 14.4478 -0.003241176 2.921876 14.37363 -0.1405151 3.150273 14.2152 -0.1361025 3.153258 14.19543 -0.3002031 2.892199 14.33095 -0.002055624 3.396065 13.96051 -0.1403781 3.390682 13.95665 -0.2978446 3.529645 13.68295 -0.3051806 3.106429 14.18208 -0.0005204864 3.565871 13.66685 -0.1393542 3.335062 13.93507 0.003955847 3.632277 13.3112 -0.1423255 3.495903 13.6648 0.0178978 3.560237 13.3166 0.02310847 3.453185 13.31872 0.0943633 3.395725 13.63277 0.08311585 3.264122 13.58088 0.08801682 3.251739 13.87353 0.07375087 3.152209 13.55219 0.04858552 3.142866 13.79252 0.07723422 3.044815 14.09171 0.06451973 2.965018 13.98156 0.06220092 3.048303 13.74199 0.03774897 2.848266 14.2263 0.06159006 2.790457 14.1022 0.05904887 2.635923 14.33816 0.05983853 2.601151 14.20564 0.05746847 2.401781 14.28179 0.0536316 2.198124 14.21927 0.007436875 2.389482 14.17856 0.01109951 2.027712 14.15797 -0.0514631 2.215153 14.14856 -0.05748568 2.218063 13.91941 -0.126554 2.385274 14.10968 -0.05339354 2.566316 14.1092 0.01491318 2.392714 13.71891 -0.1342319 2.444939 13.8328 -0.1188795 2.543136 14.04733 -0.04971752 2.695382 13.96202 -0.04842721 2.736305 14.01466 0.0163445 2.895868 13.90402 0.01961071 2.839846 13.86205 -0.04524413 2.641292 13.71837 -0.1307266 2.972804 13.71982 -0.02884869 3.06146 13.5431 -0.0207971 2.752528 13.52436 -0.1099154 -1.170832 13.68397 -0.5992588 -1.191734 13.86193 -0.5706959 -1.119757 13.70489 -0.3627321 -1.134704 13.88804 -0.3480578 -1.290533 13.82318 -0.7646382 -1.258299 13.63156 -0.819884 -1.283016 14.13951 -0.5124817 -1.210964 14.16293 -0.3219072 -1.39905 14.09108 -0.6840556 -1.443037 13.76399 -0.9234667 -1.388411 13.55653 -0.9823544 -1.552133 14.0203 -0.8336776 -1.637072 13.67859 -1.042105 -1.552467 13.46365 -1.115332 -1.757451 13.92813 -0.9468828 -1.882033 13.56346 -1.124948 -1.78628 13.33145 -1.204175 -2.002735 13.81387 -1.023316 -2.137555 13.43212 -1.155316 -2.024568 13.20013 -1.221625 -2.262282 13.68374 -1.050198 -2.407393 13.27987 -1.13811 -2.277966 13.05928 -1.218127 -2.509091 12.9073 -1.14697 -2.540663 13.53302 -1.036352 -2.681105 13.1172 -1.072488 -2.719416 12.78028 -1.042569 -2.905258 12.98449 -0.9653376 -2.911568 12.66836 -0.858068 -2.820022 13.37767 -0.9803233 -3.099226 12.87665 -0.7919494 -3.034112 12.60712 -0.6078921 -3.042151 13.25237 -0.8817296 -3.233825 12.79583 -0.5806178 -3.080467 12.57593 -0.3582137 -3.339252 12.73427 -0.3565225 -3.25344 13.14018 -0.7248932 -3.421487 13.04474 -0.5335492 -3.527298 12.99165 -0.3418154 -3.592771 13.3195 -0.3250152 -3.497409 13.37022 -0.4863198 -3.529645 13.68295 -0.3051806 -3.335957 13.44436 -0.645813 -3.442461 13.68802 -0.4515606 -3.390682 13.95665 -0.2978446 -3.128079 13.54981 -0.7755476 -3.31724 13.69451 -0.5907737 -3.308831 13.93256 -0.4457482 -3.153258 14.19543 -0.3002031 -3.166323 13.77137 -0.6782244 -2.922221 13.66383 -0.85197 -3.224643 13.87553 -0.5774472 -2.990919 13.872 -0.728878 -2.654336 13.79865 -0.9023408 -3.054347 14.02554 -0.5876249 -2.744247 14.00812 -0.7651361 -2.376709 13.93623 -0.9142888 -3.116176 14.1366 -0.4512805 -2.827876 14.17403 -0.603641 -2.885552 14.28802 -0.4563728 -2.924277 14.35933 -0.3051787 -2.66274 14.50299 -0.3039776 -2.562251 14.31466 -0.6093121 -2.620128 14.43741 -0.4582766 -2.417319 14.58484 -0.3011887 -2.383837 14.51403 -0.4520756 -2.15034 14.62938 -0.2873052 -2.475677 14.13921 -0.770959 -2.333231 14.39614 -0.6044514 -2.125983 14.56315 -0.4383257 -2.24973 14.23651 -0.7593423 -2.139793 14.05448 -0.8952386 -2.092633 14.46653 -0.5744685 -2.017363 14.3317 -0.7099426 -1.901078 14.1672 -0.8270977 -1.893464 14.48702 -0.5397608 -1.839767 14.3948 -0.6391322 -1.704476 14.26391 -0.7305099 -1.736689 14.45263 -0.549373 -1.878093 14.57234 -0.4224111 -1.848504 14.62309 -0.2851094 -1.556548 14.3287 -0.6018034 -1.64382 14.51532 -0.429376 -1.581496 14.55686 -0.2889222 -1.432787 14.37567 -0.4612107 -1.350486 14.40483 -0.3001231 1.134704 13.88804 -0.3480578 1.191734 13.86193 -0.5706959 1.119757 13.70489 -0.3627321 1.170832 13.68397 -0.5992588 1.283016 14.13951 -0.5124817 1.210964 14.16293 -0.3219072 1.290533 13.82318 -0.7646382 1.258299 13.63156 -0.819884 1.39905 14.09108 -0.6840556 1.432787 14.37567 -0.4612107 1.350486 14.40483 -0.3001231 1.581496 14.55686 -0.2889222 1.556548 14.3287 -0.6018034 1.64382 14.51532 -0.429376 1.848504 14.62309 -0.2851094 1.704476 14.26391 -0.7305099 1.878093 14.57234 -0.4224111 1.736689 14.45263 -0.549373 2.15034 14.62938 -0.2873052 1.552133 14.0203 -0.8336776 1.839767 14.3948 -0.6391322 1.443037 13.76399 -0.9234667 1.388411 13.55653 -0.9823544 1.901078 14.1672 -0.8270977 1.757451 13.92813 -0.9469274 1.637072 13.67859 -1.042105 1.552467 13.46365 -1.115332 2.139793 14.0545 -0.8952386 1.882033 13.56346 -1.124948 1.78628 13.33145 -1.20423 2.002735 13.81388 -1.023316 2.137555 13.43212 -1.155316 2.024568 13.20013 -1.221625 2.262282 13.68374 -1.050198 2.407393 13.27987 -1.13811 2.277966 13.05928 -1.218127 2.509091 12.9073 -1.14697 2.540663 13.53302 -1.036352 2.681105 13.1172 -1.072488 2.719416 12.78028 -1.042569 2.905258 12.98449 -0.9653376 2.911568 12.66836 -0.858068 2.820022 13.37767 -0.9803233 3.099226 12.87665 -0.7919494 3.034112 12.60712 -0.6078921 3.042151 13.25237 -0.8817296 3.233825 12.79585 -0.5806178 3.080467 12.57593 -0.3582137 3.339252 12.73427 -0.3565225 3.25344 13.14018 -0.7248932 3.421487 13.04474 -0.5335492 3.527298 12.99165 -0.3418154 3.592771 13.3195 -0.3250152 3.497409 13.37022 -0.4863198 3.529645 13.68295 -0.3051806 3.335957 13.44436 -0.645813 3.442461 13.68802 -0.4515606 3.390682 13.95665 -0.2978446 3.128079 13.54981 -0.7755476 3.31724 13.69451 -0.5907737 3.308831 13.93256 -0.4457482 3.153258 14.19543 -0.3002031 3.166323 13.77137 -0.6782244 2.922221 13.66383 -0.85197 3.224643 13.87553 -0.5774472 2.990919 13.872 -0.728878 2.654336 13.79865 -0.9023408 3.054347 14.02554 -0.5876249 2.744247 14.00812 -0.7651361 2.376709 13.93623 -0.9142888 3.116176 14.1366 -0.4512805 2.827876 14.17403 -0.603641 2.885552 14.28802 -0.4563728 2.924277 14.35933 -0.3051787 2.66274 14.50299 -0.3039776 2.562251 14.31466 -0.6093121 2.620128 14.43741 -0.4582766 2.417319 14.58484 -0.3011887 2.383837 14.51403 -0.4520756 2.475677 14.13921 -0.770959 2.333231 14.39614 -0.6044514 2.125983 14.56315 -0.4383257 2.24973 14.23651 -0.7593423 2.092633 14.46653 -0.5744685 1.893464 14.48702 -0.5397608 2.017363 14.3317 -0.7099426</float_array>
          <technique_common>
            <accessor source="#Body__mCapVis-position-array" count="440" stride="3">
              <param name="X" type="float" />
              <param name="Y" type="float" />
              <param name="Z" type="float" />
            </accessor>
          </technique_common>
        </source>
        <source id="Body__mCapVis-normal">
          <float_array id="Body__mCapVis-normal-array" count="1320">-0.6888454 -0.6888454 -0.2270059 -0.7260274 -0.6849315 0.0704501 -0.6790606 -0.6790606 -0.2759295 -0.6771037 -0.7318982 0.09001957 -0.8630137 -0.37182 -0.3405088 -0.5792564 -0.630137 0.516634 -0.6927593 -0.4559687 0.55773 -0.9060665 -0.4109589 0.09589041 -0.9373777 -0.01174168 -0.3502935 -0.7632094 -0.3405088 0.5499021 -0.2387476 -0.2504892 0.9373777 -0.5890411 0.3170255 0.7436399 -0.3287671 -0.1213307 0.9373777 0.05283757 0.111546 0.9921722 -0.4481409 0.5792564 0.6810176 0.09197652 0.08219178 0.9921722 0.2191781 0.3757339 0.9001957 -0.08806262 0.6223092 0.776908 0.3522505 0.2250489 0.9080235 0.111546 0.0332681 0.9941292 0.1878669 0.3444227 0.9197652 -0.1017613 0.6046967 0.7906067 0.2876712 0.2074364 0.9354208 0.06849315 0.2133072 0.9745597 -0.3091977 0.6497065 0.6947162 0.1272016 0.1213307 0.9843444 -0.03522505 0.1232877 0.9921722 -0.3268102 0.6360078 0.6986302 -0.3659491 0.6653621 0.6516634 0.4324853 0.03522505 0.9021527 -0.183953 0.04305284 0.9823875 -0.444227 0.3894325 0.8062623 0.3600783 0.05088063 0.9315069 -0.3522505 0.01174168 0.9354208 -0.5264188 0.4031311 0.7475538 -0.005870841 0.04696673 0.9980431 -0.148728 -0.01956947 0.9882583 -0.4657534 0.005870841 0.8845401 -0.297456 0.6536204 0.6966732 -0.3072407 -0.08806262 0.9471624 -0.18591 0.01956947 0.9823875 -0.01956947 0.6986302 0.7162427 -0.4148728 -0.1350294 0.9001957 0.3150685 0.05088063 0.9471624 0.7377691 0.3816047 0.55773 -0.1526419 -0.02544031 0.9882583 0.853229 0.08806262 0.5146771 0.9510763 0.2641879 0.1604697 0.2935421 0.1330724 0.9471624 0.9589041 0.2446184 -0.1389433 0.960861 0.2035225 -0.18591 0.9843444 0.1311155 0.1135029 0.8825831 0.3972603 -0.2524462 0.7925636 0.3091977 0.5244619 0.9275929 0.3659491 0.08414873 0.7162427 0.6888454 0.111546 0.6908023 0.6692759 -0.2700587 0.5831702 0.5909981 0.55773 0.3972603 0.9041096 0.1585127 0.3913894 0.8923679 -0.2270059 0.1917808 0.2309198 0.9530333 0.2935421 0.7553816 0.5851272 0.1154599 0.9745597 0.1878669 0.1154599 0.9765166 -0.1819961 0.08023483 0.2720157 0.9589041 -0.06849315 0.9765166 0.1996086 -0.07240704 0.9784736 -0.1898239 0.0665362 0.8003914 0.5949119 -0.223092 0.9471624 -0.2289628 -0.109589 -0.08610567 0.9902152 -0.2250489 0.9569471 0.18591 -0.3874756 0.8845401 -0.260274 -0.3013699 -0.2994129 0.9041096 -0.0665362 -0.1409002 0.9882583 -0.2367906 -0.2093934 0.9491194 -0.1545988 -0.4344423 0.888454 0 0.2720157 0.962818 -0.03131115 -0.1741683 0.9843444 -0.06457926 0.7945206 0.6027398 -0.03522505 0.2641879 0.964775 -0.1780822 0.7671233 0.6164383 -0.3874756 0.9080235 0.1545988 -0.5088063 0.8180039 -0.2720157 -0.06066536 0.258317 0.964775 -0.2994129 0.7240704 0.6203523 -0.516634 0.8473581 0.1311155 -0.6497065 0.7455969 0.148728 -0.6340509 0.7318982 -0.2504892 -0.4031311 0.6790606 0.6144814 -0.7925636 0.5909981 0.1545988 -0.778865 0.5714286 -0.258317 -0.8982387 0.3091977 -0.3091977 -0.5205479 0.6046967 0.6027398 -0.6340509 0.4970646 0.5909981 -0.9412916 0.3131115 0.1193738 -0.7553816 0.2915851 0.5870842 -0.9941292 -0.02152642 0.09784736 -0.8180039 -0.007827789 0.5733855 -0.334638 0.02152642 0.9412916 -0.295499 0.1428571 0.9452055 0.1135029 0 0.9941292 -0.2309198 0.2152642 0.9491194 0.4383562 -0.111546 0.8923679 0.1272016 -0.037182 0.9902152 -0.1819961 0.2328767 0.9549902 0.1232877 -0.08806262 0.9882583 0.4187867 -0.2328767 0.8786693 -0.1291585 0.2289628 0.964775 0.0998043 -0.1389433 0.9843444 -0.09393346 0.2426614 0.964775 0.08219178 -0.1506849 0.9843444 0.05675147 -0.1663405 0.9843444 0.007827789 -0.1819961 0.9823875 0.1624266 -0.4990215 0.851272 -0.04696673 -0.4970646 0.8669276 0.05870841 -0.516634 0.853229 -0.1350294 -0.3933464 0.9099804 -0.04305284 -0.4598826 0.8864971 0.06262231 -0.4872798 0.8708415 0.01761252 -0.1506849 0.9882583 -0.09001957 -0.08219178 0.9921722 0.1663405 -0.4520548 0.8767123 0.01369863 0 1 0.06066536 -0.1272016 0.9902152 0.2328767 -0.4696673 0.851272 0.221135 -0.4363992 0.8708415 0.258317 -0.4187867 0.8708415 0.2857143 -0.4403131 0.851272 0.3639922 -0.3502935 0.8630137 0.3639922 -0.3463796 0.8649706 0.1135029 -0.09197652 0.9902152 0.4207436 -0.2289628 0.8786693 0.1506849 0.02935421 0.9882583 0.4344423 -0.1174168 0.8923679 0.7260274 -0.6849315 0.0704501 0.6888454 -0.6888454 -0.2270059 0.6790606 -0.6790606 -0.2759295 0.6771037 -0.7318982 0.09001957 0.8630137 -0.37182 -0.3405088 0.5792564 -0.630137 0.516634 0.6927593 -0.4559687 0.55773 0.9060665 -0.4109589 0.09589041 0.9373777 -0.01174168 -0.3502935 0.7632094 -0.3405088 0.5499021 0.2387476 -0.2504892 0.9373777 0.5890411 0.3170255 0.7436399 0.3287671 -0.1213307 0.9373777 -0.05283757 0.111546 0.9921722 0.4481409 0.5792564 0.6810176 -0.09197652 0.08219178 0.9921722 -0.2191781 0.3757339 0.9001957 0.08806262 0.6223092 0.776908 -0.3522505 0.2250489 0.9080235 -0.111546 0.0332681 0.9941292 -0.1878669 0.3444227 0.9197652 0.1017613 0.6046967 0.7906067 -0.2876712 0.2074364 0.9354208 -0.06849315 0.2133072 0.9745597 0.3091977 0.6497065 0.6947162 -0.1272016 0.1213307 0.9843444 0.03522505 0.1232877 0.9921722 0.3268102 0.6360078 0.6986302 0.3659491 0.6653621 0.6516634 -0.4324853 0.03522505 0.9021527 0.183953 0.04305284 0.9823875 0.444227 0.3894325 0.8062623 -0.3600783 0.05088063 0.9315069 0.3522505 0.01174168 0.9354208 0.5264188 0.4031311 0.7475538 0.005870841 0.04696673 0.9980431 0.148728 -0.01956947 0.9882583 0.4657534 0.005870841 0.8845401 0.297456 0.6536204 0.6966732 0.3072407 -0.08806262 0.9471624 0.18591 0.01956947 0.9823875 0.01956947 0.6986302 0.7162427 0.4148728 -0.1350294 0.9001957 -0.3150685 0.05088063 0.9471624 -0.7377691 0.3816047 0.55773 0.1526419 -0.02544031 0.9882583 -0.853229 0.08806262 0.5146771 -0.9510763 0.2641879 0.1604697 -0.2935421 0.1330724 0.9471624 -0.9589041 0.2446184 -0.1389433 -0.960861 0.2035225 -0.18591 -0.9843444 0.1311155 0.1135029 -0.8825831 0.3972603 -0.2524462 -0.7925636 0.3091977 0.5244619 -0.9275929 0.3659491 0.08414873 -0.7162427 0.6888454 0.111546 -0.6908023 0.6692759 -0.2700587 -0.5831702 0.5909981 0.55773 -0.3972603 0.9041096 0.1585127 -0.3913894 0.8923679 -0.2270059 -0.1917808 0.2309198 0.9530333 -0.2935421 0.7553816 0.5851272 -0.1154599 0.9745597 0.1878669 -0.1154599 0.9765166 -0.1819961 0.109589 -0.08610567 0.9902152 0.06849315 0.9765166 0.1996086 0.07240704 0.9784736 -0.1898239 0.223092 0.9471624 -0.2289628 -0.0665362 0.8003914 0.5949119 0.2250489 0.9569471 0.18591 0.3874756 0.8845401 -0.260274 0.06457926 0.7945206 0.6027398 -0.08023483 0.2720157 0.9589041 0 0.2720157 0.962818 0.0665362 -0.1409002 0.9882583 0.3013699 -0.2994129 0.9041096 0.03131115 -0.1741683 0.9843444 0.2367906 -0.2093934 0.9491194 0.1545988 -0.4344423 0.888454 0.09001957 -0.08219178 0.9921722 0.1350294 -0.3933464 0.9099804 0.04696673 -0.4970646 0.8669276 0.03522505 0.2641879 0.964775 -0.007827789 -0.1819961 0.9823875 0.1780822 0.7671233 0.6164383 0.06066536 0.258317 0.964775 0.3874756 0.9080235 0.1545988 0.5088063 0.8180039 -0.2720157 0.2994129 0.7240704 0.6203523 0.516634 0.8473581 0.1311155 0.6497065 0.7455969 0.148728 0.6340509 0.7318982 -0.2504892 0.4031311 0.6790606 0.6144814 0.7925636 0.5909981 0.1545988 0.778865 0.5714286 -0.258317 0.8982387 0.3091977 -0.3091977 0.5205479 0.6046967 0.6027398 0.9412916 0.3131115 0.1193738 0.6340509 0.4970646 0.5909981 0.9941292 -0.02152642 0.09784736 0.7553816 0.2915851 0.5870842 0.8180039 -0.007827789 0.5733855 0.334638 0.02152642 0.9412916 0.295499 0.1428571 0.9452055 -0.1135029 0 0.9941292 0.2309198 0.2152642 0.9491194 -0.4383562 -0.111546 0.8923679 -0.1272016 -0.037182 0.9902152 0.1819961 0.2328767 0.9549902 -0.1232877 -0.08806262 0.9882583 -0.4187867 -0.2328767 0.8786693 0.1291585 0.2289628 0.964775 -0.0998043 -0.1389433 0.9843444 0.09393346 0.2426614 0.964775 -0.08219178 -0.1506849 0.9843444 -0.05675147 -0.1663405 0.9843444 -0.05870841 -0.516634 0.853229 -0.1624266 -0.4990215 0.851272 0.04305284 -0.4598826 0.8864971 -0.06262231 -0.4872798 0.8708415 -0.01761252 -0.1506849 0.9882583 -0.1663405 -0.4520548 0.8767123 -0.2328767 -0.4696673 0.851272 -0.01369863 0 1 -0.06066536 -0.1272016 0.9902152 -0.221135 -0.4363992 0.8708415 -0.258317 -0.4187867 0.8708415 -0.2857143 -0.4403131 0.851272 -0.3639922 -0.3502935 0.8630137 -0.3639922 -0.3463796 0.8649706 -0.1135029 -0.09197652 0.9902152 -0.4207436 -0.2289628 0.8786693 -0.4344423 -0.1174168 0.8923679 -0.1506849 0.02935421 0.9882583 0.8375734 0.4109589 -0.3581213 0.8688846 0.2935421 -0.3992172 0.9589041 0.2446184 -0.1389433 0.960861 0.2035225 -0.18591 0.6947162 0.3757339 -0.6125244 0.62818 0.4853229 -0.6086106 0.7592955 0.4481409 -0.4696673 0.8825831 0.3972603 -0.2524462 0.5792564 0.4911937 -0.6497065 0.4520548 0.4168297 -0.7886497 0.3268102 0.6007828 -0.7299413 0.3639922 0.4931507 -0.7906067 0.221135 0.407045 -0.8864971 0.1076321 0.5499021 -0.8277887 0.1565558 0.4598826 -0.8727984 0.02739726 0.3542074 -0.9354208 -0.09001957 0.5127202 -0.853229 -0.01369863 0.4148728 -0.9099804 -0.1291585 0.2837573 -0.9510763 -0.2015656 0.407045 -0.890411 -0.1643836 0.3522505 -0.9217221 -0.2563601 0.2015656 -0.9452055 -0.3307241 0.3052838 -0.8923679 -0.4246575 0.1585127 -0.890411 -0.2739726 0.2818004 -0.9197652 -0.3776908 0.08610567 -0.9217221 -0.5303327 -0.09197652 -0.8434442 -0.5225049 -0.08806262 -0.8473581 -0.6536204 -0.3307241 -0.6810176 -0.3874756 0.1878669 -0.9021527 -0.6457925 -0.3013699 -0.702544 -0.6966732 -0.553816 -0.4559687 -0.5342466 0.05479452 -0.8434442 -0.6771037 -0.5205479 -0.518591 -0.6888454 -0.6888454 -0.2270059 -0.6790606 -0.6790606 -0.2759295 -0.6594912 -0.09784736 -0.7455969 -0.7573385 -0.2524462 -0.6027398 -0.8630137 -0.37182 -0.3405088 -0.9373777 -0.01174168 -0.3502935 -0.8023483 0.037182 -0.5949119 -0.8982387 0.3091977 -0.3091977 -0.667319 0.09393346 -0.7377691 -0.7827789 0.2876712 -0.5518591 -0.778865 0.5714286 -0.258317 -0.5303327 0.1878669 -0.8277887 -0.6692759 0.2681018 -0.6927593 -0.6751468 0.5107632 -0.5303327 -0.6340509 0.7318982 -0.2504892 -0.5127202 0.332681 -0.7906067 -0.3953033 0.297456 -0.8688846 -0.5772994 0.4657534 -0.6692759 -0.4109589 0.4266145 -0.8062623 -0.2915851 0.3757339 -0.8806262 -0.4579256 0.5440313 -0.704501 -0.3248532 0.4892368 -0.8101761 -0.1996086 0.4324853 -0.8786693 -0.5420744 0.6379648 -0.5479452 -0.37182 0.5890411 -0.7162427 -0.4344423 0.6966732 -0.5694716 -0.5088063 0.8180039 -0.2720157 -0.3874756 0.8845401 -0.260274 -0.2837573 0.6360078 -0.7181996 -0.332681 0.7534246 -0.5675147 -0.223092 0.9471624 -0.2289628 -0.1937378 0.816047 -0.5459883 -0.07240704 0.9784736 -0.1898239 -0.2426614 0.5362035 -0.8082192 -0.1741683 0.6908023 -0.702544 -0.0704501 0.8610567 -0.5029354 -0.1389433 0.5870842 -0.7984344 -0.07436399 0.4892368 -0.8688846 -0.0665362 0.7416829 -0.667319 -0.02152642 0.6379648 -0.7710372 0.07240704 0.5342466 -0.8414873 0.06457926 0.7827789 -0.6203523 0.1193738 0.6810176 -0.7221135 0.2544031 0.5812133 -0.7729941 0.2524462 0.739726 -0.6223092 0.09197652 0.8825831 -0.4618395 0.1154599 0.9765166 -0.1819961 0.4305284 0.6164383 -0.6594912 0.3248532 0.8121331 -0.483366 0.3913894 0.8923679 -0.2270059 0.5753425 0.6379648 -0.5107632 0.6908023 0.6692759 -0.2700587 -0.960861 0.2035225 -0.18591 -0.8688846 0.2935421 -0.3992172 -0.9589041 0.2446184 -0.1389433 -0.8375734 0.4109589 -0.3581213 -0.7592955 0.4481409 -0.4696673 -0.8825831 0.3972603 -0.2524462 -0.6947162 0.3757339 -0.6125244 -0.62818 0.4853229 -0.6086106 -0.5792564 0.4911937 -0.6497065 -0.5753425 0.6379648 -0.5107632 -0.6908023 0.6692759 -0.2700587 -0.3913894 0.8923679 -0.2270059 -0.4305284 0.6164383 -0.6594912 -0.3248532 0.8121331 -0.483366 -0.1154599 0.9765166 -0.1819961 -0.2544031 0.5812133 -0.7729941 -0.09197652 0.8825831 -0.4618395 -0.2524462 0.739726 -0.6223092 0.07240704 0.9784736 -0.1898239 -0.3639922 0.4931507 -0.7906067 -0.1193738 0.6810176 -0.7221135 -0.4520548 0.4168297 -0.7886497 -0.3268102 0.6007828 -0.7299413 -0.07240704 0.5342466 -0.8414873 -0.1565558 0.4598826 -0.8727984 -0.221135 0.407045 -0.8864971 -0.1076321 0.5499021 -0.8277887 0.07436399 0.4892368 -0.8688846 -0.02739726 0.3542074 -0.9354208 0.09001957 0.5127202 -0.853229 0.01369863 0.4148728 -0.9099804 0.1291585 0.2837573 -0.9510763 0.2015656 0.407045 -0.890411 0.1643836 0.3522505 -0.9217221 0.2563601 0.2015656 -0.9452055 0.3307241 0.3052838 -0.8923679 0.4246575 0.1585127 -0.890411 0.2739726 0.2818004 -0.9197652 0.3776908 0.08610567 -0.9217221 0.5303327 -0.09197652 -0.8434442 0.5225049 -0.08806262 -0.8473581 0.6536204 -0.3307241 -0.6810176 0.3874756 0.1878669 -0.9021527 0.6457925 -0.3013699 -0.702544 0.6966732 -0.553816 -0.4559687 0.5342466 0.05479452 -0.8434442 0.6771037 -0.5205479 -0.518591 0.6888454 -0.6888454 -0.2270059 0.6790606 -0.6790606 -0.2759295 0.6594912 -0.09784736 -0.7455969 0.7573385 -0.2524462 -0.6027398 0.8630137 -0.37182 -0.3405088 0.9373777 -0.01174168 -0.3502935 0.8023483 0.037182 -0.5949119 0.8982387 0.3091977 -0.3091977 0.667319 0.09393346 -0.7377691 0.7827789 0.2876712 -0.5518591 0.778865 0.5714286 -0.258317 0.5303327 0.1878669 -0.8277887 0.6692759 0.2681018 -0.6927593 0.6751468 0.5107632 -0.5303327 0.6340509 0.7318982 -0.2504892 0.5127202 0.332681 -0.7906067 0.3953033 0.297456 -0.8688846 0.5772994 0.4657534 -0.6692759 0.4109589 0.4266145 -0.8062623 0.2915851 0.3757339 -0.8806262 0.4579256 0.5440313 -0.704501 0.3248532 0.4892368 -0.8101761 0.1996086 0.4324853 -0.8786693 0.5420744 0.6379648 -0.5479452 0.37182 0.5890411 -0.7162427 0.4344423 0.6966732 -0.5694716 0.5088063 0.8180039 -0.2720157 0.3874756 0.8845401 -0.260274 0.2837573 0.6360078 -0.7181996 0.332681 0.7534246 -0.5675147 0.223092 0.9471624 -0.2289628 0.1937378 0.816047 -0.5459883 0.2426614 0.5362035 -0.8082192 0.1741683 0.6908023 -0.702544 0.0704501 0.8610567 -0.5029354 0.1389433 0.5870842 -0.7984344 0.0665362 0.7416829 -0.667319 -0.06457926 0.7827789 -0.6203523 0.02152642 0.6379648 -0.7710372</float_array>
          <technique_common>
            <accessor source="#Body__mCapVis-normal-array" count="440" stride="3">
              <param name="X" type="float" />
              <param name="Y" type="float" />
              <param name="Z" type="float" />
            </accessor>
          </technique_common>
        </source>
        <source id="Body__mCapVis-color">
          <float_array id="Body__mCapVis-color-array" count="1760">0 0 0 0 0 0 0 0 0 0 0 0 0 0 0 0 0 0 0 0 0 0 0 0 0 0 0 0 0 0 0 0 0 0 0 0 0 0 0 0 0 0 0 0 0 0 0 0 0 0 0 0 0 0 0 0 0 0 0 0 0 0 0 0 0 0 0 0 0 0 0 0 0 0 0 0 0 0 0 0 0 0 0 0 0 0 0 0 0 0 0 0 0 0 0 0 0 0 0 0 0 0 0 0 0 0 0 0 0 0 0 0 0 0 0 0 0 0 0 0 0 0 0 0 0 0 0 0 0 0 0 0 0 0 0 0 0 0 0 0 0 0 0 0 0 0 0 0 0 0 0 0 0 0 0 0 0 0 0 0 0 0 0 0 0 0 0 0 0 0 0 0 0 0 0 0 0 0 0 0 0 0 0 0 0 0 0 0 0 0 0 0 0 0 0 0 0 0 0 0 0 0 0 0 0 0 0 0 0 0 0 0 0 0 0 0 0 0 0 0 0 0 0 0 0 0 0 0 0 0 0 0 0 0 0 0 0 0 0 0 0 0 0 0 0 0 0 0 0 0 0 0 0 0 0 0 0 0 0 0 0 0 0 0 0 0 0 0 0 0 0 0 0 0 0 0 0 0 0 0 0 0 0 0 0 0 0 0 0 0 0 0 0 0 0 0 0 0 0 0 0 0 0 0 0 0 0 0 0 0 0 0 0 0 0 0 0 0 0 0 0 0 0 0 0 0 0 0 0 0 0 0 0 0 0 0 0 0 0 0 0 0 0 0 0 0 0 0 0 0 0 0 0 0 0 0 0 0 0 0 0 0 0 0 0 0 0 0 0 0 0 0 0 0 0 0 0 0 0 0 0 0 0 0 0 0 0 0 0 0 0 0 0 0 0 0 0 0 0 0 0 0 0 0 0 0 0 0 0 0 0 0 0 0 0 0 0 0 0 0 0 0 0 0 0 0 0 0 0 0 0 0 0 0 0 0 0 0 0 0 0 0 0 0 0 0 0 0 0 0 0 0 0 0 0 0 0 0 0 0 0 0 0 0 0 0 0 0 0 0 0 0 0 0 0 0 0 0 0 0 0 0 0 0 0 0 0 0 0 0 0 0 0 0 0 0 0 0 0 0 0 0 0 0 0 0 0 0 0 0 0 0 0 0 0 0 0 0 0 0 0 0 0 0 0 0 0 0 0 0 0 0 0 0 0 0 0 0 0 0 0 0 0 0 0 0 0 0 0 0 0 0 0 0 0 0 0 0 0 0 0 0 0 0 0 0 0 0 0 0 0 0 0 0 0 0 0 0 0 0 0 0 0 0 0 0 0 0 0 0 0 0 0 0 0 0 0 0 0 0 0 0 0 0 0 0 0 0 0 0 0 0 0 0 0 0 0 0 0 0 0 0 0 0 0 0 0 0 0 0 0 0 0 0 0 0 0 0 0 0 0 0 0 0 0 0 0 0 0 0 0 0 0 0 0 0 0 0 0 0 0 0 0 0 0 0 0 0 0 0 0 0 0 0 0 0 0 0 0 0 0 0 0 0 0 0 0 0 0 0 0 0 0 0 0 0 0 0 0 0 0 0 0 0 0 0 0 0 0 0 0 0 0 0 0 0 0 0 0 0 0 0 0 0 0 0 0 0 0 0 0 0 0 0 0 0 0 0 0 0 0 0 0 0 0 0 0 0 0 0 0 0 0 0 0 0 0 0 0 0 0 0 0 0 0 0 0 0 0 0 0 0 0 0 0 0 0 0 0 0 0 0 0 0 0 0 0 0 0 0 0 0 0 0 0 0 0 0 0 0 0 0 0 0 0 0 0 0 0 0 0 0 0 0 0 0 0 0 0 0 0 0 0 0 0 0 0 0 0 0 0 0 0 0 0 0 0 0 0 0 0 0 0 0 0 0 0 0 0 0 0 0 0 0 0 0 0 0 0 0 0 0 0 0 0 0 0 0 0 0 0 0 0 0 0 0 0 0 0 0 0 0 0 0 0 0 0 0 0 0 0 0 0 0 0 0 0 0 0 0 0 0 0 0 0 0 0 0 0 0 0 0 0 0 0 0 0 0 0 0 0 0 0 0 0 0 0 0 0 0 0 0 0 0 0 0 0 0 0 0 0 0 0 0 0 0 0 0 0 0 0 0 0 0 0 0 0 0 0 0 0 0 0 0 0 0 0 0 0 0 0 0 0 0 0 0 0 0 0 0 0 0 0 0 0 0 0 0 0 0 0 0 0 0 0 0 0 0 0 0 0 0 0 0 0 0 0 0 0 0 0 0 0 0 0 0 0 0 0 0 0 0 0 0 0 0 0 0 0 0 0 0 0 0 0 0 0 0 0 0 0 0 0 0 0 0 0 0 0 0 0 0 0 0 0 0 0 0 0 0 0 0 0 0 0 0 0 0 0 0 0 0 0 0 0 0 0 0 0 0 0 0 0 0 0 0 0 0 0 0 0 0 0 0 0 0 0 0 0 0 0 0 0 0 0 0 0 0 0 0 0 0 0 0 0 0 0 0 0 0 0 0 0 0 0 0 0 0 0 0 0 0 0 0 0 0 0 0 0 0 0 0 0 0 0 0 0 0 0 0 0 0 0 0 0 0 0 0 0 0 0 0 0 0 0 0 0 0 0 0 0 0 0 0 0 0 0 0 0 0 0 0 0 0 0 0 0 0 0 0 0 0 0 0 0 0 0 0 0 0 0 0 0 0 0 0 0 0 0 0 0 0 0 0 0 0 0 0 0 0 0 0 0 0 0 0 0 0 0 0 0 0 0 0 0 0 0 0 0 0 0 0 0 0 0 0 0 0 0 0 0 0 0 0 0 0 0 0 0 0 0 0 0 0 0 0 0 0 0 0 0 0 0 0 0 0 0 0 0 0 0 0 0 0 0 0 0 0 0 0 0 0 0 0 0 0 0 0 0 0 0 0 0 0 0 0 0 0 0 0 0 0 0 0 0 0 0 0 0 0 0 0 0 0 0 0 0 0 0 0 0 0 0 0 0 0 0 0 0 0 0 0 0 0 0 0 0 0 0 0 0 0 0 0 0 0 0 0 0 0 0 0 0 0 0 0 0 0 0 0 0 0 0 0 0 0 0 0 0 0 0 0 0 0 0 0 0 0 0 0 0 0 0 0 0 0 0 0 0 0 0 0 0 0 0 0 0 0 0 0 0 0 0 0 0 0 0 0 0 0 0 0 0 0 0 0 0 0 0 0 0 0 0 0 0 0 0 0 0 0 0 0 0 0 0 0 0 0 0 0 0 0 0 0 0 0 0 0 0 0 0 0 0 0 0 0 0 0 0 0 0 0 0 0 0 0 0 0 0 0 0 0 0 0 0 0 0 0 0 0 0 0 0 0 0 0 0 0 0 0 0 0 0 0 0 0 0 0 0 0 0 0 0 0 0 0 0 0 0 0 0 0 0 0 0 0 0 0 0 0 0 0 0 0 0 0 0 0 0 0 0 0 0 0 0 0 0 0 0 0 0 0 0 0 0 0 0 0 0 0 0 0 0 0 0 0 0 0 0 0 0 0 0 0 0 0 0 0 0 0 0 0 0 0 0 0 0 0 0 0 0 0 0 0 0 0 0 0 0 0 0 0 0 0 0 0 0 0 0 0 0 0 0 0 0 0 0 0 0 0 0 0 0 0 0 0 0 0 0 0 0 0 0 0 0 0 0 0 0 0 0 0 0 0 0 0 0 0 0 0 0 0 0 0 0 0 0 0 0 0 0 0 0 0 0 0 0 0 0 0 0 0 0 0 0 0 0 0 0 0 0 0 0 0 0 0 0 0 0 0 0 0 0 0 0 0 0 0 0 0 0 0 0 0 0 0 0 0 0 0 0 0 0 0 0 0 0 0 0 0 0 0 0 0 0 0 0 0 0 0 0 0 0 0 0 0 0 0 0 0 0 0 0 0 0 0 0 0 0 0 0 0 0 0 0 0 0 0 0 0</float_array>
          <technique_common>
            <accessor source="#Body__mCapVis-color-array" count="440" stride="4">
              <param name="R" type="float" />
              <param name="G" type="float" />
              <param name="B" type="float" />
              <param name="A" type="float" />
            </accessor>
          </technique_common>
        </source>
        <source id="Body__mCapVis-texcoord">
          <float_array id="Body__mCapVis-texcoord-array" count="880">0.4887312 0.3726711 0.4991837 0.3720607 0.4871137 0.3871672 0.496788 0.3857481 0.4897994 0.4031281 0.5046464 0.3838559 0.507805 0.370428 0.4976577 0.4004731 0.4967422 0.4195163 0.5055924 0.3975433 0.5097734 0.382681 0.5135881 0.3704128 0.5100634 0.3959411 0.5154803 0.3813535 0.5206226 0.3699245 0.5154192 0.3937591 0.5212176 0.3813993 0.5263447 0.3715572 0.5208972 0.3922789 0.5195239 0.4044557 0.5272908 0.3823301 0.5304952 0.3749752 0.5262226 0.3911345 0.540795 0.3827726 0.5424888 0.3775693 0.5410392 0.3900511 0.5603723 0.3828183 0.5597619 0.3776303 0.5753872 0.3777524 0.5243305 0.4015564 0.5783169 0.3839933 0.5897765 0.3767757 0.5292744 0.3994354 0.5932555 0.3843595 0.5947051 0.3753414 0.5605555 0.3898375 0.5788205 0.3902647 0.598352 0.3837796 0.6 0.3746395 0.5943694 0.3912871 0.6033112 0.383154 0.6061341 0.3747005 0.5993744 0.3918211 0.6087892 0.3829099 0.6119631 0.3744717 0.6044404 0.3923552 0.6138857 0.3828641 0.6206455 0.3749447 0.6098268 0.3933623 0.6304875 0.375433 0.6304417 0.383917 0.6218814 0.383093 0.6290532 0.3979248 0.6142519 0.3945525 0.6215 0.3960174 0.618143 0.4082399 0.6246738 0.4117189 0.6119021 0.4049745 0.6113985 0.4185702 0.6165713 0.4237888 0.6075227 0.4032196 0.605417 0.4146181 0.6021515 0.4268406 0.6060731 0.4334325 0.6015412 0.4117494 0.5897002 0.4341039 0.5929809 0.4411536 0.5972381 0.4217899 0.5803617 0.4462043 0.602121 0.4011139 0.5775387 0.438529 0.5676356 0.4491798 0.5972381 0.3991913 0.5968719 0.4082857 0.5924926 0.3978637 0.5927672 0.4053712 0.5935607 0.4181735 0.5893645 0.4140078 0.5866026 0.4280919 0.5838712 0.4234684 0.5757076 0.432105 0.5660334 0.4409552 0.5527428 0.4501564 0.5738766 0.427039 0.5650569 0.4341802 0.5537041 0.4413977 0.5416343 0.4399787 0.5387198 0.4483101 0.5542992 0.4347143 0.5269856 0.4353399 0.5230182 0.4427405 0.5100328 0.4339971 0.5437095 0.4336156 0.5308461 0.4292363 0.5142748 0.4279088 0.5201038 0.422385 0.5034867 0.415198 0.5105516 0.4109712 0.5149157 0.4079499 0.523537 0.4183261 0.5270619 0.4134432 0.5331044 0.4243229 0.5306935 0.4093843 0.5355764 0.4188296 0.5445334 0.4281071 0.5455253 0.4221408 0.5381857 0.4144045 0.5541314 0.4290532 0.5540856 0.4229953 0.5639887 0.4287175 0.5628901 0.4228733 0.5716487 0.4215152 0.5806974 0.4185397 0.5701076 0.416846 0.5859159 0.4104372 0.5778744 0.4143893 0.588632 0.4030976 0.5824826 0.4075837 0.5755398 0.4108797 0.571191 0.4015107 0.5761349 0.3968567 0.5687801 0.4128939 0.5608912 0.396994 0.5615015 0.4027771 0.5624018 0.4179751 0.5620508 0.4138399 0.5551537 0.4138705 0.5545434 0.4180209 0.546746 0.4171206 0.5482872 0.4131838 0.5524986 0.4024262 0.5409323 0.4108949 0.5447013 0.3973755 0.5343557 0.4061036 0.4539559 0.3715572 0.4644236 0.3717861 0.46598 0.3859159 0.4562753 0.3848631 0.4635691 0.4020142 0.4485237 0.3833371 0.4455329 0.3704128 0.4554971 0.3994507 0.456672 0.418616 0.4476539 0.3967804 0.4433509 0.3824064 0.439704 0.3706569 0.4431373 0.3952697 0.4379034 0.3813077 0.4330053 0.3704128 0.4379187 0.3932708 0.4323796 0.3813688 0.427512 0.3720455 0.4325933 0.3918059 0.4338292 0.4036164 0.4265965 0.3821164 0.4234531 0.3752956 0.4275425 0.3905547 0.4132601 0.3822232 0.4116732 0.3777981 0.4129244 0.3892729 0.3938354 0.3826047 0.3945525 0.3779507 0.3789731 0.3781033 0.4291905 0.400824 0.3761654 0.3837949 0.3647517 0.377142 0.4244907 0.398764 0.3615625 0.3841153 0.3600366 0.375494 0.3938811 0.3891509 0.3757076 0.3897307 0.3565423 0.383505 0.3549401 0.3746395 0.3604639 0.3907073 0.3517052 0.3828336 0.3490196 0.3745327 0.3555352 0.3912566 0.3463645 0.3824979 0.3433738 0.3741665 0.3505455 0.3917754 0.3413748 0.3823453 0.3348897 0.3744259 0.3452506 0.392691 0.3252308 0.3747005 0.3251392 0.3830472 0.333547 0.3824064 0.3263142 0.3968414 0.3408866 0.3938048 0.3337453 0.3951171 0.3369345 0.4071565 0.3304494 0.4104524 0.3431144 0.4040284 0.3435111 0.4173648 0.3383535 0.4224308 0.3474479 0.4023651 0.3494316 0.41355 0.3525902 0.4255741 0.3486534 0.4320135 0.3527733 0.4003357 0.3648432 0.4327764 0.3615625 0.4396735 0.3740292 0.4447089 0.3574731 0.4206455 0.3768521 0.437171 0.3866178 0.4476692 0.3679408 0.4268864 0.3532921 0.4107729 0.3611353 0.4171206 0.3579156 0.4074006 0.3575799 0.3984588 0.365301 0.4130465 0.3622339 0.3971466 0.3619745 0.4045472 0.3783627 0.39617 0.3660487 0.4023041 0.3687038 0.4095369 0.3706722 0.4223392 0.3738155 0.4174868 0.3786831 0.430869 0.3805142 0.4258793 0.38822 0.4395972 0.4013428 0.448661 0.3891966 0.4329137 0.4003967 0.4400397 0.4123293 0.4386511 0.4152133 0.4468452 0.3998169 0.4334783 0.4268254 0.4340734 0.4307775 0.4412909 0.4438392 0.43299 0.4102846 0.4323949 0.4393225 0.4265354 0.4230717 0.4280919 0.449546 0.4140383 0.4336156 0.4212558 0.4428473 0.4100252 0.438468 0.4070191 0.4301366 0.417258 0.4265202 0.4123751 0.4207675 0.4231937 0.4230411 0.4085146 0.4182956 0.4177768 0.4094606 0.4269779 0.408484 0.4210727 0.4157321 0.4135042 0.3999847 0.4278935 0.4000305 0.4219272 0.3902647 0.4275425 0.3913481 0.4217899 0.3827268 0.4204471 0.3766232 0.4134127 0.3842527 0.4158388 0.3721065 0.4067292 0.3789273 0.4099336 0.3832151 0.4007477 0.3855802 0.4119325 0.3918364 0.4169528 0.393286 0.3962615 0.392752 0.4019379 0.3921874 0.4128786 0.3989776 0.4129244 0.399588 0.4170138 0.4072786 0.4162204 0.4057527 0.4122683 0.4016327 0.4016327 0.4129854 0.4100404 0.4194553 0.4053254 0.4093233 0.3966736 0.6166476 0.5214924 0.6161441 0.5138171 0.6265507 0.5186542 0.6253452 0.5107042 0.606424 0.5170519 0.6065919 0.5249561 0.6140993 0.5014725 0.6224155 0.4983444 0.6046845 0.5046921 0.5964294 0.5196155 0.5964294 0.52842 0.5958191 0.507454 0.5862058 0.5210193 0.5866483 0.5308766 0.5852751 0.5094835 0.5737392 0.5226215 0.5737545 0.5328755 0.573312 0.510811 0.5616236 0.5233539 0.5613642 0.5339437 0.561532 0.5110247 0.5491722 0.5230335 0.5485313 0.5333943 0.5353628 0.5325856 0.5490807 0.5107653 0.5352255 0.521767 0.5235981 0.5310903 0.5239948 0.5198749 0.5131914 0.5288625 0.53579 0.5094987 0.5122148 0.5166705 0.5020066 0.5253834 0.5250324 0.507393 0.5011673 0.5135119 0.4905013 0.5246204 0.4902113 0.5111315 0.514107 0.5038987 0.5025254 0.4998245 0.4928206 0.4963912 0.4999008 0.4822461 0.5083085 0.4864576 0.5121691 0.4701304 0.5182727 0.491249 0.5178607 0.4761578 0.523827 0.4627603 0.5287098 0.4947891 0.524422 0.4830244 0.528069 0.470222 0.5381094 0.4583657 0.5316701 0.4853437 0.53785 0.4964065 0.5314412 0.4780041 0.5397269 0.4864424 0.5499809 0.4980239 0.5401694 0.4769512 0.5507134 0.4871138 0.5620661 0.4984665 0.5393912 0.4670939 0.5508049 0.4765545 0.5506981 0.4661326 0.5504387 0.4570993 0.5635614 0.4572061 0.5627375 0.4769512 0.5634089 0.4663462 0.5751583 0.4588845 0.5738613 0.4678721 0.5871214 0.4622873 0.5623865 0.4877394 0.572076 0.478233 0.5846647 0.4709087 0.5719997 0.4883955 0.5727016 0.4986191 0.5823606 0.4800183 0.582269 0.4881514 0.5835202 0.4972 0.5900969 0.4819562 0.5898985 0.4883345 0.5930419 0.4956436 0.5954833 0.4861219 0.5946136 0.4749829 0.5997406 0.4684825 0.6006256 0.4935378 0.603067 0.4813306 0.6099031 0.4764172 0.6098421 0.4899977 0.6178683 0.4865339 0.3287404 0.5107805 0.3379416 0.5138781 0.3275349 0.5187457 0.3374228 0.5215839 0.3399863 0.5015182 0.3316701 0.4983902 0.3476616 0.517113 0.3474479 0.5250324 0.3494163 0.5047379 0.3442435 0.4900282 0.336202 0.4865645 0.3441672 0.4764324 0.35346 0.4935683 0.3510033 0.4813306 0.3543297 0.4684825 0.361059 0.4956588 0.359472 0.4749829 0.3586023 0.4861372 0.3669642 0.4622568 0.3582971 0.5074846 0.3642023 0.4883345 0.3576715 0.5196765 0.3576257 0.5284963 0.3705959 0.4972152 0.3688563 0.5094987 0.367895 0.5210651 0.3674372 0.5309529 0.3813992 0.4986191 0.3803159 0.522652 0.3802701 0.5329671 0.3807736 0.5108263 0.3926299 0.5233539 0.3929045 0.5339894 0.3925841 0.5110247 0.4055238 0.5230945 0.4060884 0.5335011 0.4193027 0.5327687 0.4053254 0.51075 0.419501 0.5218738 0.4310521 0.5313039 0.4307164 0.5200427 0.441474 0.5291219 0.418677 0.5094835 0.4424659 0.5168993 0.4526589 0.5256428 0.4294041 0.5074083 0.4534371 0.5137255 0.4639811 0.5246967 0.464271 0.5111925 0.4402838 0.5040055 0.4517586 0.4999619 0.4614328 0.4963912 0.4541848 0.4820325 0.4457008 0.4863814 0.4420539 0.4699626 0.4359197 0.4911879 0.4362096 0.476112 0.4303197 0.4626535 0.4255741 0.494728 0.4296941 0.4829481 0.4260471 0.4702067 0.416022 0.4582894 0.4224613 0.4853132 0.4164034 0.4963302 0.4227512 0.4779888 0.4144045 0.4863661 0.4042268 0.4979782 0.4140078 0.4768902 0.4034333 0.4870375 0.3920501 0.4984512 0.4147555 0.4670177 0.4033265 0.4765087 0.403418 0.4660715 0.4036774 0.457023 0.3905394 0.457145 0.3913786 0.4769055 0.390692 0.4662852 0.3789425 0.4588388 0.3802396 0.4678416 0.3917449 0.4876783 0.3820401 0.4782025 0.3694209 0.4708934 0.3821317 0.4883803 0.3717403 0.4800031 0.3639887 0.4819409 0.3718318 0.4881514</float_array>
          <technique_common>
            <accessor source="#Body__mCapVis-texcoord-array" count="440" stride="2">
              <param name="S" type="float" />
              <param name="T" type="float" />
            </accessor>
          </technique_common>
        </source>
        <vertices id="Body__mCapVis-vertex">
          <input semantic="POSITION" source="#Body__mCapVis-position" />
        </vertices>
        <triangles material="mCapVis" count="752">
          <input semantic="VERTEX" source="#Body__mCapVis-vertex" offset="0" />
          <input semantic="NORMAL" source="#Body__mCapVis-normal" offset="1" />
          <input semantic="COLOR" source="#Body__mCapVis-color" offset="2" set="0" />
          <input semantic="TEXCOORD" source="#Body__mCapVis-texcoord" offset="3" set="0" />
          <p>0 0 0 0 1 1 1 1 2 2 2 2 1 1 1 1 3 3 3 3 2 2 2 2 4 4 4 4 2 2 2 2 3 3 3 3 3 3 3 3 1 1 1 1 5 5 5 5 1 1 1 1 6 6 6 6 5 5 5 5 7 7 7 7 4 4 4 4 3 3 3 3 4 4 4 4 7 7 7 7 8 8 8 8 3 3 3 3 5 5 5 5 9 9 9 9 7 7 7 7 3 3 3 3 9 9 9 9 5 5 5 5 6 6 6 6 10 10 10 10 6 6 6 6 11 11 11 11 10 10 10 10 9 9 9 9 5 5 5 5 12 12 12 12 5 5 5 5 10 10 10 10 12 12 12 12 13 13 13 13 10 10 10 10 11 11 11 11 14 14 14 14 13 13 13 13 11 11 11 11 12 12 12 12 10 10 10 10 15 15 15 15 10 10 10 10 13 13 13 13 15 15 15 15 16 16 16 16 13 13 13 13 14 14 14 14 17 17 17 17 16 16 16 16 14 14 14 14 15 15 15 15 13 13 13 13 18 18 18 18 13 13 13 13 16 16 16 16 18 18 18 18 15 15 15 15 19 19 19 19 12 12 12 12 15 15 15 15 18 18 18 18 19 19 19 19 20 20 20 20 16 16 16 16 17 17 17 17 21 21 21 21 20 20 20 20 17 17 17 17 18 18 18 18 16 16 16 16 22 22 22 22 16 16 16 16 20 20 20 20 22 22 22 22 20 20 20 20 21 21 21 21 23 23 23 23 21 21 21 21 24 24 24 24 23 23 23 23 23 23 23 23 25 25 25 25 20 20 20 20 25 25 25 25 22 22 22 22 20 20 20 20 26 26 26 26 23 23 23 23 24 24 24 24 23 23 23 23 26 26 26 26 25 25 25 25 27 27 27 27 26 26 26 26 24 24 24 24 26 26 26 26 27 27 27 27 28 28 28 28 18 18 18 18 22 22 22 22 29 29 29 29 18 18 18 18 29 29 29 29 19 19 19 19 30 30 30 30 26 26 26 26 28 28 28 28 28 28 28 28 31 31 31 31 30 30 30 30 22 22 22 22 32 32 32 32 29 29 29 29 32 32 32 32 22 22 22 22 25 25 25 25 31 31 31 31 33 33 33 33 30 30 30 30 33 33 33 33 31 31 31 31 34 34 34 34 35 35 35 35 26 26 26 26 30 30 30 30 26 26 26 26 35 35 35 35 25 25 25 25 36 36 36 36 30 30 30 30 33 33 33 33 36 36 36 36 35 35 35 35 30 30 30 30 37 37 37 37 33 33 33 33 34 34 34 34 37 37 37 37 34 34 34 34 38 38 38 38 39 39 39 39 36 36 36 36 33 33 33 33 39 39 39 39 33 33 33 33 37 37 37 37 40 40 40 40 37 37 37 37 38 38 38 38 40 40 40 40 38 38 38 38 41 41 41 41 42 42 42 42 39 39 39 39 37 37 37 37 42 42 42 42 37 37 37 37 40 40 40 40 43 43 43 43 40 40 40 40 41 41 41 41 43 43 43 43 41 41 41 41 44 44 44 44 45 45 45 45 42 42 42 42 40 40 40 40 45 45 45 45 40 40 40 40 43 43 43 43 46 46 46 46 43 43 43 43 44 44 44 44 46 46 46 46 44 44 44 44 47 47 47 47 48 48 48 48 45 45 45 45 43 43 43 43 48 48 48 48 43 43 43 43 46 46 46 46 49 49 49 49 50 50 50 50 47 47 47 47 50 50 50 50 51 51 51 51 47 47 47 47 51 51 51 51 46 46 46 46 47 47 47 47 50 50 50 50 52 52 52 52 51 51 51 51 53 53 53 53 46 46 46 46 51 51 51 51 53 53 53 53 48 48 48 48 46 46 46 46 52 52 52 52 54 54 54 54 51 51 51 51 54 54 54 54 53 53 53 53 51 51 51 51 55 55 55 55 54 54 54 54 52 52 52 52 56 56 56 56 55 55 55 55 52 52 52 52 57 57 57 57 53 53 53 53 54 54 54 54 55 55 55 55 57 57 57 57 54 54 54 54 55 55 55 55 56 56 56 56 58 58 58 58 57 57 57 57 55 55 55 55 58 58 58 58 56 56 56 56 59 59 59 59 58 58 58 58 57 57 57 57 60 60 60 60 53 53 53 53 60 60 60 60 48 48 48 48 53 53 53 53 61 61 61 61 57 57 57 57 58 58 58 58 57 57 57 57 61 61 61 61 60 60 60 60 62 62 62 62 58 58 58 58 59 59 59 59 61 61 61 61 58 58 58 58 62 62 62 62 63 63 63 63 62 62 62 62 59 59 59 59 61 61 61 61 64 64 64 64 60 60 60 60 65 65 65 65 62 62 62 62 63 63 63 63 66 66 66 66 65 65 65 65 63 63 63 63 67 67 67 67 61 61 61 61 62 62 62 62 67 67 67 67 62 62 62 62 65 65 65 65 61 61 61 61 67 67 67 67 64 64 64 64 66 66 66 66 68 68 68 68 65 65 65 65 60 60 60 60 69 69 69 69 48 48 48 48 60 60 60 60 64 64 64 64 69 69 69 69 69 69 69 69 45 45 45 45 48 48 48 48 45 45 45 45 69 69 69 69 42 42 42 42 68 68 68 68 70 70 70 70 65 65 65 65 68 68 68 68 71 71 71 71 70 70 70 70 69 69 69 69 72 72 72 72 42 42 42 42 39 39 39 39 42 42 42 42 72 72 72 72 64 64 64 64 73 73 73 73 69 69 69 69 69 69 69 69 73 73 73 73 72 72 72 72 74 74 74 74 39 39 39 39 72 72 72 72 39 39 39 39 74 74 74 74 36 36 36 36 73 73 73 73 75 75 75 75 72 72 72 72 72 72 72 72 75 75 75 75 74 74 74 74 73 73 73 73 64 64 64 64 76 76 76 76 67 67 67 67 76 76 76 76 64 64 64 64 73 73 73 73 77 77 77 77 75 75 75 75 77 77 77 77 73 73 73 73 76 76 76 76 67 67 67 67 78 78 78 78 76 76 76 76 78 78 78 78 67 67 67 67 65 65 65 65 78 78 78 78 65 65 65 65 70 70 70 70 78 78 78 78 79 79 79 79 76 76 76 76 77 77 77 77 76 76 76 76 79 79 79 79 80 80 80 80 78 78 78 78 70 70 70 70 78 78 78 78 80 80 80 80 79 79 79 79 80 80 80 80 70 70 70 70 81 81 81 81 71 71 71 71 81 81 81 81 70 70 70 70 81 81 81 81 71 71 71 71 82 82 82 82 80 80 80 80 83 83 83 83 79 79 79 79 84 84 84 84 80 80 80 80 81 81 81 81 80 80 80 80 84 84 84 84 83 83 83 83 85 85 85 85 81 81 81 81 82 82 82 82 84 84 84 84 81 81 81 81 85 85 85 85 86 86 86 86 85 85 85 85 82 82 82 82 87 87 87 87 86 86 86 86 82 82 82 82 88 88 88 88 84 84 84 84 85 85 85 85 86 86 86 86 87 87 87 87 89 89 89 89 87 87 87 87 90 90 90 90 89 89 89 89 90 90 90 90 91 91 91 91 89 89 89 89 86 86 86 86 92 92 92 92 85 85 85 85 92 92 92 92 88 88 88 88 85 85 85 85 86 86 86 86 89 89 89 89 93 93 93 93 92 92 92 92 86 86 86 86 93 93 93 93 91 91 91 91 94 94 94 94 89 89 89 89 91 91 91 91 8 8 8 8 94 94 94 94 89 89 89 89 94 94 94 94 95 95 95 95 93 93 93 93 89 89 89 89 95 95 95 95 8 8 8 8 96 96 96 96 94 94 94 94 7 7 7 7 96 96 96 96 8 8 8 8 96 96 96 96 97 97 97 97 94 94 94 94 97 97 97 97 96 96 96 96 7 7 7 7 97 97 97 97 95 95 95 95 94 94 94 94 9 9 9 9 97 97 97 97 7 7 7 7 97 97 97 97 9 9 9 9 98 98 98 98 97 97 97 97 98 98 98 98 95 95 95 95 9 9 9 9 12 12 12 12 98 98 98 98 19 19 19 19 98 98 98 98 12 12 12 12 98 98 98 98 99 99 99 99 95 95 95 95 93 93 93 93 95 95 95 95 99 99 99 99 19 19 19 19 100 100 100 100 98 98 98 98 100 100 100 100 99 99 99 99 98 98 98 98 19 19 19 19 29 29 29 29 100 100 100 100 101 101 101 101 93 93 93 93 99 99 99 99 101 101 101 101 99 99 99 99 100 100 100 100 29 29 29 29 102 102 102 102 100 100 100 100 29 29 29 29 32 32 32 32 102 102 102 102 103 103 103 103 101 101 101 101 100 100 100 100 103 103 103 103 100 100 100 100 102 102 102 102 93 93 93 93 101 101 101 101 104 104 104 104 92 92 92 92 93 93 93 93 104 104 104 104 101 101 101 101 103 103 103 103 105 105 105 105 104 104 104 104 101 101 101 101 105 105 105 105 106 106 106 106 103 103 103 103 102 102 102 102 105 105 105 105 103 103 103 103 106 106 106 106 92 92 92 92 104 104 104 104 107 107 107 107 88 88 88 88 92 92 92 92 107 107 107 107 105 105 105 105 108 108 108 108 104 104 104 104 108 108 108 108 107 107 107 107 104 104 104 104 88 88 88 88 107 107 107 107 109 109 109 109 84 84 84 84 88 88 88 88 109 109 109 109 84 84 84 84 109 109 109 109 83 83 83 83 109 109 109 109 107 107 107 107 110 110 110 110 107 107 107 107 108 108 108 108 110 110 110 110 111 111 111 111 83 83 83 83 109 109 109 109 110 110 110 110 111 111 111 111 109 109 109 109 83 83 83 83 111 111 111 111 112 112 112 112 79 79 79 79 83 83 83 83 112 112 112 112 112 112 112 112 77 77 77 77 79 79 79 79 111 111 111 111 110 110 110 110 113 113 113 113 77 77 77 77 112 112 112 112 114 114 114 114 77 77 77 77 114 114 114 114 75 75 75 75 112 112 112 112 111 111 111 111 115 115 115 115 112 112 112 112 115 115 115 115 114 114 114 114 111 111 111 111 113 113 113 113 115 115 115 115 116 116 116 116 75 75 75 75 114 114 114 114 75 75 75 75 116 116 116 116 74 74 74 74 117 117 117 117 114 114 114 114 115 115 115 115 117 117 117 117 116 116 116 116 114 114 114 114 118 118 118 118 117 117 117 117 115 115 115 115 115 115 115 115 113 113 113 113 118 118 118 118 119 119 119 119 116 116 116 116 117 117 117 117 118 118 118 118 119 119 119 119 117 117 117 117 120 120 120 120 74 74 74 74 116 116 116 116 119 119 119 119 120 120 120 120 116 116 116 116 74 74 74 74 120 120 120 120 36 36 36 36 36 36 36 36 120 120 120 120 35 35 35 35 119 119 119 119 118 118 118 118 121 121 121 121 113 113 113 113 121 121 121 121 118 118 118 118 120 120 120 120 119 119 119 119 122 122 122 122 120 120 120 120 122 122 122 122 35 35 35 35 123 123 123 123 119 119 119 119 121 121 121 121 119 119 119 119 123 123 123 123 122 122 122 122 121 121 121 121 113 113 113 113 124 124 124 124 110 110 110 110 124 124 124 124 113 113 113 113 110 110 110 110 108 108 108 108 124 124 124 124 125 125 125 125 123 123 123 123 121 121 121 121 125 125 125 125 121 121 121 121 124 124 124 124 123 123 123 123 125 125 125 125 126 126 126 126 125 125 125 125 124 124 124 124 126 126 126 126 108 108 108 108 127 127 127 127 124 124 124 124 124 124 124 124 127 127 127 127 126 126 126 126 128 128 128 128 127 127 127 127 108 108 108 108 105 105 105 105 128 128 128 128 108 108 108 108 128 128 128 128 105 105 105 105 106 106 106 106 129 129 129 129 126 126 126 126 127 127 127 127 128 128 128 128 129 129 129 129 127 127 127 127 130 130 130 130 123 123 123 123 126 126 126 126 129 129 129 129 130 130 130 130 126 126 126 126 123 123 123 123 130 130 130 130 122 122 122 122 129 129 129 129 128 128 128 128 131 131 131 131 131 131 131 131 130 130 130 130 129 129 129 129 128 128 128 128 106 106 106 106 131 131 131 131 130 130 130 130 132 132 132 132 122 122 122 122 122 122 122 122 132 132 132 132 35 35 35 35 132 132 132 132 25 25 25 25 35 35 35 35 132 132 132 132 32 32 32 32 25 25 25 25 133 133 133 133 130 130 130 130 131 131 131 131 133 133 133 133 132 132 132 132 130 130 130 130 131 131 131 131 106 106 106 106 133 133 133 133 133 133 133 133 32 32 32 32 132 132 132 132 106 106 106 106 102 102 102 102 133 133 133 133 32 32 32 32 133 133 133 133 102 102 102 102 134 134 134 134 135 135 135 135 136 136 136 136 137 137 137 137 134 134 134 134 136 136 136 136 137 137 137 137 136 136 136 136 138 138 138 138 134 134 134 134 137 137 137 137 139 139 139 139 140 140 140 140 134 134 134 134 139 139 139 139 141 141 141 141 137 137 137 137 138 138 138 138 141 141 141 141 138 138 138 138 142 142 142 142 139 139 139 139 137 137 137 137 143 143 143 143 137 137 137 137 141 141 141 141 143 143 143 143 139 139 139 139 144 144 144 144 140 140 140 140 144 144 144 144 145 145 145 145 140 140 140 140 139 139 139 139 143 143 143 143 146 146 146 146 144 144 144 144 139 139 139 139 146 146 146 146 144 144 144 144 147 147 147 147 145 145 145 145 147 147 147 147 148 148 148 148 145 145 145 145 144 144 144 144 146 146 146 146 149 149 149 149 147 147 147 147 144 144 144 144 149 149 149 149 147 147 147 147 150 150 150 150 148 148 148 148 150 150 150 150 151 151 151 151 148 148 148 148 147 147 147 147 149 149 149 149 152 152 152 152 150 150 150 150 147 147 147 147 152 152 152 152 153 153 153 153 149 149 149 149 146 146 146 146 149 149 149 149 153 153 153 153 152 152 152 152 150 150 150 150 154 154 154 154 151 151 151 151 154 154 154 154 155 155 155 155 151 151 151 151 150 150 150 150 152 152 152 152 156 156 156 156 154 154 154 154 150 150 150 150 156 156 156 156 154 154 154 154 157 157 157 157 155 155 155 155 157 157 157 157 158 158 158 158 155 155 155 155 159 159 159 159 157 157 157 157 154 154 154 154 156 156 156 156 159 159 159 159 154 154 154 154 157 157 157 157 160 160 160 160 158 158 158 158 157 157 157 157 159 159 159 159 160 160 160 160 160 160 160 160 161 161 161 161 158 158 158 158 161 161 161 161 160 160 160 160 162 162 162 162 152 152 152 152 163 163 163 163 156 156 156 156 153 153 153 153 163 163 163 163 152 152 152 152 160 160 160 160 164 164 164 164 162 162 162 162 162 162 162 162 164 164 164 164 165 165 165 165 163 163 163 163 166 166 166 166 156 156 156 156 159 159 159 159 156 156 156 156 166 166 166 166 164 164 164 164 167 167 167 167 165 165 165 165 168 168 168 168 165 165 165 165 167 167 167 167 164 164 164 164 160 160 160 160 169 169 169 169 159 159 159 159 169 169 169 169 160 160 160 160 164 164 164 164 170 170 170 170 167 167 167 167 170 170 170 170 164 164 164 164 169 169 169 169 171 171 171 171 168 168 168 168 167 167 167 167 172 172 172 172 168 168 168 168 171 171 171 171 170 170 170 170 173 173 173 173 167 167 167 167 171 171 171 171 167 167 167 167 173 173 173 173 174 174 174 174 172 172 172 172 171 171 171 171 175 175 175 175 172 172 172 172 174 174 174 174 176 176 176 176 171 171 171 171 173 173 173 173 174 174 174 174 171 171 171 171 176 176 176 176 177 177 177 177 175 175 175 175 174 174 174 174 178 178 178 178 175 175 175 175 177 177 177 177 179 179 179 179 174 174 174 174 176 176 176 176 177 177 177 177 174 174 174 174 179 179 179 179 180 180 180 180 178 178 178 178 177 177 177 177 181 181 181 181 178 178 178 178 180 180 180 180 182 182 182 182 177 177 177 177 179 179 179 179 177 177 177 177 182 182 182 182 180 180 180 180 183 183 183 183 181 181 181 181 184 184 184 184 181 181 181 181 185 185 185 185 184 184 184 184 185 185 185 185 181 181 181 181 180 180 180 180 184 184 184 184 185 185 185 185 186 186 186 186 185 185 185 185 180 180 180 180 187 187 187 187 182 182 182 182 187 187 187 187 180 180 180 180 185 185 185 185 188 188 188 188 186 186 186 186 188 188 188 188 185 185 185 185 187 187 187 187 186 186 186 186 188 188 188 188 189 189 189 189 190 190 190 190 186 186 186 186 189 189 189 189 188 188 188 188 187 187 187 187 191 191 191 191 189 189 189 189 188 188 188 188 191 191 191 191 189 189 189 189 192 192 192 192 190 190 190 190 192 192 192 192 189 189 189 189 191 191 191 191 192 192 192 192 193 193 193 193 190 190 190 190 194 194 194 194 191 191 191 191 187 187 187 187 182 182 182 182 194 194 194 194 187 187 187 187 195 195 195 195 192 192 192 192 191 191 191 191 195 195 195 195 191 191 191 191 194 194 194 194 192 192 192 192 196 196 196 196 193 193 193 193 196 196 196 196 192 192 192 192 195 195 195 195 196 196 196 196 197 197 197 197 193 193 193 193 194 194 194 194 182 182 182 182 198 198 198 198 182 182 182 182 179 179 179 179 198 198 198 198 179 179 179 179 176 176 176 176 198 198 198 198 197 197 197 197 196 196 196 196 199 199 199 199 200 200 200 200 197 197 197 197 199 199 199 199 201 201 201 201 200 200 200 200 199 199 199 199 196 196 196 196 202 202 202 202 199 199 199 199 202 202 202 202 196 196 196 196 195 195 195 195 203 203 203 203 201 201 201 201 199 199 199 199 201 201 201 201 203 203 203 203 204 204 204 204 202 202 202 202 205 205 205 205 199 199 199 199 203 203 203 203 199 199 199 199 205 205 205 205 195 195 195 195 206 206 206 206 202 202 202 202 206 206 206 206 195 195 195 195 194 194 194 194 206 206 206 206 194 194 194 194 198 198 198 198 206 206 206 206 207 207 207 207 202 202 202 202 202 202 202 202 207 207 207 207 205 205 205 205 208 208 208 208 206 206 206 206 198 198 198 198 206 206 206 206 208 208 208 208 207 207 207 207 176 176 176 176 209 209 209 209 198 198 198 198 208 208 208 208 198 198 198 198 209 209 209 209 176 176 176 176 173 173 173 173 209 209 209 209 208 208 208 208 210 210 210 210 207 207 207 207 173 173 173 173 211 211 211 211 209 209 209 209 211 211 211 211 173 173 173 173 170 170 170 170 212 212 212 212 208 208 208 208 209 209 209 209 212 212 212 212 209 209 209 209 211 211 211 211 208 208 208 208 212 212 212 212 210 210 210 210 213 213 213 213 211 211 211 211 170 170 170 170 213 213 213 213 170 170 170 170 169 169 169 169 214 214 214 214 212 212 212 212 211 211 211 211 213 213 213 213 214 214 214 214 211 211 211 211 212 212 212 212 215 215 215 215 210 210 210 210 212 212 212 212 214 214 214 214 215 215 215 215 207 207 207 207 210 210 210 210 216 216 216 216 207 207 207 207 216 216 216 216 205 205 205 205 210 210 210 210 215 215 215 215 217 217 217 217 210 210 210 210 217 217 217 217 216 216 216 216 218 218 218 218 205 205 205 205 216 216 216 216 218 218 218 218 203 203 203 203 205 205 205 205 219 219 219 219 216 216 216 216 217 217 217 217 219 219 219 219 218 218 218 218 216 216 216 216 220 220 220 220 203 203 203 203 218 218 218 218 203 203 203 203 220 220 220 220 204 204 204 204 221 221 221 221 204 204 204 204 220 220 220 220 222 222 222 222 220 220 220 220 218 218 218 218 218 218 218 218 219 219 219 219 222 222 222 222 223 223 223 223 221 221 221 221 220 220 220 220 223 223 223 223 220 220 220 220 222 222 222 222 221 221 221 221 223 223 223 223 224 224 224 224 225 225 225 225 221 221 221 221 224 224 224 224 226 226 226 226 223 223 223 223 222 222 222 222 224 224 224 224 227 227 227 227 225 225 225 225 227 227 227 227 228 228 228 228 225 225 225 225 229 229 229 229 228 228 228 228 227 227 227 227 224 224 224 224 223 223 223 223 230 230 230 230 223 223 223 223 226 226 226 226 230 230 230 230 231 231 231 231 229 229 229 229 227 227 227 227 229 229 229 229 231 231 231 231 142 142 142 142 227 227 227 227 224 224 224 224 232 232 232 232 224 224 224 224 230 230 230 230 232 232 232 232 231 231 231 231 233 233 233 233 142 142 142 142 233 233 233 233 141 141 141 141 142 142 142 142 234 234 234 234 231 231 231 231 227 227 227 227 232 232 232 232 234 234 234 234 227 227 227 227 235 235 235 235 233 233 233 233 231 231 231 231 233 233 233 233 235 235 235 235 141 141 141 141 234 234 234 234 235 235 235 235 231 231 231 231 235 235 235 235 143 143 143 143 141 141 141 141 235 235 235 235 236 236 236 236 143 143 143 143 235 235 235 235 234 234 234 234 236 236 236 236 236 236 236 236 146 146 146 146 143 143 143 143 236 236 236 236 153 153 153 153 146 146 146 146 234 234 234 234 237 237 237 237 236 236 236 236 237 237 237 237 234 234 234 234 232 232 232 232 238 238 238 238 153 153 153 153 236 236 236 236 237 237 237 237 238 238 238 238 236 236 236 236 153 153 153 153 238 238 238 238 163 163 163 163 239 239 239 239 237 237 237 237 232 232 232 232 237 237 237 237 239 239 239 239 238 238 238 238 238 238 238 238 240 240 240 240 163 163 163 163 163 163 163 163 240 240 240 240 166 166 166 166 239 239 239 239 241 241 241 241 238 238 238 238 238 238 238 238 241 241 241 241 240 240 240 240 239 239 239 239 232 232 232 232 242 242 242 242 232 232 232 232 230 230 230 230 242 242 242 242 241 241 241 241 239 239 239 239 243 243 243 243 239 239 239 239 242 242 242 242 243 243 243 243 241 241 241 241 244 244 244 244 240 240 240 240 244 244 244 244 241 241 241 241 243 243 243 243 245 245 245 245 242 242 242 242 230 230 230 230 226 226 226 226 245 245 245 245 230 230 230 230 246 246 246 246 243 243 243 243 242 242 242 242 245 245 245 245 246 246 246 246 242 242 242 242 245 245 245 245 226 226 226 226 247 247 247 247 226 226 226 226 222 222 222 222 247 247 247 247 219 219 219 219 247 247 247 247 222 222 222 222 245 245 245 245 247 247 247 247 248 248 248 248 246 246 246 246 245 245 245 245 248 248 248 248 219 219 219 219 249 249 249 249 247 247 247 247 249 249 249 249 248 248 248 248 247 247 247 247 249 249 249 249 219 219 219 219 217 217 217 217 249 249 249 249 217 217 217 217 250 250 250 250 215 215 215 215 250 250 250 250 217 217 217 217 249 249 249 249 251 251 251 251 248 248 248 248 251 251 251 251 249 249 249 249 250 250 250 250 215 215 215 215 252 252 252 252 250 250 250 250 214 214 214 214 252 252 252 252 215 215 215 215 251 251 251 251 250 250 250 250 253 253 253 253 252 252 252 252 253 253 253 253 250 250 250 250 254 254 254 254 252 252 252 252 214 214 214 214 253 253 253 253 252 252 252 252 254 254 254 254 254 254 254 254 214 214 214 214 213 213 213 213 255 255 255 255 251 251 251 251 253 253 253 253 254 254 254 254 255 255 255 255 253 253 253 253 251 251 251 251 256 256 256 256 248 248 248 248 251 251 251 251 255 255 255 255 256 256 256 256 246 246 246 246 248 248 248 248 256 256 256 256 254 254 254 254 213 213 213 213 257 257 257 257 257 257 257 257 213 213 213 213 169 169 169 169 258 258 258 258 255 255 255 255 254 254 254 254 258 258 258 258 254 254 254 254 257 257 257 257 255 255 255 255 259 259 259 259 256 256 256 256 259 259 259 259 255 255 255 255 258 258 258 258 259 259 259 259 260 260 260 260 256 256 256 256 258 258 258 258 260 260 260 260 259 259 259 259 261 261 261 261 246 246 246 246 256 256 256 256 260 260 260 260 261 261 261 261 256 256 256 256 246 246 246 246 261 261 261 261 262 262 262 262 243 243 243 243 246 246 246 246 262 262 262 262 262 262 262 262 244 244 244 244 243 243 243 243 261 261 261 261 260 260 260 260 263 263 263 263 262 262 262 262 261 261 261 261 263 263 263 263 264 264 264 264 260 260 260 260 258 258 258 258 263 263 263 263 260 260 260 260 264 264 264 264 258 258 258 258 257 257 257 257 264 264 264 264 263 263 263 263 265 265 265 265 262 262 262 262 265 265 265 265 244 244 244 244 262 262 262 262 265 265 265 265 263 263 263 263 264 264 264 264 244 244 244 244 265 265 265 265 266 266 266 266 266 266 266 266 265 265 265 265 264 264 264 264 240 240 240 240 244 244 244 244 266 266 266 266 240 240 240 240 266 266 266 266 166 166 166 166 266 266 266 266 264 264 264 264 267 267 267 267 266 266 266 266 267 267 267 267 166 166 166 166 257 257 257 257 267 267 267 267 264 264 264 264 267 267 267 267 257 257 257 257 169 169 169 169 267 267 267 267 159 159 159 159 166 166 166 166 159 159 159 159 267 267 267 267 169 169 169 169 268 268 268 268 269 269 269 269 270 270 270 270 269 269 269 269 271 271 271 271 270 270 270 270 272 272 272 272 269 269 269 269 268 268 268 268 273 273 273 273 272 272 272 272 268 268 268 268 271 271 271 271 269 269 269 269 274 274 274 274 275 275 275 275 271 271 271 271 274 274 274 274 272 272 272 272 276 276 276 276 269 269 269 269 276 276 276 276 274 274 274 274 269 269 269 269 272 272 272 272 273 273 273 273 277 277 277 277 273 273 273 273 278 278 278 278 277 277 277 277 276 276 276 276 272 272 272 272 279 279 279 279 272 272 272 272 277 277 277 277 279 279 279 279 277 277 277 277 278 278 278 278 280 280 280 280 278 278 278 278 281 281 281 281 280 280 280 280 279 279 279 279 277 277 277 277 282 282 282 282 277 277 277 277 280 280 280 280 282 282 282 282 280 280 280 280 281 281 281 281 283 283 283 283 281 281 281 281 284 284 284 284 283 283 283 283 282 282 282 282 280 280 280 280 285 285 285 285 280 280 280 280 283 283 283 283 285 285 285 285 286 286 286 286 283 283 283 283 284 284 284 284 287 287 287 287 286 286 286 286 284 284 284 284 288 288 288 288 285 285 285 285 283 283 283 283 286 286 286 286 288 288 288 288 283 283 283 283 286 286 286 286 287 287 287 287 289 289 289 289 287 287 287 287 290 290 290 290 289 289 289 289 290 290 290 290 291 291 291 291 289 289 289 289 286 286 286 286 289 289 289 289 292 292 292 292 288 288 288 288 286 286 286 286 292 292 292 292 291 291 291 291 293 293 293 293 289 289 289 289 292 292 292 292 289 289 289 289 293 293 293 293 293 293 293 293 291 291 291 291 294 294 294 294 295 295 295 295 293 293 293 293 294 294 294 294 295 295 295 295 294 294 294 294 296 296 296 296 297 297 297 297 292 292 292 292 293 293 293 293 297 297 297 297 293 293 293 293 295 295 295 295 298 298 298 298 295 295 295 295 296 296 296 296 296 296 296 296 299 299 299 299 298 298 298 298 300 300 300 300 297 297 297 297 295 295 295 295 300 300 300 300 295 295 295 295 298 298 298 298 299 299 299 299 301 301 301 301 298 298 298 298 299 299 299 299 302 302 302 302 301 301 301 301 302 302 302 302 303 303 303 303 301 301 301 301 298 298 298 298 301 301 301 301 304 304 304 304 304 304 304 304 300 300 300 300 298 298 298 298 301 301 301 301 303 303 303 303 305 305 305 305 301 301 301 301 305 305 305 305 304 304 304 304 303 303 303 303 306 306 306 306 305 305 305 305 305 305 305 305 306 306 306 306 307 307 307 307 308 308 308 308 305 305 305 305 307 307 307 307 304 304 304 304 305 305 305 305 308 308 308 308 307 307 307 307 309 309 309 309 308 308 308 308 304 304 304 304 310 310 310 310 300 300 300 300 310 310 310 310 304 304 304 304 308 308 308 308 309 309 309 309 311 311 311 311 308 308 308 308 310 310 310 310 308 308 308 308 311 311 311 311 309 309 309 309 312 312 312 312 311 311 311 311 310 310 310 310 313 313 313 313 300 300 300 300 300 300 300 300 313 313 313 313 297 297 297 297 314 314 314 314 310 310 310 310 311 311 311 311 310 310 310 310 314 314 314 314 313 313 313 313 312 312 312 312 315 315 315 315 311 311 311 311 314 314 314 314 311 311 311 311 315 315 315 315 312 312 312 312 316 316 316 316 315 315 315 315 314 314 314 314 317 317 317 317 313 313 313 313 313 313 313 313 318 318 318 318 297 297 297 297 318 318 318 318 313 313 313 313 317 317 317 317 297 297 297 297 318 318 318 318 292 292 292 292 319 319 319 319 317 317 317 317 314 314 314 314 319 319 319 319 314 314 314 314 315 315 315 315 320 320 320 320 318 318 318 318 317 317 317 317 320 320 320 320 317 317 317 317 319 319 319 319 318 318 318 318 321 321 321 321 292 292 292 292 318 318 318 318 320 320 320 320 321 321 321 321 288 288 288 288 292 292 292 292 321 321 321 321 322 322 322 322 320 320 320 320 319 319 319 319 319 319 319 319 315 315 315 315 322 322 322 322 320 320 320 320 323 323 323 323 321 321 321 321 323 323 323 323 320 320 320 320 322 322 322 322 324 324 324 324 288 288 288 288 321 321 321 321 324 324 324 324 321 321 321 321 323 323 323 323 288 288 288 288 324 324 324 324 285 285 285 285 315 315 315 315 325 325 325 325 322 322 322 322 316 316 316 316 325 325 325 325 315 315 315 315 322 322 322 322 325 325 325 325 326 326 326 326 326 326 326 326 323 323 323 323 322 322 322 322 325 325 325 325 316 316 316 316 327 327 327 327 325 325 325 325 327 327 327 327 326 326 326 326 316 316 316 316 328 328 328 328 327 327 327 327 328 328 328 328 329 329 329 329 327 327 327 327 326 326 326 326 330 330 330 330 323 323 323 323 326 326 326 326 327 327 327 327 330 330 330 330 329 329 329 329 331 331 331 331 327 327 327 327 327 327 327 327 331 331 331 331 330 330 330 330 329 329 329 329 332 332 332 332 331 331 331 331 332 332 332 332 333 333 333 333 331 331 331 331 330 330 330 330 331 331 331 331 333 333 333 333 332 332 332 332 334 334 334 334 333 333 333 333 330 330 330 330 335 335 335 335 323 323 323 323 335 335 335 335 324 324 324 324 323 323 323 323 336 336 336 336 330 330 330 330 333 333 333 333 330 330 330 330 336 336 336 336 335 335 335 335 334 334 334 334 337 337 337 337 333 333 333 333 336 336 336 336 333 333 333 333 337 337 337 337 335 335 335 335 338 338 338 338 324 324 324 324 336 336 336 336 338 338 338 338 335 335 335 335 338 338 338 338 339 339 339 339 324 324 324 324 324 324 324 324 339 339 339 339 285 285 285 285 285 285 285 285 339 339 339 339 282 282 282 282 336 336 336 336 340 340 340 340 338 338 338 338 340 340 340 340 336 336 336 336 337 337 337 337 338 338 338 338 341 341 341 341 339 339 339 339 340 340 340 340 341 341 341 341 338 338 338 338 339 339 339 339 342 342 342 342 282 282 282 282 341 341 341 341 342 342 342 342 339 339 339 339 282 282 282 282 342 342 342 342 279 279 279 279 340 340 340 340 343 343 343 343 341 341 341 341 340 340 340 340 337 337 337 337 343 343 343 343 341 341 341 341 344 344 344 344 342 342 342 342 343 343 343 343 344 344 344 344 341 341 341 341 342 342 342 342 345 345 345 345 279 279 279 279 344 344 344 344 345 345 345 345 342 342 342 342 279 279 279 279 345 345 345 345 276 276 276 276 344 344 344 344 343 343 343 343 346 346 346 346 345 345 345 345 344 344 344 344 346 346 346 346 337 337 337 337 347 347 347 347 343 343 343 343 343 343 343 343 347 347 347 347 346 346 346 346 337 337 337 337 334 334 334 334 347 347 347 347 334 334 334 334 348 348 348 348 347 347 347 347 345 345 345 345 349 349 349 349 276 276 276 276 349 349 349 349 345 345 345 345 346 346 346 346 276 276 276 276 349 349 349 349 274 274 274 274 347 347 347 347 350 350 350 350 346 346 346 346 350 350 350 350 347 347 347 347 348 348 348 348 349 349 349 349 346 346 346 346 350 350 350 350 351 351 351 351 350 350 350 350 348 348 348 348 349 349 349 349 352 352 352 352 274 274 274 274 352 352 352 352 349 349 349 349 350 350 350 350 352 352 352 352 350 350 350 350 351 351 351 351 275 275 275 275 274 274 274 274 352 352 352 352 353 353 353 353 352 352 352 352 351 351 351 351 353 353 353 353 275 275 275 275 352 352 352 352 354 354 354 354 355 355 355 355 356 356 356 356 355 355 355 355 357 357 357 357 356 356 356 356 355 355 355 355 354 354 354 354 358 358 358 358 354 354 354 354 359 359 359 359 358 358 358 358 355 355 355 355 360 360 360 360 357 357 357 357 360 360 360 360 361 361 361 361 357 357 357 357 355 355 355 355 358 358 358 358 362 362 362 362 360 360 360 360 355 355 355 355 362 362 362 362 358 358 358 358 359 359 359 359 363 363 363 363 359 359 359 359 364 364 364 364 363 363 363 363 363 363 363 363 364 364 364 364 365 365 365 365 358 358 358 358 363 363 363 363 366 366 366 366 362 362 362 362 358 358 358 358 366 366 366 366 367 367 367 367 363 363 363 363 365 365 365 365 363 363 363 363 367 367 367 367 366 366 366 366 367 367 367 367 365 365 365 365 368 368 368 368 366 366 366 366 369 369 369 369 362 362 362 362 370 370 370 370 367 367 367 367 368 368 368 368 367 367 367 367 371 371 371 371 366 366 366 366 367 367 367 367 370 370 370 370 371 371 371 371 369 369 369 369 366 366 366 366 371 371 371 371 370 370 370 370 368 368 368 368 372 372 372 372 369 369 369 369 373 373 373 373 362 362 362 362 360 360 360 360 362 362 362 362 373 373 373 373 374 374 374 374 369 369 369 369 371 371 371 371 375 375 375 375 360 360 360 360 373 373 373 373 361 361 361 361 360 360 360 360 375 375 375 375 376 376 376 376 361 361 361 361 375 375 375 375 369 369 369 369 377 377 377 377 373 373 373 373 369 369 369 369 374 374 374 374 377 377 377 377 375 375 375 375 373 373 373 373 378 378 378 378 377 377 377 377 378 378 378 378 373 373 373 373 376 376 376 376 375 375 375 375 379 379 379 379 379 379 379 379 375 375 375 375 378 378 378 378 380 380 380 380 376 376 376 376 379 379 379 379 377 377 377 377 381 381 381 381 378 378 378 378 380 380 380 380 379 379 379 379 382 382 382 382 383 383 383 383 380 380 380 380 382 382 382 382 379 379 379 379 378 378 378 378 384 384 384 384 382 382 382 382 379 379 379 379 384 384 384 384 381 381 381 381 384 384 384 384 378 378 378 378 383 383 383 383 382 382 382 382 385 385 385 385 386 386 386 386 383 383 383 383 385 385 385 385 382 382 382 382 384 384 384 384 387 387 387 387 385 385 385 385 382 382 382 382 387 387 387 387 385 385 385 385 388 388 388 388 386 386 386 386 388 388 388 388 389 389 389 389 386 386 386 386 389 389 389 389 388 388 388 388 390 390 390 390 388 388 388 388 385 385 385 385 391 391 391 391 385 385 385 385 387 387 387 387 391 391 391 391 388 388 388 388 392 392 392 392 390 390 390 390 392 392 392 392 388 388 388 388 391 391 391 391 393 393 393 393 390 390 390 390 392 392 392 392 394 394 394 394 393 393 393 393 392 392 392 392 393 393 393 393 394 394 394 394 395 395 395 395 396 396 396 396 392 392 392 392 391 391 391 391 394 394 394 394 392 392 392 392 396 396 396 396 394 394 394 394 397 397 397 397 395 395 395 395 395 395 395 395 397 397 397 397 398 398 398 398 399 399 399 399 394 394 394 394 396 396 396 396 394 394 394 394 399 399 399 399 397 397 397 397 397 397 397 397 400 400 400 400 398 398 398 398 398 398 398 398 400 400 400 400 401 401 401 401 400 400 400 400 402 402 402 402 401 401 401 401 400 400 400 400 397 397 397 397 403 403 403 403 399 399 399 399 403 403 403 403 397 397 397 397 400 400 400 400 404 404 404 404 402 402 402 402 404 404 404 404 400 400 400 400 403 403 403 403 404 404 404 404 405 405 405 405 402 402 402 402 405 405 405 405 404 404 404 404 406 406 406 406 404 404 404 404 407 407 407 407 406 406 406 406 404 404 404 404 403 403 403 403 407 407 407 407 406 406 406 406 407 407 407 407 408 408 408 408 409 409 409 409 403 403 403 403 399 399 399 399 403 403 403 403 409 409 409 409 407 407 407 407 407 407 407 407 410 410 410 410 408 408 408 408 410 410 410 410 407 407 407 407 409 409 409 409 408 408 408 408 410 410 410 410 411 411 411 411 412 412 412 412 409 409 409 409 399 399 399 399 412 412 412 412 399 399 399 399 396 396 396 396 413 413 413 413 410 410 410 410 409 409 409 409 413 413 413 413 409 409 409 409 412 412 412 412 410 410 410 410 414 414 414 414 411 411 411 411 410 410 410 410 413 413 413 413 414 414 414 414 415 415 415 415 411 411 411 411 414 414 414 414 416 416 416 416 413 413 413 413 412 412 412 412 417 417 417 417 412 412 412 412 396 396 396 396 412 412 412 412 417 417 417 417 416 416 416 416 417 417 417 417 396 396 396 396 391 391 391 391 418 418 418 418 413 413 413 413 416 416 416 416 413 413 413 413 418 418 418 418 414 414 414 414 417 417 417 417 419 419 419 419 416 416 416 416 416 416 416 416 419 419 419 419 418 418 418 418 420 420 420 420 417 417 417 417 391 391 391 391 419 419 419 419 417 417 417 417 420 420 420 420 420 420 420 420 391 391 391 391 387 387 387 387 419 419 419 419 421 421 421 421 418 418 418 418 414 414 414 414 418 418 418 418 421 421 421 421 422 422 422 422 419 419 419 419 420 420 420 420 419 419 419 419 422 422 422 422 421 421 421 421 423 423 423 423 420 420 420 420 387 387 387 387 422 422 422 422 420 420 420 420 423 423 423 423 423 423 423 423 387 387 387 387 384 384 384 384 381 381 381 381 423 423 423 423 384 384 384 384 424 424 424 424 414 414 414 414 421 421 421 421 424 424 424 424 415 415 415 415 414 414 414 414 424 424 424 424 421 421 421 421 425 425 425 425 422 422 422 422 425 425 425 425 421 421 421 421 424 424 424 424 426 426 426 426 415 415 415 415 426 426 426 426 424 424 424 424 425 425 425 425 426 426 426 426 427 427 427 427 415 415 415 415 427 427 427 427 426 426 426 426 428 428 428 428 425 425 425 425 422 422 422 422 429 429 429 429 426 426 426 426 425 425 425 425 429 429 429 429 426 426 426 426 430 430 430 430 428 428 428 428 430 430 430 430 426 426 426 426 429 429 429 429 431 431 431 431 428 428 428 428 430 430 430 430 432 432 432 432 431 431 431 431 430 430 430 430 432 432 432 432 430 430 430 430 429 429 429 429 431 431 431 431 432 432 432 432 372 372 372 372 422 422 422 422 433 433 433 433 429 429 429 429 433 433 433 433 422 422 422 422 423 423 423 423 434 434 434 434 432 432 432 432 429 429 429 429 434 434 434 434 429 429 429 429 433 433 433 433 432 432 432 432 435 435 435 435 372 372 372 372 435 435 435 435 432 432 432 432 434 434 434 434 435 435 435 435 370 370 370 370 372 372 372 372 436 436 436 436 433 433 433 433 423 423 423 423 436 436 436 436 434 434 434 434 433 433 433 433 381 381 381 381 436 436 436 436 423 423 423 423 437 437 437 437 435 435 435 435 434 434 434 434 434 434 434 434 436 436 436 436 437 437 437 437 438 438 438 438 370 370 370 370 435 435 435 435 437 437 437 437 438 438 438 438 435 435 435 435 370 370 370 370 438 438 438 438 371 371 371 371 374 374 374 374 371 371 371 371 438 438 438 438 436 436 436 436 439 439 439 439 437 437 437 437 438 438 438 438 437 437 437 437 439 439 439 439 436 436 436 436 381 381 381 381 439 439 439 439 374 374 374 374 438 438 438 438 439 439 439 439 381 381 381 381 377 377 377 377 439 439 439 439 374 374 374 374 439 439 439 439 377 377 377 377 </p>
        </triangles>
      </mesh>
    </geometry>
    <geometry id="Body__mEye-mesh" name="Body__mEye">
      <mesh>
        <source id="Body__mEye-position">
          <float_array id="Body__mEye-position-array" count="819">-3.784845 9.799066 1.392179 -3.678619 9.3612 1.358464 -3.429705 9.362046 1.967047 -3.53333 9.797324 2.028604 -3.805305 10.19645 1.397931 -3.127924 9.347107 2.424387 -3.549007 10.20062 2.038666 -3.735344 10.64854 1.393773 -3.220264 9.806245 2.514748 -2.794114 9.336757 2.802463 -3.475038 10.68317 2.004638 -3.627994 11.122 1.363663 -3.222321 10.21491 2.534305 -2.859081 9.810828 2.914996 -2.459582 9.329711 3.084326 -3.349162 11.17838 1.946583 -3.441287 11.63776 1.311167 -3.149975 10.73121 2.495006 -3.212886 11.68092 1.850801 -3.204475 12.14185 1.239924 -3.045631 11.23087 2.428763 -2.830022 10.23744 2.942886 -2.999587 12.1702 1.732677 -2.918507 12.58732 1.186535 -2.489926 9.795614 3.187329 -2.181123 9.316397 3.279639 -2.740709 12.59701 1.650553 -2.571836 12.93954 1.153509 -2.176841 9.788421 3.377104 -1.943765 9.310017 3.440244 -2.405682 12.9189 1.611275 -2.267333 13.1704 1.128778 -1.905558 9.783015 3.523602 -1.76074 9.313768 3.625525 -2.409522 10.23022 3.246072 -1.681665 9.769559 3.675978 -1.521551 9.37718 3.940385 -1.678666 10.19752 3.576716 -2.076072 10.22365 3.419464 -2.359642 10.45839 3.250859 -1.997375 10.59526 3.422072 -2.744783 10.80164 2.901083 -2.331179 10.85385 3.192986 -2.679748 11.29482 2.811268 -2.916077 11.72182 2.320275 -2.289463 11.34278 3.085181 -2.716401 12.18961 2.18769 -2.576046 11.75944 2.687802 -2.507408 12.5783 2.052927 -2.430167 12.19493 2.525424 -2.234456 12.87205 2.003823 -2.289656 12.55105 2.351265 -2.115381 13.13347 1.600674 -1.888154 13.37019 1.123071 -1.75068 13.31169 1.595963 -1.387804 13.54527 1.114524 -1.960273 13.05967 1.997319 -2.093154 12.79498 2.254045 -1.308047 13.46439 1.607513 -0.8670274 13.65621 1.112538 -1.625253 13.19894 2.025955 -1.844842 12.93651 2.283348 -1.968994 12.72378 2.45978 -2.02613 12.53482 2.619754 -1.788899 12.79885 2.510031 -1.776952 12.5546 2.746789 -2.117603 12.20609 2.784328 -1.547187 13.04502 2.359182 -1.504862 12.85679 2.614323 -1.239504 13.32884 2.063183 -1.176588 13.12505 2.434603 -0.8367375 13.56105 1.623183 -0.4124202 13.68111 1.112968 -0.8052798 13.40248 2.090252 -0.4062799 13.58968 1.638625 0 13.68511 1.113 -0.7701164 13.18963 2.480727 -0.3908982 13.42317 2.099328 0 13.60017 1.642944 0.4062799 13.58968 1.638625 0.4124202 13.68111 1.112968 0 13.42152 2.103328 0.8367375 13.56105 1.623183 0.8670274 13.65621 1.112538 0.3908982 13.42317 2.099328 0.8052798 13.40248 2.090252 1.308047 13.46439 1.607513 1.387804 13.54527 1.114524 1.239504 13.32884 2.063183 1.75068 13.31169 1.595963 1.888154 13.37019 1.123071 1.625253 13.19894 2.025955 2.115381 13.13347 1.600674 2.267333 13.1704 1.128778 1.960273 13.05967 1.997319 2.405682 12.9189 1.611275 2.571836 12.93954 1.153509 2.234456 12.87205 2.003823 2.740709 12.59701 1.650553 2.918507 12.58732 1.186535 2.507408 12.5783 2.052927 2.999587 12.1702 1.732677 3.204475 12.14185 1.239924 2.716401 12.18961 2.18769 2.289656 12.55105 2.351265 3.212886 11.68092 1.850801 3.441287 11.63776 1.311167 2.916077 11.72182 2.320275 3.349162 11.17838 1.946583 3.627994 11.122 1.363663 3.045631 11.23087 2.428763 3.475038 10.68317 2.004638 3.735344 10.64854 1.393773 3.149975 10.73121 2.495006 3.549007 10.20062 2.038666 3.805305 10.19645 1.397931 3.222321 10.21491 2.534305 3.53333 9.797324 2.028604 3.784845 9.799066 1.392179 3.429705 9.362046 1.967047 3.678619 9.3612 1.358464 3.127924 9.347107 2.424387 3.220264 9.806245 2.514748 2.794114 9.336757 2.802463 2.859081 9.810828 2.914996 2.459582 9.329711 3.084326 2.830022 10.23744 2.942886 2.489926 9.795614 3.187329 2.181123 9.316397 3.279639 2.744783 10.80164 2.901083 2.409522 10.23022 3.246072 2.176841 9.788421 3.377104 1.943765 9.310017 3.440244 2.359642 10.45839 3.250859 2.076072 10.22365 3.419464 1.905558 9.783015 3.523583 1.76074 9.313768 3.625525 1.678666 10.19752 3.576716 1.681665 9.769559 3.675978 1.521551 9.37718 3.940385 1.997375 10.59526 3.422072 1.437805 9.772394 3.946767 1.291191 9.46027 4.272313 1.217674 9.797905 4.248666 1.344792 10.15388 3.739236 1.195584 10.12345 3.963758 1.024557 10.10476 4.225788 1.434539 10.38899 3.634889 0.8558004 10.32126 3.979059 0.7597162 10.26201 4.221251 0.9595842 10.41337 3.779662 0.5604752 10.43566 3.993759 0.5033414 10.36638 4.224421 0.6085124 10.52902 3.801704 0.2559845 10.47478 4.000685 0.2345717 10.40392 4.22393 0.2760102 10.57098 3.815756 0 10.4879 4.004086 0 10.41713 4.223536 -0.2345717 10.40392 4.22393 0 10.58408 3.820544 -0.2559845 10.47478 4.000685 -0.5033414 10.36638 4.224421 -0.5604752 10.43566 3.993759 -0.7597162 10.26201 4.221251 -0.2760102 10.57098 3.815756 -0.8558004 10.32126 3.979059 -1.024557 10.10476 4.225788 -0.6085124 10.52902 3.801704 -1.195584 10.12345 3.963758 -1.217674 9.797905 4.248666 -0.9595842 10.41337 3.779662 -1.437805 9.772394 3.946778 -1.291191 9.46027 4.272313 -1.344792 10.15388 3.739236 -1.434539 10.38899 3.634889 -1.01956 10.56421 3.703772 -1.52632 10.72272 3.559877 -0.6383014 10.65403 3.731858 -1.057024 10.80124 3.658826 -1.94193 10.93164 3.376029 -1.519855 11.01864 3.51098 -1.900782 11.3821 3.265176 -2.229258 11.80231 2.953957 -1.852431 11.82498 3.13765 -1.513506 11.42116 3.415037 -1.804955 12.22304 2.955741 -1.485419 12.58505 2.878639 -1.494469 12.23934 3.084426 -1.505296 11.84038 3.280863 -1.13983 12.92435 2.695498 -1.127778 12.62018 2.966806 -1.111144 12.25983 3.195315 -0.7487611 12.96261 2.743573 -1.093882 11.86139 3.392231 -0.7346814 12.6402 3.015645 -0.7115681 12.26742 3.273646 -0.3695687 13.21369 2.487369 -0.3565732 12.97957 2.762371 0 13.21254 2.487757 -0.3444219 12.64658 3.050567 0 12.97988 2.764023 0.3695687 13.21369 2.487369 0.3565732 12.97957 2.762371 0.7701164 13.18963 2.480727 0.7487611 12.96261 2.743573 1.176588 13.12505 2.434603 1.13983 12.92435 2.695498 1.547187 13.04502 2.359182 1.504862 12.85679 2.614323 1.844842 12.93651 2.283348 1.788899 12.79885 2.510031 2.093154 12.79498 2.254045 1.968994 12.72378 2.45978 2.02613 12.53482 2.619754 1.776952 12.5546 2.746789 2.430167 12.19493 2.525424 2.117603 12.20609 2.784331 1.485419 12.58505 2.878639 1.804955 12.22304 2.955732 1.127778 12.62018 2.966806 1.494469 12.23934 3.084426 1.852431 11.82498 3.13765 0.7346814 12.6402 3.015645 1.111144 12.25983 3.195315 1.505296 11.84038 3.280852 0.3444219 12.64658 3.050567 0.7115681 12.26742 3.273646 1.093882 11.86139 3.392231 0 12.64802 3.059957 0.3338344 12.27522 3.31129 -0.3338344 12.27522 3.31129 0 12.26668 3.321597 0.6909138 11.87024 3.467665 -0.6909138 11.87024 3.467665 -0.3145377 11.87024 3.507712 -1.085935 11.4541 3.51875 -0.6804025 11.4863 3.579968 -1.084024 11.08761 3.605937 -0.6699802 11.13655 3.649313 -0.6480668 10.86311 3.689043 -0.3089328 11.16088 3.661717 -0.287556 10.69045 3.748193 -0.3022563 10.89355 3.707136 0 10.70349 3.757224 0 10.90651 3.720793 -0.3139137 11.5026 3.59819 0 11.17115 3.673719 0 11.50938 3.608586 0 11.87024 3.515701 0.3139137 11.5026 3.59819 0.3145377 11.87024 3.507712 0.3089328 11.16088 3.661717 0.6804025 11.4863 3.579968 1.085935 11.4541 3.51875 0.6699802 11.13655 3.649313 0.3022563 10.89355 3.707136 1.513506 11.42116 3.415037 0.287556 10.69045 3.748193 0.6480668 10.86311 3.689043 0.6383014 10.65403 3.73186 1.084024 11.08761 3.605937 1.057024 10.80124 3.658826 1.01956 10.56421 3.703772 1.519855 11.01864 3.51098 1.52632 10.72272 3.559877 1.900782 11.3821 3.265176 1.94193 10.93164 3.376029 2.229258 11.80231 2.953957 2.289463 11.34278 3.085181 2.331179 10.85385 3.192986 2.576046 11.75944 2.687802 2.679748 11.29482 2.811268</float_array>
          <technique_common>
            <accessor source="#Body__mEye-position-array" count="273" stride="3">
              <param name="X" type="float" />
              <param name="Y" type="float" />
              <param name="Z" type="float" />
            </accessor>
          </technique_common>
        </source>
        <source id="Body__mEye-normal">
          <float_array id="Body__mEye-normal-array" count="819">-0.9432485 -0.1585127 0.2896282 -0.9021527 -0.332681 0.2759295 -0.8375734 -0.3385518 0.4285714 -0.8786693 -0.1585127 0.4481409 -0.9530333 0.05283757 0.2994129 -0.7514677 -0.3424658 0.5655577 -0.888454 0.0665362 0.4559687 -0.9315069 0.1937378 0.3072407 -0.7827789 -0.1506849 0.6027398 -0.6594912 -0.3365949 0.6712329 -0.8688846 0.2054795 0.4500979 -0.9080235 0.2915851 0.2994129 -0.7827789 0.07827789 0.6164383 -0.6751468 -0.1330724 0.7260274 -0.5753425 -0.3268102 0.7495108 -0.853229 0.2876712 0.4344423 -0.8786693 0.3894325 0.2739726 -0.7749511 0.1976517 0.6007828 -0.8297456 0.3835616 0.4050881 -0.8375734 0.4911937 0.2426614 -0.7729941 0.2798434 0.5694716 -0.667319 0.08023483 0.739726 -0.7886497 0.4872798 0.3737769 -0.7573385 0.6183953 0.2113503 -0.5675147 -0.111546 0.816047 -0.5459883 -0.3052838 0.7808219 -0.7162427 0.6105675 0.3385518 -0.6457925 0.739726 0.1878669 -0.5029354 -0.08414873 0.8590998 -0.6164383 -0.2544031 0.7455969 -0.6125244 0.7318982 0.3013699 -0.5225049 0.8356164 0.1702544 -0.555773 -0.003913894 0.8317025 -0.739726 -0.1722113 0.6497065 -0.5303327 0.02739726 0.8473581 -0.6849315 0.1643836 0.7103718 -0.8023483 -0.08219178 0.592955 -0.3679061 0.1232877 0.9217221 -0.407045 0.05283757 0.9119374 -0.5322896 0.1389433 0.8356164 -0.3855186 0.1350294 0.9138943 -0.6555773 0.1878669 0.7318982 -0.5283757 0.1976517 0.8258317 -0.6555773 0.2700587 0.704501 -0.7534246 0.3855186 0.5322896 -0.516634 0.2661448 0.81409 -0.7181996 0.4872798 0.4990215 -0.6477495 0.3796478 0.6594912 -0.6653621 0.592955 0.4540117 -0.630137 0.479452 0.6105675 -0.5714286 0.7084149 0.4129159 -0.6027398 0.5675147 0.5596869 -0.4872798 0.8277887 0.2778865 -0.3894325 0.9060665 0.1604697 -0.3659491 0.8923679 0.2622309 -0.2661448 0.9510763 0.1526419 -0.4481409 0.8023483 0.3933464 -0.5244619 0.6771037 0.516634 -0.258317 0.9334638 0.2524462 -0.1409002 0.9784736 0.146771 -0.3483366 0.853229 0.3894325 -0.4187867 0.7495108 0.5107632 -0.4774951 0.6614481 0.5772994 -0.5048923 0.5518591 0.6634051 -0.3992172 0.6810176 0.6144814 -0.3972603 0.5596869 0.7279844 -0.5127202 0.4696673 0.7181996 -0.3307241 0.7827789 0.5264188 -0.3150685 0.6888454 0.6536204 -0.2446184 0.8864971 0.3933464 -0.2289628 0.8062623 0.5459883 -0.1330724 0.9589041 0.2504892 -0.04305284 0.9882583 0.148728 -0.1252446 0.9080235 0.4011742 -0.04109589 0.9667319 0.2544031 0 0.9882583 0.1506849 -0.1174168 0.8219178 0.55773 -0.03522505 0.9138943 0.4050881 0 0.9667319 0.2544031 0.04109589 0.9667319 0.2544031 0.04305284 0.9882583 0.148728 0 0.9119374 0.4109589 0.1330724 0.9589041 0.2504892 0.1409002 0.9784736 0.146771 0.03522505 0.9138943 0.4050881 0.1252446 0.9080235 0.4011742 0.258317 0.9334638 0.2524462 0.2661448 0.9510763 0.1526419 0.2446184 0.8864971 0.3933464 0.3659491 0.8923679 0.2622309 0.3894325 0.9060665 0.1604697 0.3483366 0.853229 0.3894325 0.4872798 0.8277887 0.2778865 0.5225049 0.8356164 0.1702544 0.4481409 0.8023483 0.3933464 0.6125244 0.7318982 0.3013699 0.6457925 0.739726 0.1878669 0.5714286 0.7084149 0.4129159 0.7162427 0.6105675 0.3385518 0.7573385 0.6183953 0.2113503 0.6653621 0.592955 0.4540117 0.7886497 0.4872798 0.3737769 0.8375734 0.4911937 0.2426614 0.7181996 0.4872798 0.4990215 0.6027398 0.5675147 0.5596869 0.8297456 0.3835616 0.4050881 0.8786693 0.3894325 0.2739726 0.7534246 0.3855186 0.5322896 0.853229 0.2876712 0.4344423 0.9080235 0.2915851 0.2994129 0.7729941 0.2798434 0.5694716 0.8688846 0.2054795 0.4500979 0.9315069 0.1937378 0.3072407 0.7749511 0.1976517 0.6007828 0.888454 0.0665362 0.4559687 0.9530333 0.05283757 0.2994129 0.7827789 0.07827789 0.6164383 0.8786693 -0.1585127 0.4481409 0.9432485 -0.1585127 0.2896282 0.8375734 -0.3385518 0.4285714 0.9021527 -0.332681 0.2759295 0.7514677 -0.3424658 0.5655577 0.7827789 -0.1506849 0.6027398 0.6594912 -0.3365949 0.6712329 0.6751468 -0.1330724 0.7260274 0.5753425 -0.3268102 0.7495108 0.667319 0.08023483 0.739726 0.5675147 -0.111546 0.816047 0.5459883 -0.3052838 0.7808219 0.6555773 0.1878669 0.7318982 0.5303327 0.02739726 0.8473581 0.5029354 -0.08414873 0.8590998 0.6164383 -0.2544031 0.7455969 0.5322896 0.1389433 0.8356164 0.407045 0.05283757 0.9119374 0.555773 -0.003913894 0.8317025 0.739726 -0.1722113 0.6497065 0.3679061 0.1232877 0.9217221 0.6849315 0.1643836 0.7103718 0.8023483 -0.08219178 0.592955 0.3855186 0.1350294 0.9138943 0.7612525 0.3052838 0.5733855 0.8336595 -0.01565558 0.5518591 0.7945206 0.3522505 0.4951076 0.5283757 0.4500979 0.7201566 0.6203523 0.6007828 0.5048923 0.6418787 0.6457925 0.4129159 0.2837573 0.2054795 0.9373777 0.4187867 0.7945206 0.4383562 0.4266145 0.8454012 0.3170255 0.3561644 0.5733855 0.7377691 0.2407045 0.8767123 0.4148728 0.2524462 0.9236791 0.2857143 0.2015656 0.6888454 0.6966732 0.09393346 0.9158513 0.3874756 0.0998043 0.960861 0.260274 0.08806262 0.7436399 0.6634051 0 0.9217221 0.3874756 0 0.9667319 0.2544031 -0.0998043 0.960861 0.260274 0 0.7475538 0.6653621 -0.09393346 0.9158513 0.3874756 -0.2524462 0.9236791 0.2857143 -0.2407045 0.8767123 0.4148728 -0.4266145 0.8454012 0.3170255 -0.08806262 0.7436399 0.6634051 -0.4187867 0.7945206 0.4383562 -0.6418787 0.6457925 0.4129159 -0.2015656 0.6888454 0.6966732 -0.6203523 0.6007828 0.5048923 -0.7945206 0.3522505 0.4951076 -0.3561644 0.5733855 0.7377691 -0.7612525 0.3052838 0.5733855 -0.8336595 -0.01565558 0.5518591 -0.5283757 0.4500979 0.7201566 -0.2837573 0.2054795 0.9373777 -0.2113503 0.2367906 0.9491194 -0.2837573 0.146771 0.9471624 -0.111546 0.2857143 0.9510763 -0.1780822 0.1604697 0.9706458 -0.3953033 0.2113503 0.8943248 -0.2935421 0.2035225 0.9334638 -0.4011742 0.2661448 0.8767123 -0.516634 0.369863 0.7729941 -0.4011742 0.3561644 0.8434442 -0.3072407 0.2622309 0.9138943 -0.4011742 0.4598826 0.7925636 -0.3111546 0.5714286 0.7612525 -0.3111546 0.4598826 0.8317025 -0.3131115 0.3561644 0.8806262 -0.2074364 0.6966732 0.6849315 -0.1996086 0.5851272 0.7866927 -0.2133072 0.4755382 0.853229 -0.109589 0.6986302 0.7084149 -0.2191781 0.3581213 0.9080235 -0.1135029 0.6007828 0.7925636 -0.1291585 0.4931507 0.8610567 -0.03131115 0.8317025 0.555773 -0.03913894 0.704501 0.7103718 0 0.8317025 0.553816 -0.04892368 0.6105675 0.7906067 0 0.7084149 0.704501 0.03131115 0.8317025 0.555773 0.03913894 0.704501 0.7103718 0.1174168 0.8219178 0.55773 0.109589 0.6986302 0.7084149 0.2289628 0.8062623 0.5459883 0.2074364 0.6966732 0.6849315 0.3307241 0.7827789 0.5264188 0.3150685 0.6888454 0.6536204 0.4187867 0.7495108 0.5107632 0.3992172 0.6810176 0.6144814 0.5244619 0.6771037 0.516634 0.4774951 0.6614481 0.5772994 0.5048923 0.5518591 0.6634051 0.3972603 0.5596869 0.7279844 0.630137 0.479452 0.6105675 0.5127202 0.4696673 0.7181996 0.3111546 0.5714286 0.7612525 0.4011742 0.4598826 0.7925636 0.1996086 0.5851272 0.7866927 0.3111546 0.4598826 0.8317025 0.4011742 0.3561644 0.8434442 0.1135029 0.6007828 0.7925636 0.2133072 0.4755382 0.853229 0.3131115 0.3561644 0.8806262 0.04892368 0.6105675 0.7906067 0.1291585 0.4931507 0.8610567 0.2191781 0.3581213 0.9080235 0 0.6164383 0.7886497 0.05870841 0.5048923 0.8610567 -0.05870841 0.5048923 0.8610567 0 0.5068493 0.8630137 0.1350294 0.3561644 0.925636 -0.1350294 0.3561644 0.925636 -0.05870841 0.3522505 0.9334638 -0.2074364 0.2544031 0.9452055 -0.1174168 0.2367906 0.964775 -0.1898239 0.1917808 0.962818 -0.09589041 0.1800391 0.9784736 -0.08610567 0.1682975 0.9823875 -0.04892368 0.1761252 0.9823875 -0.06457926 0.3052838 0.9510763 -0.05479452 0.1741683 0.9843444 0 0.2994129 0.9549902 0 0.1761252 0.9843444 -0.05283757 0.221135 0.9745597 0 0.1800391 0.9843444 0 0.2172211 0.9765166 0 0.3522505 0.9354208 0.05283757 0.221135 0.9745597 0.05870841 0.3522505 0.9334638 0.04892368 0.1761252 0.9823875 0.1174168 0.2367906 0.964775 0.2074364 0.2544031 0.9452055 0.09589041 0.1800391 0.9784736 0.05479452 0.1741683 0.9843444 0.3072407 0.2622309 0.9138943 0.06457926 0.3052838 0.9510763 0.08610567 0.1682975 0.9823875 0.111546 0.2857143 0.9510763 0.1898239 0.1917808 0.962818 0.1780822 0.1604697 0.9706458 0.2113503 0.2367906 0.9491194 0.2935421 0.2035225 0.9334638 0.2837573 0.146771 0.9471624 0.4011742 0.2661448 0.8767123 0.3953033 0.2113503 0.8943248 0.516634 0.369863 0.7729941 0.516634 0.2661448 0.81409 0.5283757 0.1976517 0.8258317 0.6477495 0.3796478 0.6594912 0.6555773 0.2700587 0.704501</float_array>
          <technique_common>
            <accessor source="#Body__mEye-normal-array" count="273" stride="3">
              <param name="X" type="float" />
              <param name="Y" type="float" />
              <param name="Z" type="float" />
            </accessor>
          </technique_common>
        </source>
        <source id="Body__mEye-color">
          <float_array id="Body__mEye-color-array" count="1092">0 0 0 0 0 0 0 0 0 0 0 0 0 0 0 0 0 0 0 0 0 0 0 0 0 0 0 0 0 0 0 0 0 0 0 0 0 0 0 0 0 0 0 0 0 0 0 0 0 0 0 0 0 0 0 0 0 0 0 0 0 0 0 0 0 0 0 0 0 0 0 0 0 0 0 0 0 0 0 0 0 0 0 0 0 0 0 0 0 0 0 0 0 0 0 0 0 0 0 0 0 0 0 0 0 0 0 0 0 0 0 0 0 0 0 0 0 0 0 0 0 0 0 0 0 0 0 0 0 0 0 0 0 0 0 0 0 0 0 0 0 0 0 0 0 0 0 0 0 0 0 0 0 0 0 0 0 0 0 0 0 0 0 0 0 0 0 0 0 0 0 0 0 0 0 0 0 0 0 0 0 0 0 0 0 0 0 0 0 0 0 0 0 0 0 0 0 0 0 0 0 0 0 0 0 0 0 0 0 0 0 0 0 0 0 0 0 0 0 0 0 0 0 0 0 0 0 0 0 0 0 0 0 0 0 0 0 0 0 0 0 0 0 0 0 0 0 0 0 0 0 0 0 0 0 0 0 0 0 0 0 0 0 0 0 0 0 0 0 0 0 0 0 0 0 0 0 0 0 0 0 0 0 0 0 0 0 0 0 0 0 0 0 0 0 0 0 0 0 0 0 0 0 0 0 0 0 0 0 0 0 0 0 0 0 0 0 0 0 0 0 0 0 0 0 0 0 0 0 0 0 0 0 0 0 0 0 0 0 0 0 0 0 0 0 0 0 0 0 0 0 0 0 0 0 0 0 0 0 0 0 0 0 0 0 0 0 0 0 0 0 0 0 0 0 0 0 0 0 0 0 0 0 0 0 0 0 0 0 0 0 0 0 0 0 0 0 0 0 0 0 0 0 0 0 0 0 0 0 0 0 0 0 0 0 0 0 0 0 0 0 0 0 0 0 0 0 0 0 0 0 0 0 0 0 0 0 0 0 0 0 0 0 0 0 0 0 0 0 0 0 0 0 0 0 0 0 0 0 0 0 0 0 0 0 0 0 0 0 0 0 0 0 0 0 0 0 0 0 0 0 0 0 0 0 0 0 0 0 0 0 0 0 0 0 0 0 0 0 0 0 0 0 0 0 0 0 0 0 0 0 0 0 0 0 0 0 0 0 0 0 0 0 0 0 0 0 0 0 0 0 0 0 0 0 0 0 0 0 0 0 0 0 0 0 0 0 0 0 0 0 0 0 0 0 0 0 0 0 0 0 0 0 0 0 0 0 0 0 0 0 0 0 0 0 0 0 0 0 0 0 0 0 0 0 0 0 0 0 0 0 0 0 0 0 0 0 0 0 0 0 0 0 0 0 0 0 0 0 0 0 0 0 0 0 0 0 0 0 0 0 0 0 0 0 0 0 0 0 0 0 0 0 0 0 0 0 0 0 0 0 0 0 0 0 0 0 0 0 0 0 0 0 0 0 0 0 0 0 0 0 0 0 0 0 0 0 0 0 0 0 0 0 0 0 0 0 0 0 0 0 0 0 0 0 0 0 0 0 0 0 0 0 0 0 0 0 0 0 0 0 0 0 0 0 0 0 0 0 0 0 0 0 0 0 0 0 0 0 0 0 0 0 0 0 0 0 0 0 0 0 0 0 0 0 0 0 0 0 0 0 0 0 0 0 0 0 0 0 0 0 0 0 0 0 0 0 0 0 0 0 0 0 0 0 0 0 0 0 0 0 0 0 0 0 0 0 0 0 0 0 0 0 0 0 0 0 0 0 0 0 0 0 0 0 0 0 0 0 0 0 0 0 0 0 0 0 0 0 0 0 0 0 0 0 0 0 0 0 0 0 0 0 0 0 0 0 0 0 0 0 0 0 0 0 0 0 0 0 0 0 0 0 0 0 0 0 0 0 0 0 0 0 0 0 0 0 0 0 0 0 0 0 0 0 0 0 0 0 0 0 0 0 0 0 0 0 0 0 0 0 0 0 0 0 0 0 0 0 0 0 0 0 0 0 0 0 0 0 0 0 0 0 0 0 0 0 0 0 0 0 0 0 0 0 0 0 0 0 0 0 0 0 0 0 0 0 0 0 0 0 0 0 0 0 0 0 0 0 0 0 0 0 0 0 0 0 0 0 0 0 0 0 0 0 0 0 0 0 0 0 0 0 0 0 0 0 0 0 0 0 0 0 0 0 0 0 0 0 0 0 0 0 0 0 0 0 0 0 0 0 0 0 0 0 0 0 0 0 0 0 0 0 0 0 0 0 0 0 0 0 0 0 0 0 0 0 0 0 0 0 0 0 0 0 0 0 0 0 0 0 0 0 0 0 0 0 0 0 0 0 0 0 0 0 0 0 0 0 0 0 0 0 0 0 0 0 0 0 0 0 0 0 0 0 0 0 0 0 0 0 0 0 0 0 0 0 0 0 0 0 0 0 0 0 0 0 0 0 0 0 0</float_array>
          <technique_common>
            <accessor source="#Body__mEye-color-array" count="273" stride="4">
              <param name="R" type="float" />
              <param name="G" type="float" />
              <param name="B" type="float" />
              <param name="A" type="float" />
            </accessor>
          </technique_common>
        </source>
        <source id="Body__mEye-texcoord">
          <float_array id="Body__mEye-texcoord-array" count="546">0.05410849 0.1413596 0.05094988 0.06033415 0.1102007 0.04403752 0.1150225 0.1254139 0.05984588 0.2154879 0.1611963 0.03384453 0.1215229 0.1992218 0.07183947 0.2988174 0.1670558 0.1165332 0.207187 0.02668804 0.1317464 0.2879835 0.08554208 0.3851225 0.1739071 0.1899901 0.2137026 0.1098802 0.2453651 0.01841766 0.1445029 0.3801785 0.1066606 0.4898298 0.1837644 0.2822156 0.1580835 0.4774853 0.1320973 0.6016785 0.1956512 0.373251 0.2230411 0.1843442 0.1784695 0.5814298 0.1641108 0.7110552 0.2535897 0.1016556 0.2745556 0.01371789 0.2036622 0.6753796 0.2065309 0.8056763 0.2841688 0.09532309 0.2972305 0.01176471 0.2418708 0.752636 0.2435798 0.8662852 0.3094072 0.09022659 0.3174029 0.009674191 0.2679179 0.1747158 0.3327687 0.08215457 0.3446097 0.004898131 0.3363851 0.1579309 0.3001145 0.1676051 0.2740978 0.2132296 0.3110399 0.2304112 0.2344854 0.2816663 0.2805066 0.2843977 0.2447242 0.3677577 0.2078126 0.4647745 0.2868391 0.3665675 0.225864 0.5578241 0.2545663 0.4529641 0.2437934 0.6403143 0.2653849 0.5399405 0.2733043 0.7033646 0.275639 0.6149234 0.2753033 0.8018005 0.2877851 0.9128557 0.3146868 0.8377813 0.3438773 0.9565423 0.3024643 0.7419242 0.2935988 0.6684062 0.3622186 0.8690623 0.4001068 0.9833066 0.3374075 0.7660029 0.3194324 0.6927291 0.3105364 0.6393225 0.3080644 0.5941253 0.329305 0.6492103 0.3337911 0.5904326 0.3016708 0.5278248 0.3507439 0.7059891 0.3582818 0.6526131 0.3779507 0.7869383 0.3879759 0.7149615 0.4117342 0.8880751 0.4496681 0.992401 0.4214237 0.8004883 0.4571298 0.8940261 0.5000992 0.9963378 0.4272374 0.7233844 0.4619364 0.8078126 0.5003586 0.8964065 0.5436026 0.8944228 0.5509117 0.9940032 0.5002975 0.8091096 0.5891203 0.888716 0.601175 0.9845579 0.5386435 0.8080568 0.5791104 0.8009613 0.638941 0.8692759 0.658259 0.9565576 0.6226444 0.7873198 0.686305 0.8369879 0.7140154 0.911162 0.6631113 0.7659266 0.7253681 0.8003967 0.7575799 0.8642862 0.6979477 0.7414664 0.7581445 0.7521019 0.7937743 0.8046998 0.726833 0.7031815 0.7957428 0.6767682 0.8355078 0.7136186 0.7560388 0.6411078 0.8214389 0.5831083 0.8683757 0.6059358 0.7741817 0.5588769 0.7244373 0.6152285 0.8423591 0.479942 0.8939803 0.4935073 0.7924468 0.4659953 0.8556649 0.3819638 0.9145952 0.3879454 0.8048218 0.3742733 0.8682994 0.2888991 0.9281453 0.2991379 0.8162814 0.2829175 0.8783093 0.1990997 0.93991 0.2141299 0.8259403 0.1902648 0.8845502 0.1246052 0.945449 0.1391623 0.889189 0.04240483 0.948394 0.05751127 0.8383154 0.03298998 0.832578 0.1164111 0.7925383 0.02624553 0.7860227 0.1096971 0.7542687 0.01811248 0.7768521 0.1846341 0.7461509 0.1015793 0.7249867 0.0138247 0.7654688 0.282124 0.7319905 0.1749447 0.7154345 0.0954299 0.7024338 0.01211566 0.7258564 0.2135195 0.6998093 0.1678187 0.6903792 0.09045547 0.6825818 0.01051348 0.6635386 0.1580834 0.6674754 0.08371097 0.6555734 0.006149411 0.6889296 0.2306706 0.6412451 0.07057297 0.6254826 0.001296997 0.6142824 0.05433738 0.6345464 0.1459067 0.6135805 0.1254749 0.5945373 0.09897 0.6390479 0.1884031 0.5822843 0.1555657 0.5698634 0.1228809 0.5945678 0.1879148 0.5536126 0.1730068 0.545922 0.1378042 0.5597314 0.2066987 0.5245136 0.1809109 0.5214007 0.1441215 0.5270771 0.2137942 0.4999924 0.18262 0.4999924 0.1459067 0.4785687 0.1441215 0.5000076 0.2156252 0.4754864 0.1809109 0.4540627 0.1378042 0.4463722 0.1729915 0.430106 0.1228961 0.4729229 0.2137789 0.4176852 0.15552 0.4054017 0.09897 0.4402685 0.2066682 0.3863432 0.1254139 0.3856107 0.05429161 0.405417 0.1878538 0.3586175 0.07046616 0.3743801 0.001235962 0.3653925 0.1457847 0.3609064 0.1882658 0.4010071 0.2158083 0.3556725 0.2463569 0.437995 0.2297551 0.3996185 0.2563058 0.3196002 0.2908674 0.3586175 0.29691 0.3248951 0.365362 0.2936293 0.4480659 0.329427 0.4445106 0.3613794 0.3664454 0.3332876 0.5218738 0.3631342 0.5876249 0.3637293 0.5175555 0.3625849 0.4409857 0.3939727 0.6595255 0.3969329 0.5894255 0.3993438 0.5159075 0.4306706 0.6644083 0.401297 0.4402533 0.4329595 0.5919127 0.435996 0.5139544 0.4650339 0.73019 0.4669108 0.6686351 0.5002365 0.731487 0.4686656 0.5924315 0.500206 0.6694896 0.5354391 0.730312 0.5334859 0.6687266 0.5732204 0.7235981 0.5696956 0.6645609 0.6124361 0.7151751 0.6063477 0.6597086 0.6496071 0.7060807 0.6419928 0.6527199 0.6808575 0.6926528 0.6709087 0.6492714 0.7065538 0.6683909 0.6896315 0.6394141 0.6920729 0.5942931 0.666392 0.5905699 0.7346914 0.540444 0.6984512 0.5281147 0.6370794 0.5877622 0.6668498 0.5220722 0.6033112 0.5895628 0.6364385 0.5177233 0.6706951 0.44477 0.5673152 0.5920348 0.6008393 0.5160449 0.6375372 0.4411841 0.5316396 0.5925078 0.5642023 0.514046 0.5988403 0.4403906 0.500145 0.5922484 0.5300984 0.5138018 0.4701152 0.5137408 0.5001144 0.5121385 0.5621881 0.4385443 0.4379492 0.438468 0.4718547 0.4368505 0.4009003 0.3678645 0.438117 0.3707332 0.3991607 0.3050126 0.4378119 0.3109179 0.4383917 0.2649577 0.4713664 0.3146716 0.4720989 0.235523 0.4712596 0.2696727 0.5000076 0.2374609 0.5000229 0.2713512 0.4714122 0.3728847 0.5000381 0.3159838 0.5000534 0.3738308 0.5000839 0.4366369 0.5286946 0.3729152 0.5283131 0.4368963 0.5286946 0.3147021 0.5619898 0.3708095 0.5991912 0.3680018 0.5622644 0.3109789 0.5287709 0.2697032 0.6387122 0.3666438 0.5279164 0.2355382 0.5616388 0.2650187 0.562005 0.2298009 0.600885 0.3051347 0.6003968 0.2564126 0.5989929 0.2158999 0.641413 0.2970932 0.6443275 0.24654 0.6751965 0.3656367 0.6804303 0.2911269 0.7064927 0.4484474 0.7132525 0.3669642 0.7195239 0.2847639 0.74551 0.4534981 0.7553979 0.368246</float_array>
          <technique_common>
            <accessor source="#Body__mEye-texcoord-array" count="273" stride="2">
              <param name="S" type="float" />
              <param name="T" type="float" />
            </accessor>
          </technique_common>
        </source>
        <vertices id="Body__mEye-vertex">
          <input semantic="POSITION" source="#Body__mEye-position" />
        </vertices>
        <triangles material="mEye" count="486">
          <input semantic="VERTEX" source="#Body__mEye-vertex" offset="0" />
          <input semantic="NORMAL" source="#Body__mEye-normal" offset="1" />
          <input semantic="COLOR" source="#Body__mEye-color" offset="2" set="0" />
          <input semantic="TEXCOORD" source="#Body__mEye-texcoord" offset="3" set="0" />
          <p>0 0 0 0 1 1 1 1 2 2 2 2 3 3 3 3 0 0 0 0 2 2 2 2 4 4 4 4 0 0 0 0 3 3 3 3 2 2 2 2 5 5 5 5 3 3 3 3 6 6 6 6 4 4 4 4 3 3 3 3 7 7 7 7 4 4 4 4 6 6 6 6 5 5 5 5 8 8 8 8 3 3 3 3 6 6 6 6 3 3 3 3 8 8 8 8 5 5 5 5 9 9 9 9 8 8 8 8 10 10 10 10 7 7 7 7 6 6 6 6 11 11 11 11 7 7 7 7 10 10 10 10 12 12 12 12 6 6 6 6 8 8 8 8 6 6 6 6 12 12 12 12 10 10 10 10 9 9 9 9 13 13 13 13 8 8 8 8 12 12 12 12 8 8 8 8 13 13 13 13 9 9 9 9 14 14 14 14 13 13 13 13 15 15 15 15 11 11 11 11 10 10 10 10 16 16 16 16 11 11 11 11 15 15 15 15 12 12 12 12 17 17 17 17 10 10 10 10 15 15 15 15 10 10 10 10 17 17 17 17 18 18 18 18 16 16 16 16 15 15 15 15 19 19 19 19 16 16 16 16 18 18 18 18 20 20 20 20 15 15 15 15 17 17 17 17 18 18 18 18 15 15 15 15 20 20 20 20 12 12 12 12 21 21 21 21 17 17 17 17 21 21 21 21 12 12 12 12 13 13 13 13 22 22 22 22 19 19 19 19 18 18 18 18 19 19 19 19 22 22 22 22 23 23 23 23 14 14 14 14 24 24 24 24 13 13 13 13 13 13 13 13 24 24 24 24 21 21 21 21 24 24 24 24 14 14 14 14 25 25 25 25 22 22 22 22 26 26 26 26 23 23 23 23 27 27 27 27 23 23 23 23 26 26 26 26 28 28 28 28 24 24 24 24 25 25 25 25 28 28 28 28 25 25 25 25 29 29 29 29 30 30 30 30 27 27 27 27 26 26 26 26 27 27 27 27 30 30 30 30 31 31 31 31 32 32 32 32 28 28 28 28 29 29 29 29 32 32 32 32 29 29 29 29 33 33 33 33 34 34 34 34 24 24 24 24 28 28 28 28 24 24 24 24 34 34 34 34 21 21 21 21 35 35 35 35 32 32 32 32 33 33 33 33 33 33 33 33 36 36 36 36 35 35 35 35 32 32 32 32 37 37 37 37 28 28 28 28 35 35 35 35 37 37 37 37 32 32 32 32 38 38 38 38 34 34 34 34 28 28 28 28 28 28 28 28 37 37 37 37 38 38 38 38 39 39 39 39 34 34 34 34 38 38 38 38 21 21 21 21 34 34 34 34 39 39 39 39 40 40 40 40 38 38 38 38 37 37 37 37 40 40 40 40 39 39 39 39 38 38 38 38 21 21 21 21 39 39 39 39 41 41 41 41 21 21 21 21 41 41 41 41 17 17 17 17 20 20 20 20 17 17 17 17 41 41 41 41 39 39 39 39 42 42 42 42 41 41 41 41 39 39 39 39 40 40 40 40 42 42 42 42 43 43 43 43 20 20 20 20 41 41 41 41 43 43 43 43 41 41 41 41 42 42 42 42 44 44 44 44 20 20 20 20 43 43 43 43 44 44 44 44 18 18 18 18 20 20 20 20 22 22 22 22 18 18 18 18 44 44 44 44 45 45 45 45 43 43 43 43 42 42 42 42 46 46 46 46 22 22 22 22 44 44 44 44 22 22 22 22 46 46 46 46 26 26 26 26 47 47 47 47 44 44 44 44 43 43 43 43 46 46 46 46 44 44 44 44 47 47 47 47 43 43 43 43 45 45 45 45 47 47 47 47 46 46 46 46 48 48 48 48 26 26 26 26 30 30 30 30 26 26 26 26 48 48 48 48 49 49 49 49 46 46 46 46 47 47 47 47 50 50 50 50 30 30 30 30 48 48 48 48 48 48 48 48 46 46 46 46 51 51 51 51 48 48 48 48 51 51 51 51 50 50 50 50 46 46 46 46 49 49 49 49 51 51 51 51 52 52 52 52 30 30 30 30 50 50 50 50 30 30 30 30 52 52 52 52 31 31 31 31 31 31 31 31 52 52 52 52 53 53 53 53 52 52 52 52 54 54 54 54 53 53 53 53 53 53 53 53 54 54 54 54 55 55 55 55 56 56 56 56 52 52 52 52 50 50 50 50 54 54 54 54 52 52 52 52 56 56 56 56 50 50 50 50 57 57 57 57 56 56 56 56 51 51 51 51 57 57 57 57 50 50 50 50 54 54 54 54 58 58 58 58 55 55 55 55 55 55 55 55 58 58 58 58 59 59 59 59 60 60 60 60 54 54 54 54 56 56 56 56 58 58 58 58 54 54 54 54 60 60 60 60 57 57 57 57 61 61 61 61 56 56 56 56 60 60 60 60 56 56 56 56 61 61 61 61 62 62 62 62 57 57 57 57 51 51 51 51 57 57 57 57 62 62 62 62 61 61 61 61 63 63 63 63 62 62 62 62 51 51 51 51 63 63 63 63 51 51 51 51 49 49 49 49 62 62 62 62 64 64 64 64 61 61 61 61 62 62 62 62 63 63 63 63 65 65 65 65 64 64 64 64 62 62 62 62 65 65 65 65 66 66 66 66 63 63 63 63 49 49 49 49 65 65 65 65 63 63 63 63 66 66 66 66 61 61 61 61 64 64 64 64 67 67 67 67 67 67 67 67 60 60 60 60 61 61 61 61 64 64 64 64 65 65 65 65 68 68 68 68 64 64 64 64 68 68 68 68 67 67 67 67 60 60 60 60 67 67 67 67 69 69 69 69 69 69 69 69 58 58 58 58 60 60 60 60 67 67 67 67 68 68 68 68 70 70 70 70 67 67 67 67 70 70 70 70 69 69 69 69 58 58 58 58 69 69 69 69 71 71 71 71 58 58 58 58 71 71 71 71 59 59 59 59 72 72 72 72 59 59 59 59 71 71 71 71 69 69 69 69 73 73 73 73 71 71 71 71 69 69 69 69 70 70 70 70 73 73 73 73 74 74 74 74 72 72 72 72 71 71 71 71 74 74 74 74 71 71 71 71 73 73 73 73 75 75 75 75 72 72 72 72 74 74 74 74 70 70 70 70 76 76 76 76 73 73 73 73 77 77 77 77 74 74 74 74 73 73 73 73 73 73 73 73 76 76 76 76 77 77 77 77 78 78 78 78 75 75 75 75 74 74 74 74 78 78 78 78 74 74 74 74 77 77 77 77 75 75 75 75 78 78 78 78 79 79 79 79 80 80 80 80 75 75 75 75 79 79 79 79 81 81 81 81 78 78 78 78 77 77 77 77 80 80 80 80 79 79 79 79 82 82 82 82 83 83 83 83 80 80 80 80 82 82 82 82 84 84 84 84 79 79 79 79 78 78 78 78 81 81 81 81 84 84 84 84 78 78 78 78 85 85 85 85 82 82 82 82 79 79 79 79 84 84 84 84 85 85 85 85 79 79 79 79 83 83 83 83 82 82 82 82 86 86 86 86 87 87 87 87 83 83 83 83 86 86 86 86 85 85 85 85 88 88 88 88 82 82 82 82 88 88 88 88 86 86 86 86 82 82 82 82 87 87 87 87 86 86 86 86 89 89 89 89 90 90 90 90 87 87 87 87 89 89 89 89 88 88 88 88 91 91 91 91 86 86 86 86 91 91 91 91 89 89 89 89 86 86 86 86 90 90 90 90 89 89 89 89 92 92 92 92 93 93 93 93 90 90 90 90 92 92 92 92 91 91 91 91 94 94 94 94 89 89 89 89 94 94 94 94 92 92 92 92 89 89 89 89 93 93 93 93 92 92 92 92 95 95 95 95 96 96 96 96 93 93 93 93 95 95 95 95 94 94 94 94 97 97 97 97 92 92 92 92 97 97 97 97 95 95 95 95 92 92 92 92 96 96 96 96 95 95 95 95 98 98 98 98 99 99 99 99 96 96 96 96 98 98 98 98 97 97 97 97 100 100 100 100 95 95 95 95 100 100 100 100 98 98 98 98 95 95 95 95 98 98 98 98 101 101 101 101 99 99 99 99 101 101 101 101 102 102 102 102 99 99 99 99 100 100 100 100 103 103 103 103 98 98 98 98 103 103 103 103 101 101 101 101 98 98 98 98 104 104 104 104 100 100 100 100 97 97 97 97 100 100 100 100 104 104 104 104 103 103 103 103 101 101 101 101 105 105 105 105 102 102 102 102 105 105 105 105 106 106 106 106 102 102 102 102 103 103 103 103 107 107 107 107 101 101 101 101 107 107 107 107 105 105 105 105 101 101 101 101 106 106 106 106 105 105 105 105 108 108 108 108 109 109 109 109 106 106 106 106 108 108 108 108 107 107 107 107 110 110 110 110 105 105 105 105 110 110 110 110 108 108 108 108 105 105 105 105 109 109 109 109 108 108 108 108 111 111 111 111 112 112 112 112 109 109 109 109 111 111 111 111 110 110 110 110 113 113 113 113 108 108 108 108 113 113 113 113 111 111 111 111 108 108 108 108 112 112 112 112 111 111 111 111 114 114 114 114 115 115 115 115 112 112 112 112 114 114 114 114 113 113 113 113 116 116 116 116 111 111 111 111 116 116 116 116 114 114 114 114 111 111 111 111 114 114 114 114 117 117 117 117 115 115 115 115 117 117 117 117 118 118 118 118 115 115 115 115 119 119 119 119 120 120 120 120 118 118 118 118 117 117 117 117 119 119 119 119 118 118 118 118 119 119 119 119 117 117 117 117 121 121 121 121 122 122 122 122 117 117 117 117 114 114 114 114 117 117 117 117 122 122 122 122 121 121 121 121 116 116 116 116 122 122 122 122 114 114 114 114 121 121 121 121 122 122 122 122 123 123 123 123 122 122 122 122 124 124 124 124 123 123 123 123 122 122 122 122 116 116 116 116 124 124 124 124 125 125 125 125 123 123 123 123 124 124 124 124 116 116 116 116 126 126 126 126 124 124 124 124 116 116 116 116 113 113 113 113 126 126 126 126 127 127 127 127 125 125 125 125 124 124 124 124 127 127 127 127 124 124 124 124 126 126 126 126 125 125 125 125 127 127 127 127 128 128 128 128 113 113 113 113 129 129 129 129 126 126 126 126 129 129 129 129 113 113 113 113 110 110 110 110 130 130 130 130 127 127 127 127 126 126 126 126 127 127 127 127 131 131 131 131 128 128 128 128 127 127 127 127 130 130 130 130 131 131 131 131 132 132 132 132 128 128 128 128 131 131 131 131 126 126 126 126 133 133 133 133 130 130 130 130 126 126 126 126 129 129 129 129 133 133 133 133 130 130 130 130 134 134 134 134 131 131 131 131 130 130 130 130 133 133 133 133 134 134 134 134 135 135 135 135 132 132 132 132 131 131 131 131 132 132 132 132 135 135 135 135 136 136 136 136 137 137 137 137 131 131 131 131 134 134 134 134 137 137 137 137 135 135 135 135 131 131 131 131 135 135 135 135 138 138 138 138 136 136 136 136 138 138 138 138 135 135 135 135 137 137 137 137 139 139 139 139 136 136 136 136 138 138 138 138 133 133 133 133 140 140 140 140 134 134 134 134 137 137 137 137 134 134 134 134 140 140 140 140 141 141 141 141 139 139 139 139 138 138 138 138 139 139 139 139 141 141 141 141 142 142 142 142 141 141 141 141 143 143 143 143 142 142 142 142 138 138 138 138 144 144 144 144 141 141 141 141 138 138 138 138 137 137 137 137 144 144 144 144 141 141 141 141 145 145 145 145 143 143 143 143 144 144 144 144 145 145 145 145 141 141 141 141 145 145 145 145 146 146 146 146 143 143 143 143 137 137 137 137 147 147 147 147 144 144 144 144 145 145 145 145 148 148 148 148 146 146 146 146 148 148 148 148 149 149 149 149 146 146 146 146 144 144 144 144 150 150 150 150 145 145 145 145 150 150 150 150 148 148 148 148 145 145 145 145 144 144 144 144 147 147 147 147 150 150 150 150 148 148 148 148 151 151 151 151 149 149 149 149 151 151 151 151 152 152 152 152 149 149 149 149 150 150 150 150 153 153 153 153 148 148 148 148 153 153 153 153 151 151 151 151 148 148 148 148 151 151 151 151 154 154 154 154 152 152 152 152 154 154 154 154 155 155 155 155 152 152 152 152 153 153 153 153 156 156 156 156 151 151 151 151 156 156 156 156 154 154 154 154 151 151 151 151 154 154 154 154 157 157 157 157 155 155 155 155 157 157 157 157 158 158 158 158 155 155 155 155 158 158 158 158 157 157 157 157 159 159 159 159 160 160 160 160 157 157 157 157 154 154 154 154 156 156 156 156 160 160 160 160 154 154 154 154 157 157 157 157 161 161 161 161 159 159 159 159 157 157 157 157 160 160 160 160 161 161 161 161 159 159 159 159 161 161 161 161 162 162 162 162 161 161 161 161 163 163 163 163 162 162 162 162 164 164 164 164 162 162 162 162 163 163 163 163 160 160 160 160 165 165 165 165 161 161 161 161 161 161 161 161 165 165 165 165 163 163 163 163 166 166 166 166 164 164 164 164 163 163 163 163 167 167 167 167 164 164 164 164 166 166 166 166 165 165 165 165 168 168 168 168 163 163 163 163 166 166 166 166 163 163 163 163 168 168 168 168 169 169 169 169 167 167 167 167 166 166 166 166 167 167 167 167 169 169 169 169 170 170 170 170 171 171 171 171 166 166 166 166 168 168 168 168 169 169 169 169 166 166 166 166 171 171 171 171 169 169 169 169 172 172 172 172 170 170 170 170 173 173 173 173 170 170 170 170 172 172 172 172 36 36 36 36 173 173 173 173 172 172 172 172 36 36 36 36 172 172 172 172 35 35 35 35 169 169 169 169 174 174 174 174 172 172 172 172 174 174 174 174 35 35 35 35 172 172 172 172 174 174 174 174 169 169 169 169 171 171 171 171 35 35 35 35 174 174 174 174 37 37 37 37 175 175 175 175 174 174 174 174 171 171 171 171 175 175 175 175 37 37 37 37 174 174 174 174 176 176 176 176 175 175 175 175 171 171 171 171 177 177 177 177 37 37 37 37 175 175 175 175 177 177 177 177 175 175 175 175 176 176 176 176 177 177 177 177 40 40 40 40 37 37 37 37 176 176 176 176 171 171 171 171 178 178 178 178 171 171 171 171 168 168 168 168 178 178 178 178 179 179 179 179 177 177 177 177 176 176 176 176 179 179 179 179 176 176 176 176 178 178 178 178 40 40 40 40 177 177 177 177 180 180 180 180 40 40 40 40 180 180 180 180 42 42 42 42 45 45 45 45 42 42 42 42 180 180 180 180 177 177 177 177 181 181 181 181 180 180 180 180 177 177 177 177 179 179 179 179 181 181 181 181 182 182 182 182 45 45 45 45 180 180 180 180 180 180 180 180 181 181 181 181 182 182 182 182 45 45 45 45 182 182 182 182 183 183 183 183 45 45 45 45 183 183 183 183 47 47 47 47 47 47 47 47 183 183 183 183 49 49 49 49 183 183 183 183 66 66 66 66 49 49 49 49 182 182 182 182 184 184 184 184 183 183 183 183 66 66 66 66 183 183 183 183 184 184 184 184 181 181 181 181 185 185 185 185 182 182 182 182 184 184 184 184 182 182 182 182 185 185 185 185 186 186 186 186 66 66 66 66 184 184 184 184 186 186 186 186 65 65 65 65 66 66 66 66 187 187 187 187 65 65 65 65 186 186 186 186 65 65 65 65 187 187 187 187 68 68 68 68 188 188 188 188 186 186 186 186 184 184 184 184 188 188 188 188 187 187 187 187 186 186 186 186 189 189 189 189 188 188 188 188 184 184 184 184 189 189 189 189 184 184 184 184 185 185 185 185 68 68 68 68 187 187 187 187 190 190 190 190 68 68 68 68 190 190 190 190 70 70 70 70 70 70 70 70 190 190 190 190 76 76 76 76 191 191 191 191 187 187 187 187 188 188 188 188 187 187 187 187 191 191 191 191 190 190 190 190 192 192 192 192 188 188 188 188 189 189 189 189 192 192 192 192 191 191 191 191 188 188 188 188 190 190 190 190 193 193 193 193 76 76 76 76 190 190 190 190 191 191 191 191 193 193 193 193 194 194 194 194 192 192 192 192 189 189 189 189 194 194 194 194 189 189 189 189 185 185 185 185 195 195 195 195 191 191 191 191 192 192 192 192 191 191 191 191 195 195 195 195 193 193 193 193 196 196 196 196 192 192 192 192 194 194 194 194 196 196 196 196 195 195 195 195 192 192 192 192 76 76 76 76 193 193 193 193 197 197 197 197 76 76 76 76 197 197 197 197 77 77 77 77 77 77 77 77 197 197 197 197 81 81 81 81 193 193 193 193 195 195 195 195 198 198 198 198 193 193 193 193 198 198 198 198 197 197 197 197 197 197 197 197 199 199 199 199 81 81 81 81 197 197 197 197 198 198 198 198 199 199 199 199 195 195 195 195 200 200 200 200 198 198 198 198 200 200 200 200 195 195 195 195 196 196 196 196 198 198 198 198 201 201 201 201 199 199 199 199 198 198 198 198 200 200 200 200 201 201 201 201 81 81 81 81 199 199 199 199 202 202 202 202 84 84 84 84 81 81 81 81 202 202 202 202 201 201 201 201 203 203 203 203 199 199 199 199 203 203 203 203 202 202 202 202 199 199 199 199 84 84 84 84 202 202 202 202 204 204 204 204 85 85 85 85 84 84 84 84 204 204 204 204 203 203 203 203 205 205 205 205 202 202 202 202 205 205 205 205 204 204 204 204 202 202 202 202 204 204 204 204 206 206 206 206 85 85 85 85 206 206 206 206 88 88 88 88 85 85 85 85 205 205 205 205 207 207 207 207 204 204 204 204 207 207 207 207 206 206 206 206 204 204 204 204 88 88 88 88 206 206 206 206 208 208 208 208 91 91 91 91 88 88 88 88 208 208 208 208 206 206 206 206 207 207 207 207 209 209 209 209 208 208 208 208 206 206 206 206 209 209 209 209 91 91 91 91 208 208 208 208 210 210 210 210 94 94 94 94 91 91 91 91 210 210 210 210 208 208 208 208 209 209 209 209 211 211 211 211 210 210 210 210 208 208 208 208 211 211 211 211 94 94 94 94 210 210 210 210 212 212 212 212 97 97 97 97 94 94 94 94 212 212 212 212 212 212 212 212 104 104 104 104 97 97 97 97 213 213 213 213 212 212 212 212 210 210 210 210 212 212 212 212 213 213 213 213 104 104 104 104 211 211 211 211 213 213 213 213 210 210 210 210 213 213 213 213 214 214 214 214 104 104 104 104 211 211 211 211 215 215 215 215 213 213 213 213 215 215 215 215 214 214 214 214 213 213 213 213 211 211 211 211 209 209 209 209 215 215 215 215 216 216 216 216 104 104 104 104 214 214 214 214 104 104 104 104 216 216 216 216 103 103 103 103 217 217 217 217 214 214 214 214 215 215 215 215 217 217 217 217 216 216 216 216 214 214 214 214 209 209 209 209 218 218 218 218 215 215 215 215 209 209 209 209 207 207 207 207 218 218 218 218 219 219 219 219 217 217 217 217 215 215 215 215 219 219 219 219 215 215 215 215 218 218 218 218 207 207 207 207 220 220 220 220 218 218 218 218 207 207 207 207 205 205 205 205 220 220 220 220 221 221 221 221 219 219 219 219 218 218 218 218 221 221 221 221 218 218 218 218 220 220 220 220 219 219 219 219 222 222 222 222 217 217 217 217 222 222 222 222 219 219 219 219 221 221 221 221 205 205 205 205 223 223 223 223 220 220 220 220 205 205 205 205 203 203 203 203 223 223 223 223 224 224 224 224 221 221 221 221 220 220 220 220 224 224 224 224 220 220 220 220 223 223 223 223 225 225 225 225 221 221 221 221 224 224 224 224 225 225 225 225 222 222 222 222 221 221 221 221 203 203 203 203 226 226 226 226 223 223 223 223 203 203 203 203 201 201 201 201 226 226 226 226 227 227 227 227 224 224 224 224 223 223 223 223 227 227 227 227 223 223 223 223 226 226 226 226 228 228 228 228 225 225 225 225 224 224 224 224 228 228 228 228 224 224 224 224 227 227 227 227 201 201 201 201 229 229 229 229 226 226 226 226 200 200 200 200 229 229 229 229 201 201 201 201 230 230 230 230 227 227 227 227 226 226 226 226 230 230 230 230 226 226 226 226 229 229 229 229 200 200 200 200 231 231 231 231 229 229 229 229 231 231 231 231 200 200 200 200 196 196 196 196 232 232 232 232 230 230 230 230 229 229 229 229 231 231 231 231 232 232 232 232 229 229 229 229 233 233 233 233 227 227 227 227 230 230 230 230 233 233 233 233 228 228 228 228 227 227 227 227 231 231 231 231 196 196 196 196 234 234 234 234 234 234 234 234 196 196 196 196 194 194 194 194 231 231 231 231 235 235 235 235 232 232 232 232 235 235 235 235 231 231 231 231 234 234 234 234 194 194 194 194 236 236 236 236 234 234 234 234 236 236 236 236 194 194 194 194 185 185 185 185 234 234 234 234 237 237 237 237 235 235 235 235 236 236 236 236 237 237 237 237 234 234 234 234 238 238 238 238 236 236 236 236 185 185 185 185 181 181 181 181 238 238 238 238 185 185 185 185 179 179 179 179 238 238 238 238 181 181 181 181 238 238 238 238 239 239 239 239 236 236 236 236 239 239 239 239 237 237 237 237 236 236 236 236 179 179 179 179 240 240 240 240 238 238 238 238 240 240 240 240 239 239 239 239 238 238 238 238 240 240 240 240 179 179 179 179 178 178 178 178 239 239 239 239 241 241 241 241 237 237 237 237 240 240 240 240 178 178 178 178 242 242 242 242 242 242 242 242 178 178 178 178 168 168 168 168 165 165 165 165 242 242 242 242 168 168 168 168 240 240 240 240 243 243 243 243 239 239 239 239 243 243 243 243 240 240 240 240 242 242 242 242 243 243 243 243 241 241 241 241 239 239 239 239 244 244 244 244 242 242 242 242 165 165 165 165 243 243 243 243 242 242 242 242 244 244 244 244 160 160 160 160 244 244 244 244 165 165 165 165 160 160 160 160 156 156 156 156 244 244 244 244 243 243 243 243 245 245 245 245 241 241 241 241 245 245 245 245 243 243 243 243 244 244 244 244 241 241 241 241 246 246 246 246 237 237 237 237 237 237 237 237 246 246 246 246 235 235 235 235 245 245 245 245 247 247 247 247 241 241 241 241 241 241 241 241 247 247 247 247 246 246 246 246 246 246 246 246 248 248 248 248 235 235 235 235 247 247 247 247 248 248 248 248 246 246 246 246 248 248 248 248 249 249 249 249 235 235 235 235 235 235 235 235 249 249 249 249 232 232 232 232 248 248 248 248 247 247 247 247 250 250 250 250 249 249 249 249 251 251 251 251 232 232 232 232 249 249 249 249 248 248 248 248 251 251 251 251 248 248 248 248 250 250 250 250 251 251 251 251 251 251 251 251 230 230 230 230 232 232 232 232 251 251 251 251 233 233 233 233 230 230 230 230 247 247 247 247 252 252 252 252 250 250 250 250 247 247 247 247 245 245 245 245 252 252 252 252 251 251 251 251 250 250 250 250 253 253 253 253 233 233 233 233 251 251 251 251 253 253 253 253 250 250 250 250 252 252 252 252 253 253 253 253 253 253 253 253 254 254 254 254 233 233 233 233 254 254 254 254 228 228 228 228 233 233 233 233 252 252 252 252 255 255 255 255 253 253 253 253 253 253 253 253 255 255 255 255 254 254 254 254 245 245 245 245 256 256 256 256 252 252 252 252 252 252 252 252 256 256 256 256 255 255 255 255 256 256 256 256 245 245 245 245 244 244 244 244 254 254 254 254 257 257 257 257 228 228 228 228 257 257 257 257 225 225 225 225 228 228 228 228 222 222 222 222 225 225 225 225 257 257 257 257 258 258 258 258 256 256 256 256 244 244 244 244 156 156 156 156 258 258 258 258 244 244 244 244 156 156 156 156 153 153 153 153 258 258 258 258 259 259 259 259 256 256 256 256 258 258 258 258 256 256 256 256 259 259 259 259 255 255 255 255 153 153 153 153 260 260 260 260 258 258 258 258 260 260 260 260 259 259 259 259 258 258 258 258 260 260 260 260 153 153 153 153 150 150 150 150 255 255 255 255 259 259 259 259 261 261 261 261 255 255 255 255 261 261 261 261 254 254 254 254 254 254 254 254 261 261 261 261 257 257 257 257 259 259 259 259 260 260 260 260 262 262 262 262 259 259 259 259 262 262 262 262 261 261 261 261 263 263 263 263 260 260 260 260 150 150 150 150 260 260 260 260 263 263 263 263 262 262 262 262 147 147 147 147 263 263 263 263 150 150 150 150 261 261 261 261 262 262 262 262 264 264 264 264 261 261 261 261 264 264 264 264 257 257 257 257 265 265 265 265 262 262 262 262 263 263 263 263 147 147 147 147 265 265 265 265 263 263 263 263 262 262 262 262 265 265 265 265 264 264 264 264 265 265 265 265 147 147 147 147 137 137 137 137 265 265 265 265 137 137 137 137 140 140 140 140 266 266 266 266 257 257 257 257 264 264 264 264 266 266 266 266 222 222 222 222 257 257 257 257 267 267 267 267 264 264 264 264 265 265 265 265 267 267 267 267 266 266 266 266 264 264 264 264 140 140 140 140 267 267 267 267 265 265 265 265 222 222 222 222 266 266 266 266 268 268 268 268 222 222 222 222 268 268 268 268 217 217 217 217 216 216 216 216 217 217 217 217 268 268 268 268 266 266 266 266 267 267 267 267 269 269 269 269 266 266 266 266 269 269 269 269 268 268 268 268 270 270 270 270 267 267 267 267 140 140 140 140 267 267 267 267 270 270 270 270 269 269 269 269 133 133 133 133 270 270 270 270 140 140 140 140 129 129 129 129 270 270 270 270 133 133 133 133 271 271 271 271 216 216 216 216 268 268 268 268 268 268 268 268 269 269 269 269 271 271 271 271 216 216 216 216 271 271 271 271 103 103 103 103 271 271 271 271 107 107 107 107 103 103 103 103 269 269 269 269 270 270 270 270 272 272 272 272 269 269 269 269 272 272 272 272 271 271 271 271 270 270 270 270 129 129 129 129 272 272 272 272 271 271 271 271 272 272 272 272 107 107 107 107 272 272 272 272 129 129 129 129 110 110 110 110 272 272 272 272 110 110 110 110 107 107 107 107 </p>
        </triangles>
      </mesh>
    </geometry>
  </library_geometries>
  <library_controllers>
    <controller id="Armature_Body__mBody-mesh">
      <skin source="#Body__mBody-mesh">
        <bind_shape_matrix>1 0 0 0 0 1 0 0 0 0 1 0 0 0 0 1</bind_shape_matrix>
        <source id="Body__mBody-mesh-joint">
          <Name_array id="Body__mBody-mesh-joint-array" count="26">Spine_3 Neck Head Clavicle_R Arm_1_R Clavicle_L Arm_1_L Spine_2 Spine_1 Leg_1_R_Sub Leg_1_L_Sub Ankle_R Leg_2_R_Sub Toe_R Leg_2_R Ankle_L Leg_2_L_Sub Leg_2_L Toe_L Nose Arm_2_R Arm_1_R_Sub Arm_2_L Arm_1_L_Sub Tail_1 Tail_2</Name_array>
          <technique_common>
            <accessor source="#Body__mBody-mesh-joint-array" count="26" stride="1">
              <param name="JOINT" type="name" />
            </accessor>
          </technique_common>
        </source>
        <source id="Body__mBody-mesh-inv_bind_matrix">
          <float_array id="Body__mBody-mesh-inv_bind_matrix-array" count="416">5.960466E-08 0.9999998 -2.086162E-07 -6.557168 -2.086162E-07 5.960466E-08 0.9999998 -1.677478E-07 0.9999998 -2.086162E-07 5.960466E-08 5.871169E-07 0 0 0 1 5.960466E-08 0.9999998 -2.086162E-07 -7.885067 -2.086162E-07 5.960466E-08 0.9999998 -1.677478E-07 0.9999998 -2.086162E-07 5.960466E-08 5.87117E-07 0 0 0 1 5.960466E-08 0.9999998 -2.086162E-07 -7.916768 -2.086162E-07 5.960466E-08 0.9999998 -1.677478E-07 0.9999998 -2.086162E-07 5.960466E-08 5.871169E-07 0 0 0 1 0.9999996 -3.278254E-07 -3.454098E-09 0.7000014 1.455574E-07 9.087687E-08 -0.9999998 -9.998182E-07 -5.96046E-08 0.9999996 -5.813462E-08 -7.46553 0 0 0 1 0.9999996 -3.278254E-07 -3.454098E-09 1.68865 1.455574E-07 9.087687E-08 -0.9999998 -9.998182E-07 -5.96046E-08 0.9999996 -5.813462E-08 -7.245861 0 0 0 1 0.9999998 -1.331183E-07 5.960464E-08 -0.7 -2.086162E-07 5.960466E-08 0.9999998 -1.677478E-07 1.589323E-08 -0.9999998 2.086162E-07 7.465531 0 0 0 1 0.9999998 -1.331183E-07 5.960464E-08 -1.689264 -2.086162E-07 5.960466E-08 0.9999998 -1.677478E-07 1.589323E-08 -0.9999998 2.086162E-07 7.245859 0 0 0 1 5.960466E-08 0.9999998 -2.086162E-07 -4.983448 -2.086162E-07 5.960466E-08 0.9999998 -1.677478E-07 0.9999998 -2.086162E-07 5.960466E-08 5.871168E-07 0 0 0 1 5.960466E-08 0.9999998 -2.086162E-07 -2.81434 -2.086162E-07 5.960466E-08 0.9999998 -1.677478E-07 0.9999998 -2.086162E-07 5.960466E-08 5.871169E-07 0 0 0 1 -5.960469E-08 0.9999998 -3.596119E-07 -2.021472 -2.086161E-07 -2.106004E-07 -0.9999998 -0.002997218 -0.9999998 -2.086162E-07 5.960466E-08 -1.133616 0 0 0 1 5.960466E-08 -0.9999998 2.086162E-07 2.021472 2.086162E-07 5.960466E-08 0.9999998 0.003004782 -0.9999998 -2.086162E-07 5.960466E-08 1.133618 0 0 0 1 -5.960469E-08 0.9999998 -3.596119E-07 -0.3686444 -2.086161E-07 -2.106004E-07 -0.9999998 -0.002760458 -0.9999998 -2.086162E-07 5.960466E-08 -1.133616 0 0 0 1 -5.960469E-08 0.9999998 -3.596119E-07 -0.9336814 -2.086161E-07 -2.106004E-07 -0.9999998 -0.002760458 -0.9999998 -2.086162E-07 5.960466E-08 -1.133616 0 0 0 1 -2.086161E-07 -1.351025E-07 -0.9999998 0.3336036 5.960467E-08 -0.9999998 2.84114E-07 0.1913745 -0.9999998 -2.086162E-07 5.960466E-08 -1.133616 0 0 0 1 -5.960469E-08 0.9999998 -3.596119E-07 -1.115758 -2.086161E-07 -2.106004E-07 -0.9999998 -0.002760458 -0.9999998 -2.086162E-07 5.960466E-08 -1.133616 0 0 0 1 5.960466E-08 -0.9999998 2.086162E-07 0.3686443 2.086162E-07 5.960466E-08 0.9999998 0.002684892 -0.9999998 -2.086162E-07 5.960466E-08 1.133618 0 0 0 1 5.960466E-08 -0.9999998 2.086162E-07 0.9336813 2.086162E-07 5.960466E-08 0.9999998 0.002684892 -0.9999998 -2.086162E-07 5.960466E-08 1.133618 0 0 0 1 5.960466E-08 -0.9999998 2.086162E-07 1.115758 2.086162E-07 5.960466E-08 0.9999998 0.002689382 -0.9999998 -2.086162E-07 5.960466E-08 1.133618 0 0 0 1 2.086162E-07 -1.589323E-08 0.9999998 -0.3336791 -5.960464E-08 0.9999998 -1.331183E-07 -0.1913744 -0.9999998 -2.086162E-07 5.960466E-08 1.133617 0 0 0 1 -2.068209E-07 0.02868034 0.9995884 -3.77944 -6.556332E-08 -0.9995884 0.02868049 9.238351 0.9999998 -2.086161E-07 5.960466E-08 5.871168E-07 0 0 0 1 0.9999996 -3.278254E-07 -3.454098E-09 3.265471 1.455574E-07 9.087687E-08 -0.9999998 -9.998181E-07 -5.96046E-08 0.9999996 -5.813462E-08 -7.245861 0 0 0 1 0.9999996 -3.278254E-07 -3.454098E-09 2.38681 1.455574E-07 9.087687E-08 -0.9999998 -9.998182E-07 -5.96046E-08 0.9999996 -5.813462E-08 -7.245861 0 0 0 1 0.9999998 -1.331183E-07 5.960464E-08 -3.26547 -2.086162E-07 5.960466E-08 0.9999998 -1.677478E-07 1.589323E-08 -0.9999998 2.086162E-07 7.245859 0 0 0 1 0.9999998 -1.331183E-07 5.960464E-08 -2.38681 -2.086162E-07 5.960466E-08 0.9999998 -1.677478E-07 1.589323E-08 -0.9999998 2.086162E-07 7.245859 0 0 0 1 -2.086161E-07 -1.351025E-07 -0.9999998 -1.731595 5.960467E-08 -0.9999998 2.84114E-07 3.645513 -0.9999998 -2.086161E-07 5.960466E-08 5.871169E-07 0 0 0 1 -2.086161E-07 -1.351025E-07 -0.9999998 -3.86169 5.960467E-08 -0.9999998 2.84114E-07 3.645513 -0.9999998 -2.086161E-07 5.960466E-08 5.871169E-07 0 0 0 1</float_array>
          <technique_common>
            <accessor source="#Body__mBody-mesh-inv_bind_matrix-array" count="26" stride="16">
              <param name="TRANSFORM" type="float4x4" />
            </accessor>
          </technique_common>
        </source>
        <source id="Body__mBody-mesh-weight">
          <float_array id="Body__mBody-mesh-weight-array" count="90">0.4980392 0.2 0.3019608 0.5450981 0.05098039 0.1019608 0.4 0.827451 0.07058824 0.7490196 0.1490196 1 0.5568628 0.3411765 0.8588235 0.1411765 0.8980392 0.7607843 0.2392157 0.8 0.6784314 0.3215686 0.9490196 0.1882353 0.6313726 0.1803922 0.3803922 0.5686275 0.6196079 0.3607843 0.01960784 0.7882353 0.01176471 0.6980392 0.9215686 0.03921569 0.6 0.9607843 0.1098039 0.7450981 0.6470588 0.6078432 0.8705882 0.1294118 0.7803922 0.2196078 0.8078431 0.09019608 0.8352941 0.03137255 0.5019608 0.5960785 0.2509804 0.8470588 0.2588235 0.2901961 0.3294118 0.3882353 0.2117647 0.2705882 0.3568628 0.5058824 0.4313726 0.4784314 0.3098039 0.5215687 0.1686275 0.07843138 0.4705882 0.2313726 0.4666667 0.4509804 0.5176471 0.4392157 0.4588235 0.4117647 0.372549 0.3686275 0.4196078 0.772549 0.2980392 0.1607843 0.8509804 0.6392157 0.5803922 0.5490196 0.2784314 0.7215686 0.5882353 0.9882353</float_array>
          <technique_common>
            <accessor source="#Body__mBody-mesh-weight-array" count="90" stride="1">
              <param name="WEIGHT" type="float" />
            </accessor>
          </technique_common>
        </source>
        <joints>
          <input semantic="JOINT" source="#Body__mBody-mesh-joint" />
          <input semantic="INV_BIND_MATRIX" source="#Body__mBody-mesh-inv_bind_matrix" />
        </joints>
        <vertex_weights count="1939">
          <input semantic="JOINT" source="#Body__mBody-mesh-joint" offset="0" />
          <input semantic="WEIGHT" source="#Body__mBody-mesh-weight" offset="1" />
          <vcount>3 3 4 4 3 4 3 3 3 3 3 1 3 3 3 4 3 3 3 3 2 1 2 3 3 3 2 3 3 2 2 3 3 1 4 3 3 4 3 3 3 4 3 1 3 1 1 2 2 1 2 2 1 2 2 2 2 2 2 2 2 2 2 2 2 2 2 3 2 2 2 3 3 3 3 3 3 3 3 3 3 3 3 3 2 3 2 3 3 2 3 2 3 2 3 2 3 3 3 3 3 3 2 3 2 2 3 3 2 1 2 2 2 2 2 3 2 2 2 3 3 3 3 3 3 3 3 3 3 3 3 2 3 2 3 3 2 3 2 3 2 1 1 1 1 2 2 2 1 2 2 2 2 2 2 2 2 2 1 2 1 2 1 1 1 1 1 1 2 3 2 1 2 2 2 2 2 2 2 2 3 3 2 2 2 2 2 2 2 2 2 2 2 2 1 2 2 2 2 2 1 2 1 1 1 1 1 1 1 1 1 1 1 1 1 1 1 1 1 1 1 2 2 3 3 3 3 3 3 3 2 2 3 2 3 3 3 3 4 3 3 4 4 2 4 3 4 3 4 2 4 3 3 4 3 2 3 2 1 2 1 2 1 2 2 3 2 2 2 3 2 3 3 2 3 3 3 2 2 2 1 2 2 2 1 3 2 2 3 3 3 3 3 3 3 3 3 2 1 2 1 2 3 3 3 2 2 2 2 3 2 3 3 3 3 3 3 3 3 3 3 3 3 3 3 3 2 2 2 1 1 1 2 1 2 2 2 2 2 2 2 2 2 2 2 2 2 2 1 2 2 1 3 2 3 1 2 3 3 3 2 3 3 3 3 3 3 3 2 3 3 2 2 3 2 2 2 2 1 2 2 2 1 3 3 3 3 3 3 2 3 1 2 3 3 3 3 2 1 2 2 2 2 2 3 3 2 2 2 2 3 2 2 2 3 3 3 3 3 3 3 3 3 3 3 2 2 3 2 1 1 1 2 2 2 2 2 2 2 2 2 2 2 1 2 2 2 2 1 3 2 2 1 3 2 3 3 3 3 3 3 3 2 1 1 1 2 1 2 2 2 1 2 2 1 1 3 3 2 1 2 2 2 2 2 3 3 4 4 4 3 3 4 3 3 4 4 3 3 4 3 3 2 3 3 1 1 1 1 1 1 1 1 1 1 1 1 1 1 1 1 1 1 1 1 1 1 1 1 1 1 1 1 1 1 1 2 1 2 1 1 2 1 1 2 2 2 2 2 2 2 2 2 2 3 2 2 2 2 2 4 2 2 2 4 2 2 4 2 2 2 4 2 2 4 2 2 2 2 2 3 2 2 2 2 2 2 2 2 2 2 2 2 2 1 2 2 2 1 2 2 2 2 2 2 2 2 2 2 2 2 2 1 1 1 1 2 1 2 1 2 2 2 2 2 2 2 2 3 2 2 2 2 2 4 2 2 4 2 2 4 2 2 2 4 2 2 4 2 2 2 2 3 2 2 2 2 2 2 2 2 2 2 2 2 2 2 2 1 2 2 1 2 2 2 2 2 2 2 2 2 2 2 2 2 2 1 1 1 2 2 2 1 1 1 1 1 1 1 1 1 1 1 1 1 1 1 1 1 1 1 1 1 1 1 2 1 1 2 3 1 3 3 3 2 1 1 2 3 3 1 3 3 2 2 1 1 1 1 1 1 1 1 2 1 2 2 2 2 2 2 2 2 2 2 2 2 2 2 2 2 2 2 2 2 2 2 1 2 2 1 2 2 1 2 2 2 2 2 2 2 2 2 2 1 1 1 2 2 2 2 2 1 1 1 1 1 1 1 1 1 1 1 2 1 3 2 3 2 3 3 1 3 3 3 2 3 3 2 3 3 1 3 3 2 2 1 1 1 1 1 1 1 1 1 2 1 1 3 3 2 1 2 3 3 3 2 2 2 1 1 1 1 1 1 1 1 1 1 1 1 1 1 1 1 1 1 1 1 1 1 1 1 1 1 1 1 1 1 1 1 1 1 1 1 1 1 1 2 1 1 1 2 2 2 2 3 1 3 4 2 3 4 3 2 2 3 3 3 4 3 3 4 3 4 2 2 2 3 4 3 3 3 3 3 3 3 3 3 4 3 2 3 4 3 2 4 3 3 4 3 3 3 3 3 2 3 2 2 3 1 2 2 1 1 1 1 1 1 2 1 1 1 1 1 1 1 1 1 1 1 2 2 2 2 2 2 3 3 3 3 4 4 4 4 4 4 4 4 4 2 2 1 1 1 1 1 1 1 1 2 1 1 1 2 2 2 2 3 1 3 4 2 3 4 3 2 2 3 3 3 4 3 3 4 3 4 2 2 2 3 4 3 3 3 3 3 3 3 3 3 4 3 2 3 4 3 2 4 3 3 4 3 3 3 3 3 2 3 2 2 1 2 3 2 1 2 1 1 1 1 1 1 1 1 1 1 1 1 1 1 1 1 2 2 2 2 2 2 3 3 3 3 4 4 4 4 4 4 4 4 4 2 2 1 1 1 1 1 1 1 1 1 1 1 1 1 1 1 1 1 1 1 1 1 1 1 1 1 1 1 1 1 1 1 1 1 1 1 1 1 1 1 1 1 1 1 1 1 1 1 1 1 1 1 1 1 1 1 1 1 1 1 1 1 1 1 1 1 1 1 1 1 1 1 1 2 2 2 3 3 3 3 3 3 3 3 3 2 3 1 2 1 1 1 1 1 1 1 1 1 1 1 1 1 1 1 1 1 1 1 1 1 1 1 1 1 1 1 1 1 1 1 1 1 1 1 1 1 1 1 1 1 1 1 1 1 1 1 1 1 1 1 1 1 1 1 1 1 1 1 1 1 1 1 1 1 1 1 1 1 1 1 1 1 1 1 1 1 1 1 1 1 1 1 1 1 1 1 1 1 1 1 1 1 1 1 1 1 1 1 1 1 1 1 1 1 1 1 1 1 1 1 1 1 1 1 1 1 1 1 1 1 1 1 1 1 1 1 1 1 1 1 1 1 1 1 1 1 1 1 1 1 1 1 1 1 1 1 1 1 1 1 1 1 1 1 1 1 1 1 1 1 1 1 1 1 1 1 1 1 1 1 1 1 1 1 1 1 1 1 1 1 1 1 1 1 1 1 1 1 1 1 1 1 1 1 1 1 1 1 1 1 1 1 1 1 1 1 1 1 1 2 2 2 2 3 3 3 3 3 3 3 3 3 2 3 1 1 1 2 1 1 1 1 1 1 2 1 3 3 3 2 3 3 1 3 3 2 3 2 1 1 1 1 1 1 1 1 1 1 1 1 1 1 1 1 1 1 1 1 1 1 1 1 1 1 2 1 2 3 3 2 3 3 1 2 3 3 2 1 2 1 1 1 1 1 1 1 1 1 1 1 1 1 1 1 1 1 1 1 1 1 1 1 1 1 1 1 1 1 1 1 1 1 1 1 1 1 1 1 1 1 1 1 1 1 1 1 1 1 1 1 1 1 1 1 1 1 1 1 1 1 1 1 1 1 1 1 1 1 1 1 1 1 1 1 1 1 1 1 1 1 1 1 1 1 1 1 1 1 1 1 1 1 1 1 1 1 2 2 2 1 2 1 2 1 1 1 1 2 2 2 1 2 1 2 1 1 1 2 2 2 2 2 2 2 2 2 2 2 2 2 2 2 2 2 2 2 2 2 2 2 2 2 2 2 2 2 2 2 2 2 2 2 2 2 2 2 2 2 2 2 2 2 2 2 2 2 2 2 2 2 2 2 2 2 2 2 2 2 2 2 2 2 2 2 2 2 2 3 3 2 2 3 2 2 3 2 1 2 1 2 2 2 1 3 2 2 2 1 2 3 2 2 2 2 2 2 2 2 2 2 2 2 2 3 2 2 2 3 2 2 2 1 2 2 2 1 3 2 2 3 2 2 2 3 2 1 2 2 2 1 2 3 2 3 2 2 2 2 2 2 2 2 2 2 2 2 2 2 2 2 2 2 2 2 2 2 2 2 2 2 2 2 2 2 3 3 2 3 2 2 3 2 2 1 2 2 2 2 2 2 2 2 2 2 1 2 2 1 2 2 1 2 2 2 2 1 2 2 2 2 1 2 2 2 2 2 1 2 2 1 1 2 2 2 2 2 1 2 2 2 2 2 2 2 2 2 2 2 2 2 2 2 2 2 2 2 2 2 2 2 2 2 2 2 2 2 2 2 2 2 2 2 2 2 2 2 2 2 2 2 2 2 2 2 2 2 2 2 2 2 2 2 2 2 2 2 2 2 2 2 2 2 2 2 2 2 2 2 2 2 2 2 1 2 1 2 1 1 2 2 2 2 2 2 2 2 2 2 2 2 2 2 2 2 2 2 2 2 2 2 2 2 2 2 2 2 2 2 2 2 2 1 1 1 2 2 </vcount>
          <v>0 0 1 1 2 2 0 0 1 1 2 2 0 3 3 2 4 4 1 5 0 3 3 2 4 4 1 5 0 0 3 6 4 5 0 3 3 2 4 4 1 5 0 6 3 0 4 5 0 7 3 8 1 5 0 9 1 10 2 5 0 0 1 1 2 2 0 0 1 1 2 2 0 11 0 12 3 13 4 5 0 9 1 10 2 5 0 0 1 1 2 2 0 3 3 2 4 4 1 5 0 0 1 1 2 2 0 0 1 1 2 2 0 9 1 10 2 5 0 0 1 1 2 2 0 14 1 15 0 11 0 16 1 5 0 9 1 10 2 5 0 9 1 10 2 5 0 0 1 1 2 2 0 16 1 5 0 9 1 10 2 5 0 0 1 1 2 2 0 16 1 5 0 14 1 15 0 9 1 10 2 5 0 0 1 1 2 2 0 11 0 3 5 2 6 4 1 5 0 0 1 1 2 2 0 7 5 8 1 5 0 3 5 2 6 4 1 5 0 0 5 6 6 5 0 6 5 0 6 5 0 0 1 1 2 2 0 3 5 2 6 4 1 5 0 0 1 1 2 2 0 11 0 12 5 13 6 5 0 11 0 11 0 17 5 18 7 1 0 19 0 11 7 1 0 19 7 1 0 19 0 11 7 1 0 19 7 1 0 19 7 1 0 19 7 1 0 19 7 1 0 19 7 20 0 21 7 1 0 19 7 20 0 21 7 1 0 19 0 22 5 4 7 20 0 21 7 20 0 21 7 20 0 21 0 16 5 5 8 23 7 24 0 25 7 20 0 21 0 22 5 4 7 20 0 21 8 23 7 24 0 25 8 23 7 24 0 25 8 23 7 24 0 25 8 23 7 24 0 25 8 26 7 27 0 4 8 26 7 27 0 4 8 26 7 27 0 4 8 26 7 27 0 4 8 28 7 29 0 30 8 28 7 29 0 30 8 28 7 29 0 30 8 31 7 1 0 32 8 31 7 1 0 32 8 16 7 5 8 31 7 1 0 32 8 16 7 5 8 28 7 29 0 30 8 31 7 1 0 32 8 16 7 5 8 28 7 29 0 30 8 16 7 5 8 31 7 1 0 32 8 16 7 5 8 26 7 27 0 4 8 19 7 1 8 28 7 29 0 30 8 26 7 27 0 4 8 23 7 24 0 25 8 28 7 29 0 30 8 23 7 24 0 25 8 26 7 27 0 4 7 20 0 21 8 23 7 24 0 25 7 1 0 19 7 20 0 21 8 26 7 27 0 4 8 23 7 24 0 25 7 1 0 19 0 11 0 17 3 18 0 22 3 4 7 20 0 21 7 20 0 21 0 16 3 5 8 23 7 24 0 25 7 20 0 21 0 22 3 4 7 20 0 21 8 23 7 24 0 25 8 23 7 24 0 25 8 23 7 24 0 25 8 26 7 27 0 4 8 26 7 27 0 4 8 26 7 27 0 4 8 26 7 27 0 4 8 28 7 29 0 30 8 28 7 29 0 30 8 28 7 29 0 30 8 31 7 1 0 32 8 31 7 1 0 32 8 16 7 5 8 31 7 1 0 32 8 16 7 5 8 28 7 29 0 30 8 31 7 1 0 32 8 16 7 5 8 28 7 29 0 30 8 16 7 5 8 31 7 1 0 32 8 16 7 5 8 11 8 11 8 11 8 11 8 22 9 4 8 16 9 5 8 16 9 5 8 11 8 19 9 1 8 33 9 2 8 33 9 2 8 1 9 19 8 1 9 19 8 33 9 2 8 1 9 19 8 1 9 19 8 16 9 5 8 11 8 16 9 5 8 11 8 22 9 4 8 11 8 11 8 11 8 11 8 11 8 11 8 22 10 4 8 34 10 35 9 35 8 16 10 5 8 11 8 16 10 5 8 16 9 5 8 36 9 6 8 36 9 6 8 36 9 6 8 1 9 19 8 16 9 5 8 19 9 1 8 37 10 30 9 30 8 14 10 8 9 8 8 19 10 1 8 16 10 5 8 36 10 6 8 16 10 5 8 36 10 6 8 1 10 19 8 1 10 19 8 36 10 6 8 33 10 2 8 1 10 19 8 1 10 19 8 19 10 1 8 11 8 33 10 2 8 1 10 19 8 33 10 2 8 16 10 5 8 16 10 5 8 11 8 22 10 4 8 11 8 11 8 11 8 11 8 11 8 11 8 11 8 11 8 11 8 11 8 11 8 11 8 11 8 11 8 11 8 11 8 11 8 11 8 11 8 19 7 1 8 19 7 1 8 28 7 29 0 30 8 26 7 27 0 4 0 0 1 1 2 2 0 0 1 1 2 2 0 31 1 5 2 38 0 31 1 5 2 38 0 31 1 5 2 38 0 16 1 5 0 16 1 5 0 31 1 5 2 38 0 16 1 5 0 31 1 5 2 38 0 0 1 1 2 2 0 0 1 1 2 2 0 0 1 1 2 2 0 39 3 4 1 5 2 5 0 31 1 5 2 38 0 0 1 1 2 2 0 39 3 4 1 5 2 5 0 40 3 10 1 5 2 5 0 16 1 5 0 3 3 2 4 4 1 5 0 0 3 6 4 5 0 41 3 1 4 4 1 15 0 0 3 6 4 5 0 3 3 2 4 4 1 5 0 42 3 43 0 41 3 1 4 4 1 15 0 0 1 1 2 2 0 0 1 1 2 2 0 40 3 10 1 5 2 5 0 0 1 1 2 2 0 42 3 43 7 25 0 44 3 35 0 16 4 5 0 11 7 45 0 44 0 11 7 6 0 36 0 11 7 45 0 44 7 6 0 36 0 16 3 4 4 4 0 22 3 4 7 20 0 21 7 20 0 21 8 23 7 24 0 25 7 20 0 21 8 23 7 24 0 25 8 26 7 27 0 4 7 6 0 36 8 26 7 27 0 4 8 28 7 29 0 30 8 23 7 24 0 25 7 20 0 21 7 45 0 44 7 6 0 36 0 11 7 45 0 44 7 20 0 21 7 6 0 36 0 11 8 23 7 24 0 25 0 16 1 5 7 45 0 44 0 31 1 5 2 38 0 0 1 1 2 2 0 31 1 5 2 38 0 0 1 1 2 2 0 0 1 1 2 2 0 31 1 5 2 38 0 0 1 1 2 2 0 0 1 1 2 2 0 31 1 5 2 38 0 16 1 5 0 11 0 16 1 5 0 11 7 45 0 44 0 31 1 5 2 38 0 0 1 1 2 2 0 0 1 1 2 2 7 6 0 36 7 45 0 44 7 20 0 21 7 6 0 36 8 23 7 24 0 25 7 20 0 21 8 23 7 24 0 25 8 26 7 27 0 4 8 23 7 24 0 25 8 26 7 27 0 4 8 26 7 27 0 4 8 26 7 27 0 4 8 26 7 27 0 4 8 28 7 29 0 30 8 28 7 29 0 30 8 28 7 29 0 30 8 28 7 29 0 30 8 31 7 1 0 32 8 31 7 1 0 32 8 31 7 1 0 32 8 31 7 1 0 32 8 16 7 5 8 16 7 5 8 16 7 5 8 11 8 11 8 11 8 16 7 5 8 11 8 16 9 5 8 16 9 5 8 16 9 5 8 16 9 5 8 33 9 2 8 33 9 2 8 1 9 19 8 1 9 19 8 33 9 2 8 33 9 2 8 1 9 19 8 16 9 5 8 19 9 1 8 1 9 19 8 11 8 22 9 4 8 16 7 5 8 11 8 31 7 1 0 32 8 16 7 5 8 31 7 1 0 32 8 11 8 16 7 5 8 28 7 29 0 30 8 31 7 1 0 32 8 28 7 29 0 30 8 16 7 5 8 26 7 27 0 4 8 28 7 29 0 30 8 31 7 1 0 32 8 31 7 1 0 32 8 28 7 29 0 30 8 23 7 24 0 25 8 26 7 27 0 4 7 20 0 21 8 23 7 24 0 25 8 26 7 27 0 4 7 20 0 21 7 6 0 36 8 23 7 24 0 25 7 20 0 21 7 6 0 36 7 45 0 44 7 20 0 21 0 11 7 6 0 36 7 45 0 44 0 16 1 5 0 11 0 31 1 5 2 38 0 31 1 5 2 38 0 0 1 1 2 2 0 0 1 1 2 2 0 31 1 5 2 38 0 0 1 1 2 2 0 16 1 5 0 31 1 5 2 38 0 11 0 16 1 5 0 31 1 5 2 38 0 0 1 1 2 2 0 0 1 1 2 2 0 31 1 5 2 38 7 45 0 44 0 11 7 6 0 36 7 45 0 44 7 6 0 36 7 20 0 21 7 20 0 21 7 25 0 44 5 35 8 23 7 24 0 25 0 42 5 43 7 6 0 36 0 42 5 43 0 16 6 5 0 16 5 4 6 4 0 22 5 4 7 20 0 21 7 20 0 21 8 23 7 24 0 25 8 23 7 24 0 25 8 26 7 27 0 4 8 23 7 24 0 25 8 26 7 27 0 4 8 28 7 29 0 30 8 26 7 27 0 4 8 28 7 29 0 30 8 31 7 1 0 32 8 31 7 1 0 32 8 28 7 29 0 30 8 16 7 5 8 16 7 5 8 31 7 1 0 32 8 16 7 5 8 11 8 11 8 11 8 16 10 5 8 16 10 5 8 16 10 5 8 33 10 2 8 33 10 2 8 1 10 19 8 1 10 19 8 33 10 2 8 33 10 2 8 1 10 19 8 16 10 5 8 11 8 16 10 5 8 19 10 1 8 1 10 19 8 16 7 5 8 11 8 31 7 1 0 32 8 16 7 5 8 22 10 4 8 11 8 31 7 1 0 32 8 16 7 5 8 28 7 29 0 30 8 26 7 27 0 4 8 28 7 29 0 30 8 26 7 27 0 4 8 31 7 1 0 32 8 28 7 29 0 30 8 23 7 24 0 25 8 16 7 5 8 11 8 11 8 11 8 16 10 5 8 11 8 19 10 1 8 1 10 19 8 36 10 6 8 11 8 16 10 5 8 19 10 1 8 11 8 11 8 37 10 30 9 30 8 14 10 8 9 8 8 19 9 1 8 11 8 16 9 5 8 36 9 6 8 16 9 5 8 19 9 1 8 1 9 19 0 0 1 1 2 2 0 0 1 1 2 2 0 41 5 1 6 4 1 15 0 3 5 2 6 4 1 5 0 41 5 1 6 4 1 15 0 0 5 6 6 5 0 0 5 6 6 5 0 40 5 10 1 5 2 5 0 0 1 1 2 2 0 0 1 1 2 2 0 3 5 2 6 4 1 5 0 39 5 4 1 5 2 5 0 0 1 1 2 2 0 0 1 1 2 2 0 39 5 4 1 5 2 5 0 0 1 1 2 2 0 31 1 5 2 38 0 16 1 5 0 0 1 1 2 2 0 0 1 1 2 2 2 11 2 11 2 11 2 11 2 11 2 11 2 11 2 11 2 11 2 11 2 11 2 11 2 11 2 11 2 11 2 11 2 11 2 11 2 11 2 11 2 11 2 11 2 11 2 11 2 11 2 11 11 11 11 11 11 11 11 11 11 11 12 1 11 19 11 11 12 1 11 19 11 11 11 11 12 1 11 19 11 11 11 11 11 19 13 1 12 1 11 19 14 19 12 1 14 33 12 2 14 36 12 6 9 2 14 33 9 2 14 33 14 33 12 2 9 19 14 1 9 19 14 1 8 5 9 46 14 47 9 2 14 33 8 5 9 16 8 1 9 19 8 1 9 19 9 19 14 1 8 5 9 48 14 49 12 49 8 1 9 19 9 2 14 33 9 19 14 1 8 5 9 7 14 35 12 49 8 1 9 19 9 2 14 33 8 5 9 7 14 35 12 49 8 1 9 19 9 19 14 1 8 1 9 19 8 5 9 7 14 35 12 49 8 1 9 19 9 19 14 1 8 5 9 48 14 49 12 49 8 1 9 19 9 1 14 19 9 19 14 1 8 5 9 16 8 1 9 19 8 5 9 46 14 47 9 19 14 1 9 19 14 1 9 5 14 16 9 1 14 19 9 2 14 33 14 0 12 50 14 6 12 36 14 0 12 50 14 36 12 6 12 0 11 50 12 0 11 50 12 1 11 19 11 0 13 50 11 11 11 5 13 16 11 5 13 16 11 5 13 16 11 11 11 5 13 16 11 5 13 16 11 5 13 16 11 5 13 16 11 5 13 16 11 1 13 19 11 1 13 19 12 0 11 50 11 1 13 19 11 19 13 1 11 16 13 5 12 1 11 19 14 36 12 6 15 11 15 11 15 11 15 11 16 1 15 19 15 11 16 1 15 19 15 11 17 33 16 2 17 36 16 6 16 1 15 19 10 2 17 33 10 2 17 33 17 19 16 1 10 19 17 1 10 19 17 1 8 5 10 46 17 47 10 2 17 33 8 5 10 16 8 1 10 19 8 1 10 19 10 19 17 1 8 5 10 48 17 49 16 49 8 1 10 19 10 2 17 33 8 5 10 7 17 35 16 49 8 1 10 19 10 19 17 1 8 5 10 7 17 35 16 49 8 1 10 19 8 1 10 19 10 19 17 1 8 5 10 7 17 35 16 49 8 1 10 19 10 19 17 1 8 5 10 48 17 49 16 49 8 1 10 19 10 2 17 33 8 5 10 16 8 1 10 19 8 5 10 46 17 47 10 19 17 1 10 19 17 1 10 19 17 1 10 1 17 19 10 5 17 16 10 1 17 19 10 2 17 33 17 0 16 50 17 6 16 36 17 0 16 50 17 36 16 6 16 0 15 50 16 0 15 50 16 1 15 19 15 0 18 50 15 11 15 5 18 16 15 5 18 16 15 11 15 5 18 16 15 5 18 16 15 5 18 16 15 5 18 16 15 5 18 16 15 5 18 16 15 1 18 19 15 1 18 19 16 0 15 50 15 1 18 19 15 19 18 1 15 19 18 1 15 16 18 5 16 1 15 19 15 11 15 11 15 11 17 36 16 6 17 33 16 2 16 1 15 19 15 11 2 11 2 11 2 11 2 11 2 11 2 11 2 11 2 11 2 11 2 11 2 11 2 11 2 11 2 11 2 11 2 11 2 11 2 11 2 11 2 11 2 11 2 11 1 5 2 16 2 11 2 11 1 5 2 16 0 5 1 2 2 51 2 11 0 0 1 1 2 2 0 0 1 1 2 2 0 5 1 2 2 51 1 5 2 16 2 11 2 11 1 5 2 16 0 5 1 2 2 51 0 0 1 1 2 2 2 11 0 5 1 2 2 51 0 0 1 1 2 2 1 5 2 16 1 5 2 16 2 11 2 11 2 11 2 11 2 11 2 11 2 11 2 11 2 22 19 4 2 11 2 22 19 4 2 16 19 5 2 16 19 5 2 22 19 4 2 19 19 1 2 19 19 1 2 16 19 5 2 33 19 2 2 33 19 2 2 19 19 1 2 33 19 2 2 16 19 5 2 19 19 1 2 9 19 52 2 22 19 4 2 19 19 1 2 16 19 5 2 19 19 1 2 9 19 52 2 9 19 52 2 22 19 4 2 19 19 1 2 11 2 19 19 1 2 33 19 2 2 11 2 19 19 1 2 33 19 2 2 11 2 33 19 2 2 19 19 1 2 19 19 1 2 16 19 5 2 16 19 5 2 16 19 5 2 22 19 4 2 16 19 5 2 22 19 4 2 22 19 4 2 11 2 11 2 11 2 22 19 4 2 16 19 5 2 16 19 5 2 22 19 4 2 22 19 4 2 11 2 11 2 11 2 11 2 11 2 11 2 11 2 11 2 11 2 11 2 11 1 5 2 16 2 11 0 5 1 2 2 51 1 5 2 16 0 0 1 1 2 2 1 5 2 16 0 5 1 2 2 51 0 0 1 1 2 2 2 11 0 5 1 2 2 51 0 0 1 1 2 2 0 0 1 1 2 2 1 5 2 16 0 5 1 2 2 51 0 0 1 1 2 2 1 5 2 16 0 5 1 2 2 51 0 0 1 1 2 2 2 11 0 5 1 2 2 51 0 0 1 1 2 2 1 5 2 16 1 5 2 16 2 11 2 11 2 11 2 11 2 11 2 11 2 11 2 11 2 11 1 5 2 16 2 11 2 11 0 5 1 2 2 51 0 0 1 1 2 2 1 5 2 16 2 11 1 5 2 16 0 5 1 2 2 51 0 5 1 2 2 51 0 0 1 1 2 2 1 5 2 16 1 5 2 16 1 5 2 16 2 11 2 11 2 11 2 11 2 11 2 11 2 11 2 11 2 11 2 11 2 11 2 11 2 11 2 11 2 11 2 11 2 11 2 11 2 11 2 11 2 11 2 11 2 11 2 11 2 11 2 11 2 11 2 11 2 11 2 11 2 11 20 11 20 11 20 11 20 11 20 11 20 11 20 11 20 11 21 5 20 16 20 11 20 11 20 11 21 5 20 16 21 0 20 50 21 5 20 16 21 0 20 50 4 4 21 53 20 5 20 11 4 4 21 53 20 5 0 4 3 47 4 54 21 36 21 5 20 16 3 5 4 2 21 51 0 15 3 18 4 55 21 56 4 4 21 53 20 5 21 0 20 50 21 0 20 50 4 4 21 53 20 5 3 5 4 2 21 51 3 57 4 6 21 58 0 59 3 60 4 59 21 5 3 5 4 2 21 51 3 6 4 6 21 1 0 5 3 61 4 13 21 4 0 62 3 63 4 47 0 33 3 45 4 4 21 49 0 16 3 5 0 22 3 4 0 17 3 18 0 64 3 65 4 66 0 67 3 68 4 6 21 4 0 69 3 70 4 2 0 12 3 13 4 5 3 6 4 6 21 1 3 0 4 71 21 4 0 1 3 0 4 2 0 6 3 0 4 5 0 0 3 6 4 5 0 1 3 0 4 2 0 0 3 6 4 5 0 4 3 26 4 72 21 4 0 1 3 0 4 2 0 42 3 43 3 6 4 6 21 1 0 4 3 26 4 72 21 4 0 54 3 73 4 2 0 16 4 5 0 67 3 74 4 75 21 4 3 76 4 77 21 54 3 5 4 2 21 51 0 0 3 25 4 69 21 47 0 16 3 4 4 4 3 59 4 78 21 64 3 5 4 2 21 51 4 4 21 53 20 5 3 5 4 2 21 51 21 0 20 50 4 10 21 79 20 67 21 5 20 16 21 0 20 50 4 4 21 53 20 5 20 11 21 5 20 16 21 0 20 50 20 11 20 11 20 11 20 11 20 11 20 11 21 5 20 16 20 11 20 11 20 11 20 11 20 11 20 11 20 11 20 11 20 11 20 11 20 11 21 5 20 16 21 5 20 16 21 5 20 16 21 0 20 50 21 0 20 50 21 0 20 50 4 4 21 53 20 5 4 4 21 53 20 5 4 4 21 53 20 5 3 5 4 2 21 51 0 4 3 47 4 54 21 36 0 4 3 47 4 54 21 36 0 15 3 18 4 55 21 56 0 1 3 1 4 59 21 56 0 59 3 60 4 59 21 5 0 1 3 1 4 80 21 2 0 50 3 66 4 81 21 66 0 33 3 45 4 4 21 49 0 33 3 45 4 4 21 49 0 16 3 5 0 22 3 4 22 11 22 11 22 11 22 11 22 11 22 11 22 11 22 11 23 5 22 16 22 11 22 11 22 11 23 5 22 16 23 0 22 50 23 5 22 16 23 0 22 50 6 4 23 53 22 5 22 11 6 4 23 53 22 5 0 4 5 47 6 54 23 36 23 5 22 16 5 5 6 2 23 51 0 15 5 18 6 55 23 56 6 4 23 53 22 5 23 0 22 50 23 0 22 50 6 4 23 53 22 5 5 5 6 2 23 51 5 57 6 6 23 58 0 59 5 60 6 59 23 5 5 5 6 2 23 51 5 6 6 6 23 1 0 5 5 61 6 13 23 4 0 62 5 63 6 47 0 33 5 45 6 4 23 49 0 16 5 5 0 22 5 4 0 17 5 18 0 64 5 65 6 66 0 67 5 68 6 6 23 4 0 69 5 70 6 2 0 12 5 13 6 5 5 6 6 6 23 1 5 0 6 71 23 4 0 1 5 0 6 2 0 6 5 0 6 5 0 0 5 6 6 5 0 1 5 0 6 2 0 0 5 6 6 5 0 4 5 26 6 72 23 4 0 1 5 0 6 2 0 42 5 43 5 6 6 6 23 1 0 4 5 26 6 72 23 4 0 54 5 73 6 2 0 16 6 5 0 67 5 74 6 75 23 4 5 76 6 77 23 54 5 5 6 2 23 51 0 0 5 25 6 69 23 47 0 16 5 4 6 4 5 59 6 78 23 64 5 5 6 2 23 51 6 4 23 53 22 5 5 5 6 2 23 51 23 0 22 50 6 10 23 79 22 67 23 5 22 16 23 0 22 50 22 11 23 5 22 16 6 4 23 53 22 5 23 0 22 50 22 11 23 5 22 16 22 11 22 11 22 11 22 11 22 11 22 11 22 11 22 11 22 11 22 11 22 11 22 11 22 11 22 11 22 11 22 11 23 5 22 16 23 5 22 16 23 5 22 16 23 0 22 50 23 0 22 50 23 0 22 50 6 4 23 53 22 5 6 4 23 53 22 5 6 4 23 53 22 5 5 5 6 2 23 51 0 4 5 47 6 54 23 36 0 4 5 47 6 54 23 36 0 15 5 18 6 55 23 56 0 1 5 1 6 59 23 56 0 59 5 60 6 59 23 5 0 1 5 1 6 80 23 2 0 50 5 66 6 81 23 66 0 33 5 45 6 4 23 49 0 33 5 45 6 4 23 49 0 16 5 5 0 22 5 4 2 11 2 11 2 11 2 11 2 11 2 11 2 11 2 11 2 11 2 11 2 11 2 11 2 11 2 11 2 11 2 11 2 11 2 11 2 11 2 11 2 11 2 11 2 11 2 11 2 11 2 11 2 11 2 11 2 11 2 11 2 11 2 11 2 11 2 11 2 11 2 11 2 11 2 11 2 11 2 11 2 11 2 11 2 11 2 11 2 11 2 11 2 11 2 11 2 11 2 11 2 11 2 11 2 11 2 11 2 11 2 11 2 11 2 11 2 11 2 11 2 11 2 11 2 11 2 11 2 11 2 11 2 11 2 11 2 11 2 11 2 11 2 11 1 5 2 16 1 5 2 16 1 5 2 16 0 5 1 2 2 51 0 5 1 2 2 51 0 0 1 1 2 2 0 0 1 1 2 2 0 0 1 1 2 2 0 5 1 2 2 51 0 0 1 1 2 2 0 5 1 2 2 51 0 0 1 1 2 2 1 5 2 16 0 5 1 2 2 51 2 11 1 5 2 16 2 11 2 11 2 11 2 11 2 11 2 11 2 11 2 11 2 11 2 11 2 11 2 11 2 11 2 11 2 11 2 11 2 11 2 11 2 11 2 11 2 11 2 11 2 11 2 11 2 11 2 11 2 11 2 11 2 11 2 11 2 11 2 11 2 11 2 11 2 11 2 11 2 11 2 11 2 11 2 11 2 11 2 11 2 11 2 11 2 11 2 11 2 11 2 11 2 11 2 11 2 11 2 11 2 11 2 11 2 11 2 11 2 11 2 11 2 11 2 11 2 11 2 11 2 11 2 11 2 11 2 11 2 11 2 11 2 11 2 11 2 11 2 11 2 11 2 11 2 11 2 11 2 11 2 11 2 11 2 11 2 11 2 11 2 11 2 11 2 11 2 11 2 11 2 11 2 11 2 11 2 11 2 11 2 11 2 11 2 11 2 11 2 11 2 11 2 11 2 11 2 11 2 11 2 11 2 11 2 11 2 11 2 11 2 11 2 11 2 11 2 11 2 11 2 11 2 11 2 11 2 11 2 11 2 11 2 11 2 11 2 11 2 11 2 11 2 11 2 11 2 11 2 11 2 11 2 11 2 11 2 11 2 11 2 11 2 11 2 11 2 11 2 11 2 11 2 11 2 11 2 11 2 11 2 11 2 11 2 11 2 11 2 11 2 11 2 11 2 11 2 11 2 11 2 11 2 11 2 11 2 11 2 11 2 11 2 11 2 11 2 11 2 11 2 11 2 11 2 11 2 11 2 11 2 11 2 11 2 11 2 11 2 11 2 11 2 11 2 11 2 11 2 11 2 11 2 11 2 11 2 11 2 11 2 11 2 11 2 11 2 11 2 11 2 11 2 11 2 11 2 11 2 11 2 11 2 11 2 11 2 11 2 11 2 11 2 11 2 11 2 11 2 11 2 11 2 11 2 11 2 11 2 11 2 11 2 11 2 11 1 5 2 16 1 5 2 16 1 5 2 16 1 5 2 16 0 5 1 2 2 51 0 5 1 2 2 51 0 0 1 1 2 2 0 0 1 1 2 2 0 0 1 1 2 2 0 5 1 2 2 51 0 0 1 1 2 2 0 5 1 2 2 51 0 0 1 1 2 2 1 5 2 16 0 5 1 2 2 51 2 11 2 11 2 11 1 5 2 16 2 11 2 11 2 11 2 11 2 11 2 11 1 5 2 16 2 11 0 5 1 2 2 51 0 0 1 1 2 2 0 0 1 1 2 2 1 5 2 16 0 5 1 2 2 51 0 0 1 1 2 2 2 11 0 5 1 2 2 51 0 0 1 1 2 2 1 5 2 16 0 5 1 2 2 51 1 5 2 16 2 11 2 11 2 11 2 11 2 11 2 11 2 11 2 11 2 11 2 11 2 11 2 11 2 11 2 11 2 11 2 11 2 11 2 11 2 11 2 11 2 11 2 11 2 11 2 11 2 11 2 11 1 5 2 16 2 11 1 5 2 16 0 5 1 2 2 51 0 0 1 1 2 2 1 5 2 16 0 5 1 2 2 51 0 0 1 1 2 2 2 11 1 5 2 16 0 5 1 2 2 51 0 0 1 1 2 2 1 5 2 16 2 11 1 5 2 16 2 11 2 11 2 11 2 11 2 11 2 11 2 11 2 11 2 11 2 11 2 11 2 11 2 11 2 11 2 11 2 11 2 11 2 11 2 11 2 11 2 11 2 11 2 11 2 11 2 11 2 11 2 11 2 11 2 11 2 11 2 11 2 11 2 11 2 11 2 11 2 11 2 11 2 11 2 11 2 11 2 11 2 11 2 11 2 11 2 11 2 11 2 11 2 11 2 11 2 11 2 11 2 11 2 11 2 11 2 11 2 11 2 11 2 11 2 11 2 11 2 11 2 11 2 11 2 11 2 11 2 11 2 11 2 11 2 11 2 11 2 11 2 11 2 11 2 11 2 11 2 11 20 11 20 11 20 11 20 11 20 11 20 11 20 11 20 11 20 11 20 11 22 11 22 11 22 11 22 11 22 11 22 11 22 11 22 11 22 11 22 11 11 11 11 5 13 16 11 5 13 16 11 5 13 16 11 11 11 1 13 19 11 11 11 19 13 1 11 11 11 11 11 11 15 11 15 5 18 16 15 5 18 16 15 5 18 16 15 11 15 1 18 19 15 11 15 19 18 1 15 11 15 11 15 11 24 10 25 82 24 52 25 9 24 10 25 82 24 52 25 9 24 52 25 9 24 10 25 82 24 29 25 83 24 29 25 83 24 29 25 83 24 52 25 9 24 10 25 82 24 29 25 83 24 52 25 9 24 10 25 82 24 29 25 83 24 52 25 9 24 10 25 82 24 29 25 83 24 52 25 9 24 10 25 82 24 29 25 83 24 52 25 9 24 10 25 82 24 29 25 83 24 52 25 9 24 10 25 82 24 10 25 82 24 29 25 83 24 52 25 9 24 10 25 82 24 0 25 50 24 52 25 9 24 10 25 82 24 29 25 83 24 52 25 9 24 10 25 82 24 29 25 83 24 52 25 9 24 10 25 82 24 29 25 83 24 0 25 50 24 0 25 50 24 29 25 83 24 52 25 9 24 10 25 82 24 0 25 50 24 52 25 9 24 10 25 82 24 29 25 83 24 52 25 9 24 10 25 82 24 52 25 9 24 29 25 83 24 29 25 83 24 29 25 83 24 0 25 50 24 0 25 50 24 0 25 50 24 0 25 50 24 83 25 29 24 83 25 29 24 83 25 29 24 31 25 58 24 31 25 58 24 31 25 58 24 83 25 29 24 31 25 58 24 16 25 5 24 16 25 5 24 16 25 5 8 4 24 16 25 4 8 4 24 16 25 4 8 1 24 19 24 16 25 5 8 4 24 16 25 4 8 1 24 19 8 0 24 50 8 4 24 16 25 4 8 0 24 50 8 11 8 1 24 19 8 11 8 0 24 50 8 1 24 19 8 0 24 50 8 11 8 4 24 16 25 4 8 0 24 50 8 1 24 19 8 0 24 50 8 11 8 1 24 19 8 4 24 16 25 4 24 16 25 5 24 16 25 5 24 31 25 58 24 83 25 29 24 31 25 58 24 0 25 50 24 83 25 29 24 83 25 29 24 31 25 58 24 83 25 29 24 31 25 58 24 16 25 5 24 83 25 29 8 4 24 16 25 4 24 16 25 5 24 31 25 58 8 1 24 19 8 4 24 16 25 4 8 0 24 50 8 1 24 19 8 0 24 50 8 11 8 1 24 19 8 0 24 50 8 0 24 50 8 11 8 4 24 16 25 4 8 0 24 50 24 16 25 5 8 4 24 16 25 4 8 1 24 19 24 16 25 5 8 1 24 19 8 4 24 16 25 4 8 0 24 50 8 11 8 1 24 19 8 0 24 50 8 0 24 50 8 11 8 1 24 19 8 4 24 16 25 4 24 16 25 5 8 4 24 16 25 4 24 31 25 58 24 16 25 5 24 31 25 58 24 83 25 29 24 83 25 29 24 0 25 50 24 0 25 50 24 0 25 50 24 83 25 29 24 0 25 50 24 31 25 58 24 83 25 29 24 0 25 50 24 31 25 58 24 83 25 29 24 0 25 50 24 16 25 5 24 31 25 58 24 83 25 29 24 0 25 50 24 0 25 50 24 83 25 29 24 83 25 29 24 31 25 58 24 31 25 58 24 31 25 58 24 16 25 5 24 16 25 5 24 16 25 5 24 16 25 5 8 4 24 16 25 4 8 4 24 16 25 4 8 1 24 19 8 4 24 16 25 4 8 1 24 19 8 0 24 50 8 4 24 16 25 4 8 1 24 19 8 0 24 50 8 11 8 0 24 50 8 1 24 19 24 10 25 82 24 4 25 22 24 10 25 82 24 10 25 82 24 4 25 22 24 10 25 82 24 4 25 22 24 10 25 82 25 11 24 4 25 22 24 4 25 22 25 11 24 4 25 22 24 10 25 82 25 11 24 4 25 22 24 10 25 82 24 4 25 22 24 10 25 82 25 11 24 4 25 22 24 10 25 82 24 4 25 22 24 10 25 82 25 11 24 4 25 22 24 10 25 82 24 10 25 82 24 4 25 22 24 10 25 82 25 11 24 4 25 22 24 10 25 82 25 11 25 11 24 4 25 22 24 10 25 82 24 4 25 22 24 10 25 82 24 4 25 22 25 11 2 9 19 52 2 9 19 52 2 84 19 78 2 84 19 78 2 84 19 78 2 33 19 2 2 71 19 85 2 71 19 85 2 71 19 85 2 86 19 87 2 86 19 87 2 84 19 78 2 33 19 2 2 33 19 2 2 71 19 85 2 84 19 78 2 33 19 2 2 86 19 87 2 84 19 78 2 33 19 2 2 71 19 85 2 84 19 78 2 33 19 2 2 71 19 85 2 86 19 87 2 88 19 75 2 33 19 2 2 71 19 85 2 88 19 75 2 33 19 2 2 71 19 85 2 88 19 75 2 33 19 2 2 71 19 85 2 86 19 87 2 88 19 75 2 86 19 87 2 71 19 85 2 86 19 87 2 88 19 75 2 33 19 2 2 71 19 85 2 88 19 75 2 33 19 2 2 71 19 85 2 71 19 85 2 88 19 75 2 33 19 2 2 71 19 85 2 84 19 78 2 33 19 2 2 71 19 85 2 84 19 78 2 33 19 2 2 71 19 85 2 84 19 78 2 33 19 2 2 71 19 85 2 84 19 78 2 33 19 2 2 33 19 2 2 71 19 85 2 84 19 78 2 9 19 52 2 84 19 78 2 9 19 52 2 84 19 78 2 71 19 85 2 71 19 85 2 71 19 85 2 86 19 87 2 86 19 87 2 86 19 87 2 10 19 82 2 10 19 82 19 11 2 86 19 87 19 11 2 10 19 82 19 11 19 11 2 10 19 82 2 86 19 87 2 32 19 89 2 10 19 82 2 86 19 87 2 10 19 82 2 86 19 87 2 32 19 89 2 10 19 82 2 86 19 87 2 10 19 82 2 86 19 87 2 32 19 89 2 10 19 82 2 86 19 87 2 10 19 82 2 86 19 87 2 32 19 89 2 10 19 82 2 86 19 87 2 10 19 82 2 32 19 89 2 10 19 82 2 10 19 82 2 32 19 89 2 10 19 82 2 10 19 82 2 32 19 89 2 86 19 87 2 10 19 82 2 86 19 87 2 10 19 82 2 10 19 82 19 11 19 11 19 11 2 10 19 82 2 10 19 82 </v>
        </vertex_weights>
      </skin>
    </controller>
    <controller id="Armature_Body__mCapVis-mesh">
      <skin source="#Body__mCapVis-mesh">
        <bind_shape_matrix>1 0 0 0 0 1 0 0 0 0 1 0 0 0 0 1</bind_shape_matrix>
        <source id="Body__mCapVis-mesh-joint">
          <Name_array id="Body__mCapVis-mesh-joint-array" count="3">Head Ear_1_R Ear_1_L</Name_array>
          <technique_common>
            <accessor source="#Body__mCapVis-mesh-joint-array" count="3" stride="1">
              <param name="JOINT" type="name" />
            </accessor>
          </technique_common>
        </source>
        <source id="Body__mCapVis-mesh-inv_bind_matrix">
          <float_array id="Body__mCapVis-mesh-inv_bind_matrix-array" count="48">5.960466E-08 0.9999998 -2.086162E-07 -7.916768 -2.086162E-07 5.960466E-08 0.9999998 -1.677478E-07 0.9999998 -2.086162E-07 5.960466E-08 5.871169E-07 0 0 0 1 -5.960469E-08 -0.9999998 3.596119E-07 13.31608 2.086161E-07 -2.106004E-07 -0.9999998 -0.58046 0.9999998 -2.086162E-07 5.960466E-08 2.175933 0 0 0 1 5.960466E-08 0.9999998 -2.086162E-07 -13.3161 -2.086162E-07 5.960466E-08 0.9999998 0.5804618 0.9999998 -2.086162E-07 5.960466E-08 -2.175929 0 0 0 1</float_array>
          <technique_common>
            <accessor source="#Body__mCapVis-mesh-inv_bind_matrix-array" count="3" stride="16">
              <param name="TRANSFORM" type="float4x4" />
            </accessor>
          </technique_common>
        </source>
        <source id="Body__mCapVis-mesh-weight">
          <float_array id="Body__mCapVis-mesh-weight-array" count="89">1 0.8980392 0.1019608 0.7490196 0.2509804 0.7607843 0.2392157 0.4901961 0.509804 0.4980392 0.5019608 0.8 0.2 0.7803922 0.2196078 0.7686275 0.2313726 0.6117647 0.3882353 0.6196079 0.3803922 0.4392157 0.5607843 0.4588235 0.5411765 0.5882353 0.4117647 0.4313726 0.5686275 0.4196078 0.5803922 0.07843138 0.9215686 0.03137255 0.9686275 0.01960784 0.9803922 0.6 0.4 0.2705882 0.7294118 0.1294118 0.8705882 0.05882353 0.9411765 0.01176471 0.9882353 0.05098039 0.9490196 0.2901961 0.7098039 0.1215686 0.8784314 0.2784314 0.7215686 0.3019608 0.6980392 0.1490196 0.8509804 0.1607843 0.8392157 0.07058824 0.9294118 0.1686275 0.8313726 0.03921569 0.9607843 0.1098039 0.8901961 0.4705882 0.5294118 0.3215686 0.6784314 0.1411765 0.8588235 0.09019608 0.9098039 0.1803922 0.8196079 0.3490196 0.6509804 0.3294118 0.6705883 0.1882353 0.8117647 0.3098039 0.6901961 0.5215687 0.4784314</float_array>
          <technique_common>
            <accessor source="#Body__mCapVis-mesh-weight-array" count="89" stride="1">
              <param name="WEIGHT" type="float" />
            </accessor>
          </technique_common>
        </source>
        <joints>
          <input semantic="JOINT" source="#Body__mCapVis-mesh-joint" />
          <input semantic="INV_BIND_MATRIX" source="#Body__mCapVis-mesh-inv_bind_matrix" />
        </joints>
        <vertex_weights count="440">
          <input semantic="JOINT" source="#Body__mCapVis-mesh-joint" offset="0" />
          <input semantic="WEIGHT" source="#Body__mCapVis-mesh-weight" offset="1" />
          <vcount>1 1 2 2 2 2 1 2 2 2 2 1 2 2 1 2 2 1 2 2 2 1 2 2 1 2 2 1 1 2 2 1 2 2 1 2 2 2 1 2 2 1 2 2 1 2 2 1 2 1 2 2 2 2 2 2 2 2 2 2 2 2 2 2 2 2 2 2 2 2 2 1 2 2 2 2 2 2 2 2 2 1 2 2 1 2 2 2 2 2 2 2 2 2 2 2 2 2 2 2 2 2 2 2 2 2 2 2 2 2 2 2 2 2 2 2 2 2 2 2 2 2 2 2 2 2 2 2 2 2 2 2 2 2 1 1 2 2 2 2 1 2 2 2 2 1 2 2 1 2 2 1 2 2 2 1 2 2 1 2 2 1 1 2 2 1 2 2 1 2 2 2 1 2 2 1 2 2 1 2 2 1 2 1 2 2 2 2 2 2 2 2 2 2 2 2 2 2 2 2 2 2 2 2 1 2 2 2 2 2 2 2 2 2 2 2 2 2 2 2 1 2 1 2 2 2 2 2 2 2 2 2 2 2 2 2 2 2 2 2 2 2 2 2 2 2 2 2 2 2 2 2 2 2 2 2 2 2 2 2 2 2 2 2 2 2 2 2 1 2 1 2 2 1 2 2 2 2 1 2 2 1 2 2 1 2 2 1 2 2 1 1 2 2 1 2 1 2 2 1 2 2 1 2 2 2 2 2 2 2 2 2 2 2 2 2 2 2 2 2 2 2 2 2 2 2 2 2 2 1 2 2 2 2 2 2 2 2 2 2 2 2 2 2 2 2 2 2 2 2 2 2 2 2 2 2 1 1 2 2 2 1 2 2 2 2 2 2 2 2 2 2 2 2 2 2 1 2 2 2 1 2 2 1 2 2 1 2 2 1 1 2 2 1 2 1 2 2 1 2 2 1 2 2 2 2 2 2 2 2 2 2 2 2 2 2 2 2 2 2 2 2 2 2 2 2 2 2 1 2 2 2 2 2 2 2 2 2 2 2 </vcount>
          <v>0 0 0 0 0 1 1 2 0 1 1 2 0 3 1 4 0 1 1 2 0 0 0 5 1 6 0 7 1 8 0 5 1 6 0 1 1 2 0 0 0 3 1 4 0 1 1 2 0 0 0 3 1 4 0 1 1 2 0 0 0 3 1 4 0 9 1 10 0 1 1 2 0 0 0 3 1 4 0 1 1 2 0 0 0 3 1 4 0 1 1 2 0 0 0 0 0 9 1 10 0 1 1 2 0 0 0 9 1 10 0 1 1 2 0 0 0 5 1 6 0 5 1 6 0 1 1 2 0 0 0 11 1 12 0 1 1 2 0 0 0 13 1 14 0 1 1 2 0 0 0 15 1 16 0 1 1 2 0 0 0 15 1 16 0 0 0 1 1 2 0 1 1 2 0 3 1 4 0 5 1 6 0 5 1 6 0 17 1 18 0 19 1 20 0 17 1 18 0 21 1 22 0 23 1 24 0 25 1 26 0 27 1 28 0 14 1 13 0 14 1 13 0 29 1 30 0 31 1 32 0 2 1 1 0 6 1 5 0 33 1 34 0 25 1 26 0 35 1 36 1 0 0 37 1 38 0 27 1 28 0 37 1 38 0 21 1 22 0 4 1 3 0 39 1 40 0 2 1 1 0 41 1 42 0 33 1 34 1 0 0 35 1 36 0 43 1 44 1 0 0 45 1 46 0 33 1 34 0 47 1 48 0 45 1 46 0 41 1 42 0 41 1 42 0 49 1 50 0 33 1 34 0 51 1 52 0 39 1 40 0 53 1 54 0 9 1 10 0 9 1 10 0 9 1 10 0 55 1 56 0 55 1 56 0 57 1 58 0 55 1 56 0 59 1 60 0 47 1 48 0 61 1 62 0 63 1 64 0 35 1 36 0 47 1 48 0 35 1 36 0 65 1 66 0 31 1 32 0 57 1 58 0 67 1 68 0 53 1 54 0 63 1 64 0 69 1 70 0 71 1 72 0 12 1 11 0 38 1 37 0 8 1 7 0 73 1 74 0 8 1 7 0 38 1 37 0 75 1 76 0 67 1 68 0 2 1 1 0 75 1 76 0 51 1 52 0 73 1 74 0 38 1 37 0 77 1 78 0 8 1 7 0 55 1 56 0 0 0 0 0 1 2 2 0 1 2 2 0 3 2 4 0 1 2 2 0 0 0 5 2 6 0 7 2 8 0 5 2 6 0 1 2 2 0 0 0 3 2 4 0 1 2 2 0 0 0 3 2 4 0 1 2 2 0 0 0 3 2 4 0 9 2 10 0 1 2 2 0 0 0 3 2 4 0 1 2 2 0 0 0 3 2 4 0 1 2 2 0 0 0 0 0 9 2 10 0 1 2 2 0 0 0 9 2 10 0 1 2 2 0 0 0 5 2 6 0 5 2 6 0 1 2 2 0 0 0 11 2 12 0 1 2 2 0 0 0 13 2 14 0 1 2 2 0 0 0 15 2 16 0 1 2 2 0 0 0 15 2 16 0 0 0 1 2 2 0 1 2 2 0 3 2 4 0 5 2 6 0 5 2 6 0 17 2 18 0 19 2 20 0 17 2 18 0 21 2 22 0 23 2 24 0 25 2 26 0 27 2 28 0 14 2 13 0 14 2 13 0 25 2 26 0 31 2 32 0 2 2 1 0 33 2 34 0 6 2 5 0 35 2 36 2 0 0 2 2 1 0 29 2 30 0 4 2 3 0 27 2 28 0 37 2 38 0 39 2 40 0 37 2 38 0 21 2 22 0 8 2 7 0 69 2 70 0 53 2 54 0 41 2 42 0 57 2 58 0 33 2 34 0 43 2 44 2 0 0 35 2 36 2 0 0 45 2 46 0 33 2 34 0 47 2 48 0 45 2 46 0 41 2 42 0 41 2 42 0 49 2 50 0 33 2 34 0 39 2 40 0 51 2 52 0 9 2 10 0 53 2 54 0 9 2 10 0 9 2 10 0 55 2 56 0 55 2 56 0 57 2 58 0 55 2 56 0 59 2 60 0 47 2 48 0 61 2 62 0 63 2 64 0 35 2 36 0 47 2 48 0 35 2 36 0 65 2 66 0 31 2 32 0 63 2 64 0 67 2 68 0 71 2 72 0 12 2 11 0 38 2 37 0 73 2 74 0 75 2 76 0 8 2 7 0 38 2 37 0 67 2 68 0 2 2 1 0 75 2 76 0 51 2 52 0 73 2 74 0 38 2 37 0 77 2 78 0 55 2 56 0 8 2 7 0 0 0 1 1 2 0 0 0 1 1 2 0 1 1 2 0 0 0 3 1 4 0 3 1 4 0 3 1 4 0 1 1 2 0 0 0 3 1 4 0 1 1 2 0 0 0 3 1 4 0 1 1 2 0 0 0 3 1 4 0 1 1 2 0 0 0 3 1 4 0 1 1 2 0 0 0 0 0 3 1 4 0 1 1 2 0 0 0 1 1 2 0 0 0 3 1 4 0 1 1 2 0 0 0 3 1 4 0 1 1 2 0 0 0 1 1 2 0 3 1 4 0 3 1 4 0 3 1 4 0 7 1 8 0 7 1 8 0 49 1 50 0 7 1 8 0 53 1 54 0 41 1 42 0 9 1 10 0 79 1 80 0 59 1 60 0 47 1 48 0 81 1 82 0 9 1 10 0 6 1 5 0 81 1 82 0 9 1 10 0 83 1 84 0 55 1 56 0 9 1 10 0 75 1 76 0 59 1 60 0 43 1 44 0 35 1 36 1 0 0 59 1 60 0 43 1 44 0 33 1 34 0 75 1 76 0 2 1 1 0 55 1 56 0 63 1 64 0 57 1 58 0 85 1 86 0 9 1 10 0 14 1 13 0 79 1 80 0 9 1 10 0 85 1 86 0 18 1 17 0 87 1 88 0 21 1 22 0 4 1 3 0 14 1 13 0 22 1 21 0 69 1 70 0 23 1 24 0 25 1 26 0 19 1 20 0 1 2 2 0 1 2 2 0 0 0 0 0 3 2 4 0 3 2 4 0 1 2 2 0 0 0 3 2 4 0 25 2 26 0 19 2 20 0 23 2 24 0 22 2 21 0 69 2 70 0 14 2 13 0 87 2 88 0 4 2 3 0 21 2 22 0 2 2 1 0 3 2 4 0 18 2 17 0 1 2 2 0 0 0 9 2 10 0 3 2 4 0 1 2 2 0 0 0 9 2 10 0 1 2 2 0 0 0 3 2 4 0 1 2 2 0 0 0 3 2 4 0 1 2 2 0 0 0 0 0 3 2 4 0 1 2 2 0 0 0 1 2 2 0 0 0 3 2 4 0 1 2 2 0 0 0 3 2 4 0 1 2 2 0 0 0 1 2 2 0 3 2 4 0 3 2 4 0 3 2 4 0 7 2 8 0 7 2 8 0 49 2 50 0 7 2 8 0 53 2 54 0 41 2 42 0 9 2 10 0 79 2 80 0 59 2 60 0 47 2 48 0 81 2 82 0 9 2 10 0 6 2 5 0 81 2 82 0 9 2 10 0 83 2 84 0 55 2 56 0 9 2 10 0 75 2 76 0 59 2 60 0 43 2 44 0 35 2 36 2 0 0 59 2 60 0 43 2 44 0 33 2 34 0 75 2 76 0 55 2 56 0 63 2 64 0 57 2 58 0 85 2 86 0 14 2 13 0 85 2 86 0 79 2 80 </v>
        </vertex_weights>
      </skin>
    </controller>
    <controller id="Armature_Body__mEye-mesh">
      <skin source="#Body__mEye-mesh">
        <bind_shape_matrix>1 0 0 0 0 1 0 0 0 0 1 0 0 0 0 1</bind_shape_matrix>
        <source id="Body__mEye-mesh-joint">
          <Name_array id="Body__mEye-mesh-joint-array" count="2">Head Nose</Name_array>
          <technique_common>
            <accessor source="#Body__mEye-mesh-joint-array" count="2" stride="1">
              <param name="JOINT" type="name" />
            </accessor>
          </technique_common>
        </source>
        <source id="Body__mEye-mesh-inv_bind_matrix">
          <float_array id="Body__mEye-mesh-inv_bind_matrix-array" count="32">5.960466E-08 0.9999998 -2.086162E-07 -7.916768 -2.086162E-07 5.960466E-08 0.9999998 -1.677478E-07 0.9999998 -2.086162E-07 5.960466E-08 5.871169E-07 0 0 0 1 -2.068209E-07 0.02868034 0.9995884 -3.77944 -6.556332E-08 -0.9995884 0.02868049 9.238351 0.9999998 -2.086161E-07 5.960466E-08 5.871168E-07 0 0 0 1</float_array>
          <technique_common>
            <accessor source="#Body__mEye-mesh-inv_bind_matrix-array" count="2" stride="16">
              <param name="TRANSFORM" type="float4x4" />
            </accessor>
          </technique_common>
        </source>
        <source id="Body__mEye-mesh-weight">
          <float_array id="Body__mEye-mesh-weight-array" count="9">1 0.9490196 0.05098039 0.8980392 0.1019608 0.8 0.2 0.6980392 0.3019608</float_array>
          <technique_common>
            <accessor source="#Body__mEye-mesh-weight-array" count="9" stride="1">
              <param name="WEIGHT" type="float" />
            </accessor>
          </technique_common>
        </source>
        <joints>
          <input semantic="JOINT" source="#Body__mEye-mesh-joint" />
          <input semantic="INV_BIND_MATRIX" source="#Body__mEye-mesh-inv_bind_matrix" />
        </joints>
        <vertex_weights count="273">
          <input semantic="JOINT" source="#Body__mEye-mesh-joint" offset="0" />
          <input semantic="WEIGHT" source="#Body__mEye-mesh-weight" offset="1" />
          <vcount>1 1 1 1 1 1 1 1 1 1 1 1 1 1 1 1 1 1 1 1 1 1 1 1 1 1 1 1 1 2 1 1 2 2 1 2 2 2 1 1 1 1 1 1 1 1 1 1 1 1 1 1 1 1 1 1 1 1 1 1 1 1 1 1 1 1 1 1 1 1 1 1 1 1 1 1 1 1 1 1 1 1 1 1 1 1 1 1 1 1 1 1 1 1 1 1 1 1 1 1 1 1 1 1 1 1 1 1 1 1 1 1 1 1 1 1 1 1 1 1 1 1 1 1 1 1 1 1 1 1 1 1 2 1 1 2 2 2 2 2 1 2 2 2 2 2 2 2 2 2 2 2 2 2 2 2 2 2 2 2 2 2 2 2 2 2 2 2 2 2 2 2 2 2 2 2 2 1 2 1 1 1 1 1 1 1 1 1 1 1 1 1 1 1 1 1 1 1 1 1 1 1 1 1 1 1 1 1 1 1 1 1 1 1 1 1 1 1 1 1 1 1 1 1 1 1 1 1 1 1 1 1 1 1 1 1 1 1 1 1 1 1 2 1 2 1 1 1 1 1 1 1 1 1 1 1 1 1 2 1 2 1 1 2 1 1 1 1 1 1 1 1 1 </vcount>
          <v>0 0 0 0 0 0 0 0 0 0 0 0 0 0 0 0 0 0 0 0 0 0 0 0 0 0 0 0 0 0 0 0 0 0 0 0 0 0 0 0 0 0 0 0 0 0 0 0 0 0 0 0 0 0 0 0 0 0 0 1 1 2 0 0 0 0 0 1 1 2 0 3 1 4 0 0 0 3 1 4 0 5 1 6 0 1 1 2 0 0 0 0 0 0 0 0 0 0 0 0 0 0 0 0 0 0 0 0 0 0 0 0 0 0 0 0 0 0 0 0 0 0 0 0 0 0 0 0 0 0 0 0 0 0 0 0 0 0 0 0 0 0 0 0 0 0 0 0 0 0 0 0 0 0 0 0 0 0 0 0 0 0 0 0 0 0 0 0 0 0 0 0 0 0 0 0 0 0 0 0 0 0 0 0 0 0 0 0 0 0 0 0 0 0 0 0 0 0 0 0 0 0 0 0 0 0 0 0 0 0 0 0 0 0 0 0 0 0 0 0 0 0 0 0 0 0 0 0 0 0 0 0 0 0 0 0 0 0 0 0 0 0 0 0 0 0 0 0 0 0 0 0 0 0 0 0 0 0 0 0 0 0 0 0 0 0 0 0 0 0 0 0 0 0 0 0 0 1 1 2 0 0 0 0 0 1 1 2 0 3 1 4 0 1 1 2 0 3 1 4 0 5 1 6 0 0 0 5 1 6 0 7 1 8 0 7 1 8 0 3 1 4 0 5 1 6 0 7 1 8 0 1 1 2 0 5 1 6 0 7 1 8 0 3 1 4 0 5 1 6 0 7 1 8 0 3 1 4 0 5 1 6 0 7 1 8 0 3 1 4 0 5 1 6 0 7 1 8 0 7 1 8 0 3 1 4 0 5 1 6 0 7 1 8 0 5 1 6 0 7 1 8 0 3 1 4 0 5 1 6 0 7 1 8 0 3 1 4 0 5 1 6 0 7 1 8 0 3 1 4 0 5 1 6 0 7 1 8 0 3 1 4 0 1 1 2 0 1 1 2 0 0 0 1 1 2 0 0 0 0 0 0 0 0 0 0 0 0 0 0 0 0 0 0 0 0 0 0 0 0 0 0 0 0 0 0 0 0 0 0 0 0 0 0 0 0 0 0 0 0 0 0 0 0 0 0 0 0 0 0 0 0 0 0 0 0 0 0 0 0 0 0 0 0 0 0 0 0 0 0 0 0 0 0 0 0 0 0 0 0 0 0 0 0 0 0 0 0 0 0 0 0 0 0 0 0 0 0 0 0 0 0 0 0 0 0 0 0 0 0 0 0 0 0 0 0 0 0 0 0 0 0 0 1 1 2 0 0 0 1 1 2 0 0 0 0 0 0 0 0 0 0 0 0 0 0 0 0 0 0 0 0 0 0 0 0 0 0 0 1 1 2 0 0 0 1 1 2 0 0 0 0 0 1 1 2 0 0 0 0 0 0 0 0 0 0 0 0 0 0 0 0 0 0 </v>
        </vertex_weights>
      </skin>
    </controller>
  </library_controllers>
  <library_visual_scenes>
    <visual_scene id="Scene" name="Scene">
      <node id="Armature" name="Armature" type="NODE">
        <matrix sid="transform">1 0 0 0 0 1 0 0 0 0 1 0 0 0 0 1</matrix>
        <node id="Armature_Root" name="Root" sid="Root" type="JOINT">
          <matrix sid="transform">1 0 0 0 0 1 0 0 0 0 1 0 0 0 0 1</matrix>
          <node id="Armature_Trans_Root" name="Trans_Root" sid="Trans_Root" type="JOINT">
            <matrix sid="transform">1 0 0 0 0 1 0 0 0 0 1 0 0 0 0 1</matrix>
            <node id="Armature_Skl_Root" name="Skl_Root" sid="Skl_Root" type="JOINT">
              <matrix sid="transform">1 0 0 0 0 1 0 2.81434 0 0 1 0 0 0 0 1</matrix>
              <node id="Armature_Spine_1" name="Spine_1" sid="Spine_1" type="JOINT">
                <matrix sid="transform">2.086163E-07 -5.960464E-08 1 0 1 2.086163E-07 -5.960464E-08 0 -5.960464E-08 1 2.086163E-07 0 0 0 0 1</matrix>
                <node id="Armature_Spine_2" name="Spine_2" sid="Spine_2" type="JOINT">
                  <matrix sid="transform">1 0 0 2.169108 0 1 0 0 0 0 1 0 0 0 0 1</matrix>
                  <node id="Armature_Spine_3" name="Spine_3" sid="Spine_3" type="JOINT">
                    <matrix sid="transform">1 0 0 1.57372 0 1 0 0 0 0 1 0 0 0 0 1</matrix>
                    <node id="Armature_Clavicle_L" name="Clavicle_L" sid="Clavicle_L" type="JOINT">
                      <matrix sid="transform">7.54979E-08 0 -1 0.908364 0 1 0 0 1 0 7.54979E-08 0.7 0 0 0 1</matrix>
                      <node id="Armature_Arm_1_L" name="Arm_1_L" sid="Arm_1_L" type="JOINT">
                        <matrix sid="transform">1 0 0 0.989264 0 1 0 0 0 0 1 0.219672 0 0 0 1</matrix>
                        <node id="Armature_Arm_1_L_Sub" name="Arm_1_L_Sub" sid="Arm_1_L_Sub" type="JOINT">
                          <matrix sid="transform">1 0 0 0.697546 0 1 0 0 0 0 1 0 0 0 0 1</matrix>
                          <node id="Armature_Arm_2_L" name="Arm_2_L" sid="Arm_2_L" type="JOINT">
                            <matrix sid="transform">1 0 0 0.87866 0 1 0 0 0 0 1 0 0 0 0 1</matrix>
                            <node id="Armature_Wrist_L" name="Wrist_L" sid="Wrist_L" type="JOINT">
                              <matrix sid="transform">1 0 0 1.61306 0 1 0 0 0 0 1 0 0 0 0 1</matrix>
                              <node id="Armature_Hand_L" name="Hand_L" sid="Hand_L" type="JOINT">
                                <matrix sid="transform">1 0 0 0.08499997 0 1 0 0.6320004 0 0 1 0 0 0 0 1</matrix>
                              </node>
                            </node>
                          </node>
                        </node>
                      </node>
                    </node>
                    <node id="Armature_Clavicle_R" name="Clavicle_R" sid="Clavicle_R" type="JOINT">
                      <matrix sid="transform">1.192093E-07 1.504816E-07 1 0.908364 -6.305878E-08 -1 1.504816E-07 0 1 -6.305878E-08 1.192093E-07 -0.7 0 0 0 1</matrix>
                      <node id="Armature_Arm_1_R" name="Arm_1_R" sid="Arm_1_R" type="JOINT">
                        <matrix sid="transform">1 0 0 -0.988649 0 1 0 0 0 0 1 -0.21967 0 0 0 1</matrix>
                        <node id="Armature_Arm_1_R_Sub" name="Arm_1_R_Sub" sid="Arm_1_R_Sub" type="JOINT">
                          <matrix sid="transform">1 0 0 -0.69816 0 1 0 0 0 0 1 0 0 0 0 1</matrix>
                          <node id="Armature_Arm_2_R" name="Arm_2_R" sid="Arm_2_R" type="JOINT">
                            <matrix sid="transform">1 0 0 -0.878661 0 1 0 0 0 0 1 0 0 0 0 1</matrix>
                            <node id="Armature_Wrist_R" name="Wrist_R" sid="Wrist_R" type="JOINT">
                              <matrix sid="transform">1 0 0 -1.613063 0 1 0 0 0 0 1 0 0 0 0 1</matrix>
                              <node id="Armature_Hand_R" name="Hand_R" sid="Hand_R" type="JOINT">
                                <matrix sid="transform">1 0 0 -0.08499999 0 1 0 -0.6320004 0 0 1 -2.180631E-06 0 0 0 1</matrix>
                              </node>
                            </node>
                          </node>
                        </node>
                      </node>
                    </node>
                    <node id="Armature_Neck" name="Neck" sid="Neck" type="JOINT">
                      <matrix sid="transform">1 0 0 1.327899 0 1 0 0 0 0 1 0 0 0 0 1</matrix>
                      <node id="Armature_Head" name="Head" sid="Head" type="JOINT">
                        <matrix sid="transform">1 0 0 0.03170101 0 1 0 0 0 0 1 0 0 0 0 1</matrix>
                        <node id="Armature_Ear_1_L" name="Ear_1_L" sid="Ear_1_L" type="JOINT">
                          <matrix sid="transform">1 0 0 5.399332 0 1 0 -0.580462 0 0 1 2.17593 0 0 0 1</matrix>
                        </node>
                        <node id="Armature_Ear_1_R" name="Ear_1_R" sid="Ear_1_R" type="JOINT">
                          <matrix sid="transform">-1 -1.509958E-07 0 5.399315 1.509958E-07 -1 0 -0.5804622 0 0 1 -2.175933 0 0 0 1</matrix>
                        </node>
                        <node id="Armature_FaceRoot" name="FaceRoot" sid="FaceRoot" type="JOINT">
                          <matrix sid="transform">1 0 0 0 0 1 0 0 0 0 1 0 0 0 0 1</matrix>
                          <node id="Armature_Nose" name="Nose" sid="Nose" type="JOINT">
                            <matrix sid="transform">0.02868028 -0.9995885 0 1.426178 0.9995885 0.02868028 0 3.512926 0 0 1 0 0 0 0 1</matrix>
                          </node>
                        </node>
                        <node id="Armature_Feel" name="Feel" sid="Feel" type="JOINT">
                          <matrix sid="transform">2.086163E-07 1 -5.960464E-08 3.057939 -5.960464E-08 2.086163E-07 1 0.0778584 1 -5.960464E-08 2.086163E-07 0 0 0 0 1</matrix>
                        </node>
                      </node>
                    </node>
                  </node>
                </node>
              </node>
              <node id="Armature_Waist" name="Waist" sid="Waist" type="JOINT">
                <matrix sid="transform">2.086163E-07 5.960464E-08 -1 0 -1 2.086163E-07 -5.960464E-08 0 5.960464E-08 1 2.086163E-07 0 0 0 0 1</matrix>
                <node id="Armature_Leg_1_L" name="Leg_1_L" sid="Leg_1_L" type="JOINT">
                  <matrix sid="transform">1 0 0 -0.063815 0 1 0 0 0 0 1 -1.133617 0 0 0 1</matrix>
                  <node id="Armature_Leg_1_L_Sub" name="Leg_1_L_Sub" sid="Leg_1_L_Sub" type="JOINT">
                    <matrix sid="transform">1 0 0 0.856682 0 1 0 -0.00300495 0 0 1 0 0 0 0 1</matrix>
                    <node id="Armature_Leg_2_L" name="Leg_2_L" sid="Leg_2_L" type="JOINT">
                      <matrix sid="transform">1 0 0 0.905714 0 1 0 0.0003154 0 0 1 0 0 0 0 1</matrix>
                      <node id="Armature_Leg_2_L_Sub" name="Leg_2_L_Sub" sid="Leg_2_L_Sub" type="JOINT">
                        <matrix sid="transform">1 0 0 0.182077 0 1 0 4.48999E-06 0 0 1 0 0 0 0 1</matrix>
                        <node id="Armature_Ankle_L" name="Ankle_L" sid="Ankle_L" type="JOINT">
                          <matrix sid="transform">1 0 0 0.565037 0 1 0 0 0 0 1 0 0 0 0 1</matrix>
                          <node id="Armature_Toe_L" name="Toe_L" sid="Toe_L" type="JOINT">
                            <matrix sid="transform">7.54979E-08 -1 0 0.17727 1 7.54979E-08 0 0.3363641 0 0 1 0 0 0 0 1</matrix>
                          </node>
                        </node>
                      </node>
                    </node>
                  </node>
                </node>
                <node id="Armature_Leg_1_R" name="Leg_1_R" sid="Leg_1_R" type="JOINT">
                  <matrix sid="transform">-1 1.509958E-07 0 -0.063815 -1.509958E-07 -1 0 0 0 0 1 1.133617 0 0 0 1</matrix>
                  <node id="Armature_Leg_1_R_Sub" name="Leg_1_R_Sub" sid="Leg_1_R_Sub" type="JOINT">
                    <matrix sid="transform">1 0 0 -0.856682 0 1 0 0.00299782 0 0 1 0 0 0 0 1</matrix>
                    <node id="Armature_Leg_2_R" name="Leg_2_R" sid="Leg_2_R" type="JOINT">
                      <matrix sid="transform">1 0 0 -0.905714 0 1 0 -0.00023676 0 0 1 0 0 0 0 1</matrix>
                      <node id="Armature_Leg_2_R_Sub" name="Leg_2_R_Sub" sid="Leg_2_R_Sub" type="JOINT">
                        <matrix sid="transform">1 0 0 -0.182077 0 1 0 0 0 0 1 0 0 0 0 1</matrix>
                        <node id="Armature_Ankle_R" name="Ankle_R" sid="Ankle_R" type="JOINT">
                          <matrix sid="transform">1 0 0 -0.565037 0 1 0 0 0 0 1 0 0 0 0 1</matrix>
                          <node id="Armature_Toe_R" name="Toe_R" sid="Toe_R" type="JOINT">
                            <matrix sid="transform">7.54979E-08 -1 0 -0.17727 1 7.54979E-08 0 -0.3363641 0 0 1 0 0 0 0 1</matrix>
                          </node>
                        </node>
                      </node>
                    </node>
                  </node>
                </node>
                <node id="Armature_TailRoot" name="TailRoot" sid="TailRoot" type="JOINT">
                  <matrix sid="transform">1 0 0 0 0 1 0 0 0 0 1 0 0 0 0 1</matrix>
                  <node id="Armature_Tail_1" name="Tail_1" sid="Tail_1" type="JOINT">
                    <matrix sid="transform">7.54979E-08 1 0 -0.831173 -1 7.54979E-08 0 -1.731595 0 0 1 0 0 0 0 1</matrix>
                    <node id="Armature_Tail_2" name="Tail_2" sid="Tail_2" type="JOINT">
                      <matrix sid="transform">1 0 0 2.130095 0 1 0 0 0 0 1 0 0 0 0 1</matrix>
                      <node id="Armature_Z_Tail" name="Z_Tail" sid="Z_Tail" type="JOINT">
                        <matrix sid="transform">1 0 0 2.173232 0 1 0 -0.600756 0 0 1 0 0 0 0 1</matrix>
                      </node>
                    </node>
                  </node>
                </node>
              </node>
            </node>
          </node>
        </node>
      </node>
      <node id="Body__mBody" name="Body__mBody" type="NODE">
        <instance_controller url="#Armature_Body__mBody-mesh">
          <skeleton>#Armature_Root</skeleton>
          <bind_material>
            <technique_common>
              <instance_material symbol="mBody" target="#mBody" />
              <bind_vertex_input semantic="CHANNEL0" input_semantic="TEXCOORD" input_set="0" />
              <bind_vertex_input semantic="CHANNEL1" input_semantic="TEXCOORD" input_set="1" />
              <bind_vertex_input semantic="CHANNEL2" input_semantic="TEXCOORD" input_set="2" />
            </technique_common>
          </bind_material>
        </instance_controller>
      </node>
      <node id="Body__mCapVis" name="Body__mCapVis" type="NODE">
        <instance_controller url="#Armature_Body__mCapVis-mesh">
          <skeleton>#Armature_Root</skeleton>
          <bind_material>
            <technique_common>
              <instance_material symbol="mCapVis" target="#mCapVis" />
              <bind_vertex_input semantic="CHANNEL0" input_semantic="TEXCOORD" input_set="0" />
              <bind_vertex_input semantic="CHANNEL1" input_semantic="TEXCOORD" input_set="1" />
              <bind_vertex_input semantic="CHANNEL2" input_semantic="TEXCOORD" input_set="2" />
            </technique_common>
          </bind_material>
        </instance_controller>
      </node>
      <node id="Body__mEye" name="Body__mEye" type="NODE">
        <instance_controller url="#Armature_Body__mEye-mesh">
          <skeleton>#Armature_Root</skeleton>
          <bind_material>
            <technique_common>
              <instance_material symbol="mEye" target="#mEye" />
              <bind_vertex_input semantic="CHANNEL0" input_semantic="TEXCOORD" input_set="0" />
              <bind_vertex_input semantic="CHANNEL1" input_semantic="TEXCOORD" input_set="1" />
              <bind_vertex_input semantic="CHANNEL2" input_semantic="TEXCOORD" input_set="2" />
            </technique_common>
          </bind_material>
        </instance_controller>
      </node>
    </visual_scene>
  </library_visual_scenes>
  <scene>
    <instance_visual_scene url="#Scene" />
  </scene>
</COLLADA>